# This file uses centimeters as units for non-parametric coordinates.

mtllib arc.mtl
g default
v -4.731187 0.043744 -6.019243
v 2.176548 3.400809 -8.573887
v -3.678217 3.400810 -7.072220
v -2.176556 11.835677 -8.573887
v 2.176548 11.835677 -8.573887
v -4.731187 2.565804 -6.019243
v -3.678217 0.043744 -7.072220
v -3.678217 2.565803 -7.072213
v -4.731187 31.778099 -6.019250
v -2.176556 30.107399 -8.573887
v 2.176548 30.107399 -8.573887
v -3.678217 30.107402 -7.072226
v -4.731187 30.763327 -6.019250
v -3.678217 31.778099 -7.072226
v -3.678217 30.763327 -7.072220
v -3.678217 0.043744 -10.750429
v -3.678217 3.400809 -10.750429
v -2.176556 3.400809 -10.750429
v 2.176548 3.400809 -10.750429
v -2.176556 11.835677 -10.750436
v 2.176548 11.835677 -10.750436
v -3.678217 2.565803 -10.750429
v -4.731187 0.043744 -10.750429
v -4.731187 2.565803 -10.750429
v -3.678217 31.778099 -10.750436
v -3.678217 30.107399 -10.750436
v -2.176556 30.107399 -10.750436
v 2.176548 30.107399 -10.750436
v -2.176556 19.986167 -10.750436
v 2.176548 19.986167 -10.750436
v -3.678217 30.763323 -10.750429
v -4.731187 31.778099 -10.750436
v -4.731187 30.763323 -10.750429
v -2.176556 25.046784 -10.750429
v 2.176548 25.046784 -10.750429
v -3.054188 22.516477 -7.696242
v 2.176548 22.516477 -8.573887
v 2.176548 22.516477 -10.750436
v -3.054188 22.516477 -10.750436
v -3.054188 25.046784 -10.750429
v -2.176556 25.046784 -8.573887
v 3.054193 25.046784 -10.750429
v -2.176556 22.516477 -8.573887
v 3.054193 22.516477 -7.696242
v -3.730775 24.295100 -10.750429
v 3.730773 23.268155 -10.750429
v 3.730773 24.295100 -10.750429
v -2.176556 23.268155 -10.750436
v -2.176556 24.295100 -10.750436
v 2.176548 23.268155 -10.750436
v 3.054193 23.268155 -10.750436
v -3.054188 23.268155 -10.750436
v 3.054193 24.295100 -7.696242
v 3.054193 23.268155 -7.696235
v 4.731179 0.043744 -6.019243
v -2.176556 3.400809 -8.573887
v 3.678215 3.400810 -7.072220
v 4.731179 2.565804 -6.019243
v 3.678215 0.043744 -7.072220
v 3.678215 2.565803 -7.072213
v 4.731179 31.778099 -6.019250
v 3.678215 30.107402 -7.072226
v 2.176548 19.986167 -8.573887
v -2.176556 19.986167 -8.573887
v 4.731179 30.763327 -6.019250
v 3.678215 31.778099 -7.072226
v 3.678215 30.763327 -7.072220
v 3.678215 0.043744 -10.750429
v 3.678215 3.400809 -10.750429
v 3.678215 2.565803 -10.750429
v 4.731179 0.043744 -10.750429
v 4.731179 2.565803 -10.750429
v 3.678215 31.778099 -10.750436
v 3.678215 30.107399 -10.750436
v 3.678215 30.763323 -10.750429
v 4.731179 31.778099 -10.750436
v 4.731179 30.763323 -10.750429
v -0.000001 0.043744 -7.072220
v -0.000001 3.400810 -7.072220
v -0.000001 3.400809 -8.573887
v -0.000001 11.835677 -8.573887
v -0.000001 2.565803 -7.072213
v -0.000001 0.043744 -6.019243
v -0.000001 2.565804 -6.019243
v -0.000001 31.778099 -7.072226
v -0.000001 30.107402 -7.072226
v -0.000001 30.107399 -8.573887
v -0.000001 19.986167 -8.573887
v -0.000001 30.763327 -7.072220
v -0.000001 31.778099 -6.019250
v -0.000001 30.763327 -6.019250
v -0.000001 31.778099 -10.750436
v -0.000001 0.043744 -10.750429
v -3.054188 25.046784 -7.696235
v 3.054193 25.046784 -7.696235
v -0.000001 25.046784 -7.696235
v -2.176556 22.516477 -10.750436
v -0.000001 22.516477 -8.573887
v 3.054193 22.516477 -10.750436
v 2.176548 25.046784 -8.573887
v -0.000001 25.046784 -8.573887
v -0.000001 22.516477 -7.696242
v -3.730775 23.268155 -7.019662
v -3.730775 24.295102 -7.019655
v -3.730775 23.268155 -10.750429
v -0.000001 23.268155 -7.019655
v -0.000001 24.295102 -7.019655
v 3.730773 24.295104 -7.019655
v 3.730773 23.268155 -7.019662
v 2.176548 24.295100 -10.750436
v -3.054188 24.295100 -10.750436
v 3.054193 24.295100 -10.750436
v -0.000001 24.295100 -7.696242
v -3.054188 24.295100 -7.696242
v -0.000001 23.268155 -7.696235
v -3.054188 23.268155 -7.696235
v -4.731187 0.043746 6.019243
v -2.176556 3.400812 8.573880
v -3.678217 3.400812 7.072213
v -2.176556 11.835680 8.573880
v -4.731187 2.565805 6.019243
v -3.678217 0.043746 7.072213
v -3.678217 2.565806 7.072219
v -4.731187 31.778102 6.019236
v -2.176556 30.107402 8.573874
v 2.176548 30.107402 8.573874
v -3.678217 30.107399 7.072213
v -4.731187 30.763327 6.019243
v -3.678217 31.778099 7.072213
v -3.678217 30.763327 7.072213
v -3.678217 0.043747 10.750429
v -3.678217 3.400813 10.750429
v -2.176556 3.400813 10.750429
v 2.176548 3.400813 10.750429
v -2.176556 11.835680 10.750422
v 2.176548 11.835680 10.750422
v -3.678217 2.565806 10.750429
v -4.731187 0.043747 10.750429
v -4.731187 2.565806 10.750429
v -3.678217 31.778102 10.750422
v -3.678217 30.107402 10.750422
v -2.176556 30.107402 10.750422
v -2.176556 19.986172 10.750422
v 2.176548 19.986172 10.750422
v -3.678217 30.763330 10.750429
v -4.731187 31.778102 10.750422
v -4.731187 30.763330 10.750429
v -3.054188 25.046787 7.696235
v 2.176548 25.046787 10.750429
v 2.176548 22.516480 8.573880
v 2.176548 22.516480 10.750422
v -3.054188 25.046787 10.750429
v 3.054193 22.516480 7.696228
v -3.730775 24.295105 7.019655
v -2.176556 23.268158 10.750422
v -2.176556 24.295104 10.750429
v 2.176548 23.268158 10.750422
v 2.176548 24.295104 10.750429
v 3.054193 24.295104 10.750429
v 3.054193 23.268158 10.750422
v -3.054188 23.268158 10.750422
v 3.054193 24.295104 7.696228
v 3.054193 23.268158 7.696235
v 4.731179 0.043746 6.019243
v 2.176548 3.400812 8.573880
v 3.678215 3.400812 7.072213
v 2.176548 11.835680 8.573880
v 4.731179 2.565805 6.019243
v 3.678215 0.043746 7.072213
v 3.678215 2.565806 7.072219
v 4.731179 31.778102 6.019236
v 3.678215 30.107399 7.072213
v 2.176548 19.986172 8.573880
v -2.176556 19.986172 8.573880
v 4.731179 30.763327 6.019243
v 3.678215 31.778099 7.072213
v 3.678215 30.763327 7.072213
v 3.678215 0.043747 10.750429
v 3.678215 3.400813 10.750429
v 3.678215 2.565806 10.750429
v 4.731179 0.043747 10.750429
v 4.731179 2.565806 10.750429
v 3.678215 31.778102 10.750422
v 3.678215 30.107402 10.750422
v 2.176548 30.107402 10.750422
v 3.678215 30.763330 10.750429
v 4.731179 31.778102 10.750422
v 4.731179 30.763330 10.750429
v -0.000001 0.043746 7.072213
v -0.000001 3.400812 7.072213
v -0.000001 3.400812 8.573880
v -0.000001 11.835680 8.573880
v -0.000001 2.565806 7.072219
v -0.000001 0.043746 6.019243
v -0.000001 2.565805 6.019243
v -0.000001 31.778099 7.072213
v -0.000001 30.107399 7.072213
v -0.000001 30.107402 8.573874
v -0.000001 19.986172 8.573880
v -0.000001 30.763327 7.072213
v -0.000001 31.778102 6.019236
v -0.000001 30.763327 6.019243
v -0.000001 31.778102 10.750422
v -0.000001 0.043747 10.750429
v 3.054193 25.046787 7.696235
v -2.176556 25.046787 10.750429
v -0.000001 25.046787 7.696235
v -2.176556 22.516480 8.573880
v -2.176556 22.516480 10.750422
v -0.000001 22.516480 8.573880
v 3.054193 22.516480 10.750422
v -3.054188 22.516480 10.750422
v 3.054193 25.046787 10.750429
v 2.176548 25.046787 8.573880
v -0.000001 25.046787 8.573880
v -2.176556 25.046787 8.573880
v -0.000001 22.516480 7.696228
v -3.054188 22.516480 7.696228
v -3.730775 23.268157 7.019648
v 3.730773 23.268158 10.750422
v 3.730773 24.295104 10.750422
v -3.730775 23.268158 10.750422
v -3.730775 24.295104 10.750422
v -0.000001 23.268157 7.019648
v -0.000001 24.295102 7.019655
v 3.730773 24.295105 7.019655
v 3.730773 23.268157 7.019648
v -3.054188 24.295104 10.750429
v -0.000001 24.295104 7.696228
v -3.054188 24.295104 7.696228
v -0.000001 23.268158 7.696235
v -3.054188 23.268158 7.696235
v -3.432894 15.274151 -9.952533
v -3.432894 3.400730 -9.954291
v -3.432894 24.966628 -1.941974
v -3.432894 24.400152 -3.809336
v -3.432894 23.480275 -5.530303
v -3.432894 22.242327 -7.038716
v -3.432894 20.733908 -8.276656
v -3.432894 19.012938 -9.196532
v -3.432894 17.145576 -9.763003
v -3.432894 15.203627 -8.516310
v -3.432894 3.400730 -8.516310
v -3.432894 23.556297 -1.661461
v -3.432894 23.071667 -3.259065
v -3.432894 22.284670 -4.731416
v -3.432894 21.225557 -6.021947
v -3.432894 19.935025 -7.081058
v -3.432894 18.462666 -7.868049
v -3.432894 16.865064 -8.352672
v -2.792029 25.644417 -2.076807
v -2.792029 25.038615 -4.073799
v -2.792029 24.054877 -5.914239
v -2.792029 22.730986 -7.527381
v -2.792029 21.117845 -8.851263
v -2.792029 19.277401 -9.834996
v -2.792029 17.281315 -10.440515
v -2.792029 3.400730 -9.954291
v -2.792029 15.274151 -9.952533
v -2.792029 3.400809 -10.642033
v -2.792029 24.966628 -1.941974
v -2.792029 24.400152 -3.809336
v -2.792029 17.145576 -9.763003
v -2.792029 19.012938 -9.196532
v -2.792029 20.733908 -8.276656
v -2.792029 22.242327 -7.038716
v -2.792029 23.480275 -5.530303
v -2.792029 27.608485 -2.076800
v -3.432894 9.337441 -9.953412
v -3.432894 9.302179 -8.516310
v -2.792029 9.337441 -9.953412
v -2.792029 9.354869 -10.641147
v -1.396021 3.400809 -10.642033
v -1.396021 25.644417 -2.076807
v -1.396021 25.038615 -4.073799
v -1.396021 24.054877 -5.914239
v -1.396021 22.730986 -7.527381
v -1.396021 21.117845 -8.851263
v -1.396021 19.277401 -9.834996
v -1.396021 17.281315 -10.440515
v -1.396021 27.608485 -2.076800
v -1.396021 9.354869 -10.641147
v -3.432894 12.305796 -9.952972
v -3.432894 12.252904 -8.516310
v -2.792029 12.305796 -9.952972
v -1.396021 12.331898 -10.640707
v -2.792029 15.308927 -10.640268
v -1.396021 15.308927 -10.640268
v -2.792029 12.331898 -10.640707
v -2.792029 15.309075 -11.636795
v -1.396021 15.309075 -11.636795
v -2.792029 12.332045 -11.637235
v -1.396021 12.332045 -11.637235
v 3.432886 15.274151 -9.952533
v 3.432886 3.400730 -9.954291
v 3.432892 24.966628 -1.941974
v 3.432892 24.400152 -3.809336
v 3.432892 23.480275 -5.530303
v 3.432892 22.242327 -7.038716
v 3.432892 20.733908 -8.276656
v 3.432892 19.012938 -9.196532
v 3.432886 17.145576 -9.763003
v 3.432886 15.203627 -8.516310
v 3.432886 3.400730 -8.516310
v 3.432892 23.556297 -1.661461
v 3.432892 23.071667 -3.259065
v 3.432892 22.284670 -4.731416
v 3.432892 21.225557 -6.021947
v 3.432892 19.935025 -7.081058
v 3.432892 18.462666 -7.868049
v 3.432886 16.865064 -8.352672
v -0.000001 16.865064 -8.352672
v -0.000001 18.462666 -7.868049
v -0.000001 19.935025 -7.081058
v -0.000001 21.225557 -6.021947
v -0.000001 22.284670 -4.731416
v -0.000001 23.071667 -3.259065
v -0.000001 23.556297 -1.661461
v -0.000001 3.400730 -8.516310
v -0.000001 15.203627 -8.516310
v 2.792020 25.644417 -2.076807
v 2.792020 25.038615 -4.073799
v 2.792020 24.054877 -5.914239
v 2.792020 22.730986 -7.527381
v 2.792020 21.117845 -8.851263
v 2.792020 19.277401 -9.834996
v 2.792020 17.281315 -10.440515
v 2.792020 3.400730 -9.954291
v 2.792020 15.274151 -9.952533
v 2.792020 3.400809 -10.642033
v -0.000001 3.400809 -10.642033
v -0.000001 17.281315 -10.440515
v -0.000001 15.308927 -10.640268
v -0.000001 19.277401 -9.834996
v -0.000001 21.117845 -8.851263
v -0.000001 22.730986 -7.527381
v -0.000001 24.054877 -5.914239
v -0.000001 25.038615 -4.073799
v -0.000001 25.644417 -2.076807
v 2.792020 24.966628 -1.941974
v 2.792020 24.400152 -3.809336
v 2.792020 17.145576 -9.763003
v 2.792020 19.012938 -9.196532
v 2.792020 20.733908 -8.276656
v 2.792020 22.242327 -7.038716
v 2.792020 23.480275 -5.530303
v -0.000001 27.608485 -2.076800
v 2.792020 27.608485 -2.076800
v 3.432886 9.337441 -9.953412
v 3.432886 9.302179 -8.516310
v -0.000001 9.302179 -8.516310
v -0.000001 9.354869 -10.641147
v 2.792020 9.337441 -9.953412
v 2.792020 9.354869 -10.641147
v 1.396013 3.400809 -10.642033
v 1.396013 25.644417 -2.076807
v 1.396013 25.038615 -4.073799
v 1.396013 24.054877 -5.914239
v 1.396013 22.730986 -7.527381
v 1.396013 21.117845 -8.851263
v 1.396013 19.277401 -9.834996
v 1.396013 17.281315 -10.440515
v 1.396013 27.608485 -2.076800
v 1.396013 9.354869 -10.641147
v 3.432886 12.305796 -9.952972
v 3.432886 12.252904 -8.516310
v -0.000001 12.252904 -8.516310
v -0.000001 12.331898 -10.640707
v 2.792020 12.305796 -9.952972
v 1.396013 12.331898 -10.640707
v 2.792020 15.308927 -10.640268
v 1.396013 15.308927 -10.640268
v 2.792020 12.331898 -10.640707
v 2.792020 15.309075 -11.636795
v 1.396013 15.309075 -11.636795
v 2.792020 12.332045 -11.637235
v 1.396013 12.332045 -11.637235
v -3.432894 15.274154 9.952532
v -3.432894 3.400733 9.954284
v -3.432894 25.157914 -0.000007
v -3.432894 24.966631 1.941960
v -3.432894 24.400154 3.809329
v -3.432894 23.480278 5.530290
v -3.432894 22.242330 7.038716
v -3.432894 20.733908 8.276656
v -3.432894 19.012943 9.196531
v -3.432894 17.145578 9.762996
v -3.432894 15.203631 8.516303
v -3.432894 3.400733 8.516303
v -3.432894 23.719937 -0.000007
v -3.432894 23.556299 1.661454
v -3.432894 23.071667 3.259052
v -3.432894 22.284672 4.731409
v -3.432894 21.225559 6.021940
v -3.432894 19.935027 7.081051
v -3.432894 18.462668 7.868042
v -3.432894 16.865067 8.352665
v -2.792029 25.644421 2.076793
v -2.792029 25.038618 4.073792
v -2.792029 24.054879 5.914232
v -2.792029 22.730988 7.527374
v -2.792029 21.117850 8.851256
v -2.792029 19.277405 9.834995
v -2.792029 17.281316 10.440514
v -2.792029 3.400733 9.954284
v -2.792029 15.274154 9.952532
v -2.792029 25.848988 -0.000007
v -2.792029 3.400812 10.642019
v -2.792029 24.966631 1.941960
v -2.792029 24.400154 3.809329
v -2.792029 17.145578 9.762996
v -2.792029 19.012943 9.196531
v -2.792029 20.733909 8.276656
v -2.792029 22.242330 7.038716
v -2.792029 23.480278 5.530290
v -2.792029 25.157918 -0.000007
v -2.792029 27.608485 2.076793
v -2.792029 27.608485 -0.000000
v -3.432894 9.337443 9.953405
v -3.432894 9.302181 8.516303
v -2.792029 9.337443 9.953405
v -2.792029 9.354871 10.641146
v -1.396021 3.400812 10.642019
v -1.396021 25.644421 2.076793
v -1.396021 25.038618 4.073792
v -1.396021 24.054879 5.914232
v -1.396021 22.730988 7.527374
v -1.396021 21.117850 8.851256
v -1.396021 19.277405 9.834995
v -1.396021 17.281316 10.440514
v -1.396021 27.608485 2.076793
v -1.396021 27.608485 -0.000000
v -1.396021 9.354871 10.641146
v -3.432894 12.305799 9.952965
v -3.432894 12.252906 8.516296
v -2.792029 12.305799 9.952965
v -1.396021 12.331902 10.640707
v -2.792029 15.308932 10.640267
v -1.396021 15.308932 10.640267
v -2.792029 12.331902 10.640707
v -2.792029 15.309080 11.636788
v -1.396021 15.309080 11.636788
v -2.792029 12.332049 11.637234
v -1.396021 12.332049 11.637234
v 3.432886 15.274154 9.952532
v 3.432886 3.400733 9.954284
v 3.432892 25.157914 -0.000007
v 3.432892 24.966631 1.941960
v 3.432892 24.400154 3.809329
v 3.432892 23.480278 5.530290
v 3.432892 22.242330 7.038716
v 3.432892 20.733908 8.276656
v 3.432892 19.012943 9.196531
v 3.432886 17.145578 9.762996
v 3.432886 15.203631 8.516303
v 3.432886 3.400733 8.516303
v 3.432892 23.719937 -0.000007
v 3.432892 23.556299 1.661454
v 3.432892 23.071667 3.259052
v 3.432892 22.284672 4.731409
v 3.432892 21.225559 6.021940
v 3.432892 19.935027 7.081051
v 3.432892 18.462668 7.868042
v 3.432886 16.865067 8.352665
v -0.000001 16.865067 8.352665
v -0.000001 18.462668 7.868042
v -0.000001 19.935027 7.081051
v -0.000001 21.225559 6.021940
v -0.000001 22.284672 4.731409
v -0.000001 23.071667 3.259052
v -0.000001 23.556299 1.661454
v -0.000001 23.719937 -0.000007
v -0.000001 3.400733 8.516303
v -0.000001 15.203631 8.516303
v 2.792020 25.644421 2.076793
v 2.792020 25.038618 4.073792
v 2.792020 24.054879 5.914232
v 2.792020 22.730988 7.527374
v 2.792020 21.117850 8.851256
v 2.792020 19.277405 9.834995
v 2.792020 17.281316 10.440514
v 2.792020 3.400733 9.954284
v 2.792020 15.274154 9.952532
v 2.792020 25.848988 -0.000007
v 2.792020 3.400812 10.642019
v -0.000001 3.400812 10.642019
v -0.000001 17.281316 10.440514
v -0.000001 15.308932 10.640267
v -0.000001 19.277405 9.834995
v -0.000001 21.117850 8.851256
v -0.000001 22.730988 7.527374
v -0.000001 24.054879 5.914232
v -0.000001 25.038618 4.073792
v -0.000001 25.644421 2.076793
v 2.792020 24.966631 1.941960
v 2.792020 24.400154 3.809329
v 2.792020 17.145578 9.762996
v 2.792020 19.012943 9.196531
v 2.792020 20.733909 8.276656
v 2.792020 22.242330 7.038716
v 2.792020 23.480278 5.530290
v 2.792020 25.157918 -0.000007
v -0.000001 25.848988 -0.000007
v -0.000001 27.608485 2.076793
v 2.792020 27.608485 2.076793
v -0.000001 27.608485 -0.000000
v 2.792020 27.608485 -0.000000
v 3.432886 9.337443 9.953405
v 3.432886 9.302181 8.516303
v -0.000001 9.302181 8.516303
v -0.000001 9.354871 10.641146
v 2.792020 9.337443 9.953405
v 2.792020 9.354871 10.641146
v 1.396013 3.400812 10.642019
v 1.396013 25.644421 2.076793
v 1.396013 25.038618 4.073792
v 1.396013 24.054879 5.914232
v 1.396013 22.730988 7.527374
v 1.396013 21.117850 8.851256
v 1.396013 19.277405 9.834995
v 1.396013 17.281316 10.440514
v 1.396013 27.608485 2.076793
v 1.396013 27.608485 -0.000000
v 1.396013 9.354871 10.641146
v 3.432886 12.305799 9.952965
v 3.432886 12.252906 8.516296
v -0.000001 12.252906 8.516296
v -0.000001 12.331902 10.640707
v 2.792020 12.305799 9.952965
v 1.396013 12.331902 10.640707
v 2.792020 15.308932 10.640267
v 1.396013 15.308932 10.640267
v 2.792020 12.331902 10.640707
v 2.792020 15.309080 11.636788
v 1.396013 15.309080 11.636788
v 2.792020 12.332049 11.637234
v 1.396013 12.332049 11.637234
v -1.739479 22.684719 -10.750423
v -1.739479 24.792432 -10.750429
v -1.236983 22.684719 -10.750423
v -1.236983 24.792432 -10.750429
v -2.354531 23.301327 -10.750429
v -1.236983 1.265251 -10.750423
v -1.236983 31.135300 -10.750423
v -1.236983 2.798444 -10.750429
v -2.354531 1.265251 -10.750423
v -1.739479 2.181839 -10.750423
v -3.465545 1.265251 -10.750423
v -1.739479 24.792436 10.750416
v -1.236983 24.792434 -0.000000
v -1.236983 22.684723 10.750416
v -1.236983 24.792436 10.750416
v -1.739479 24.175830 10.750416
v -1.236983 1.265255 10.750422
v -1.063758 31.308538 10.750422
v -1.236983 2.798448 10.750416
v -2.354531 1.265255 10.750422
v -2.354531 2.181842 10.750422
v -3.465545 1.265255 10.750422
v -3.465545 0.043747 10.750422
v -3.465545 0.043744 -10.750423
v -1.236983 16.200276 -10.750429
v -1.236983 16.200280 10.750422
v -1.236983 8.732764 -10.750429
v -1.236983 8.732767 10.750416
v -1.236983 23.667789 -10.750429
v -1.236983 23.667792 10.750416
v -1.236983 4.999008 -10.750423
v -1.236983 4.999011 10.750422
v -1.236983 19.934033 -10.750423
v -1.236983 19.934036 10.750422
v -1.236983 12.466521 -10.750423
v -1.236983 12.466524 10.750422
v -1.236983 27.401544 -10.750429
v -1.236983 27.401547 10.750416
v -1.739479 24.484129 -10.750429
v -1.236983 24.484130 -0.000007
v -1.236983 24.792432 -5.375215
v -1.488224 22.684719 -10.750423
v -1.488224 24.792432 -10.750429
v -1.488224 24.792434 -0.000000
v -1.739479 22.993023 -10.750423
v -1.739479 23.301327 -5.375221
v -2.354531 23.738577 -10.750423
v -2.354531 24.175828 -5.375215
v -2.047005 24.175826 -10.750429
v -2.047005 23.301327 -10.750429
v -1.739479 24.792434 5.375208
v -1.739479 24.484132 10.750416
v -1.236983 24.792434 5.375208
v -1.488224 22.684723 10.750416
v -1.488224 24.792436 10.750416
v -1.739479 22.993027 10.750422
v -1.739479 24.175830 5.375208
v -2.354531 23.738580 10.750416
v -2.354531 24.175830 5.375208
v -2.047005 24.175830 10.750416
v -2.047005 23.301330 10.750416
v -2.047005 23.301329 5.375208
v -2.354531 23.738578 5.375208
v -2.047005 24.175830 5.375208
v -1.739479 22.993027 5.375208
v -1.488224 24.484130 -0.000007
v -1.488224 24.792434 5.375208
v -1.739479 24.484132 5.375208
v -2.047005 23.301327 -5.375221
v -2.354531 23.738577 -5.375215
v -2.047005 24.175828 -5.375215
v -1.739479 22.993025 -5.375215
v -1.488224 24.792432 -5.375215
v -1.739479 24.484130 -5.375215
v -1.739479 24.792432 -8.062822
v -1.739479 24.638279 -10.750429
v -1.236983 24.638280 -0.000007
v -1.236983 24.792432 -8.062822
v -1.362597 22.684719 -10.750423
v -1.613851 24.792432 -10.750429
v -1.613851 24.792434 -0.000000
v -1.739479 23.147174 -10.750423
v -2.354531 23.957201 -10.750429
v -2.354531 24.175828 -2.687608
v -1.893242 24.175826 -10.750429
v -1.893242 23.301327 -10.750429
v -1.739479 24.638282 10.750422
v -1.236983 24.792434 8.062808
v -1.362597 22.684723 10.750416
v -1.613851 24.792436 10.750416
v -1.739479 23.147177 10.750422
v -1.739479 24.175828 2.687600
v -2.354531 23.957204 10.750422
v -2.354531 24.175828 2.687600
v -1.893242 24.175830 10.750416
v -1.893242 23.301330 10.750416
v -1.739479 24.329978 -10.750429
v -1.236983 22.684719 -8.062822
v -1.236983 24.792432 -2.687608
v -1.613851 22.684719 -10.750423
v -1.362597 24.792432 -10.750429
v -1.739479 22.838871 -10.750423
v -1.739479 23.301327 -8.062822
v -2.354531 23.519951 -10.750423
v -2.354531 23.301327 -8.062822
v -2.200768 24.175826 -10.750429
v -2.200768 23.301327 -10.750429
v -1.739479 24.329982 10.750422
v -1.236983 22.684721 8.062815
v -1.236983 24.792434 2.687600
v -1.613851 22.684723 10.750416
v -1.362597 24.792436 10.750416
v -1.739479 22.838875 10.750422
v -1.739479 23.301330 8.062808
v -1.739479 24.175830 8.062808
v -2.354531 23.519954 10.750422
v -2.354531 23.301330 8.062808
v -2.354531 24.175830 8.062808
v -2.200768 24.175830 10.750416
v -2.200768 23.301330 10.750416
v -2.047005 23.301330 8.062808
v -1.893242 23.301329 5.375208
v -2.200768 23.301329 5.375208
v -2.354531 23.738580 8.062815
v -2.354531 23.519954 5.375208
v -2.354531 23.957204 5.375208
v -2.047005 24.175828 2.687600
v -2.047005 24.175830 8.062808
v -1.893242 24.175830 5.375208
v -2.200768 24.175830 5.375208
v -1.739479 22.993027 8.062815
v -1.739479 22.838875 5.375208
v -1.739479 23.147177 5.375208
v -1.488224 24.638280 -0.000007
v -1.613851 24.484130 -0.000007
v -1.362597 24.484130 -0.000007
v -1.488224 24.792434 8.062808
v -1.488224 24.792434 2.687600
v -1.613851 24.792434 5.375208
v -1.362597 24.792434 5.375208
v -1.488224 22.684721 8.062815
v -1.739479 24.484132 8.062808
v -1.739479 24.484132 2.687600
v -1.739479 24.329982 5.375208
v -1.739479 24.638282 5.375208
v -2.200768 23.301327 -5.375221
v -1.893242 23.301327 -5.375221
v -2.047005 23.301327 -8.062822
v -2.354531 23.957202 -5.375215
v -2.354531 23.519953 -5.375215
v -2.354531 23.738577 -8.062822
v -2.200768 24.175828 -5.375215
v -1.893242 24.175828 -5.375215
v -2.047005 24.175826 -8.062822
v -2.047005 24.175828 -2.687608
v -1.739479 23.147175 -5.375208
v -1.739479 22.838873 -5.375215
v -1.739479 22.993025 -8.062816
v -1.362597 24.792432 -5.375215
v -1.613851 24.792432 -5.375215
v -1.488224 24.792432 -2.687608
v -1.488224 24.792432 -8.062822
v -1.488224 22.684719 -8.062822
v -1.739479 24.638280 -5.375215
v -1.739479 24.329980 -5.375215
v -1.739479 24.484130 -2.687608
v -1.739479 24.484130 -8.062822
v -1.739479 24.329980 -8.062822
v -1.739479 24.329980 -2.687614
v -1.739479 24.638280 -2.687608
v -1.613851 22.684719 -8.062822
v -1.362597 22.684719 -8.062822
v -1.613851 24.792432 -8.062822
v -1.613851 24.792432 -2.687608
v -1.362597 24.792432 -2.687608
v -1.739479 22.838871 -8.062816
v -1.893242 24.175828 -2.687608
v -1.893242 24.175826 -8.062822
v -2.200768 24.175826 -8.062822
v -2.354531 23.519953 -8.062816
v -2.354531 23.957202 -2.687608
v -1.893242 23.301327 -8.062822
v -1.739479 24.638280 2.687600
v -1.739479 24.329982 2.687600
v -1.739479 24.329982 8.062815
v -1.362597 22.684721 8.062815
v -1.613851 22.684721 8.062815
v -1.362597 24.792434 2.687600
v -1.613851 24.792434 2.687600
v -1.613851 24.792434 8.062808
v -1.613851 24.638280 -0.000007
v -1.739479 22.838875 8.062815
v -2.200768 24.175830 8.062808
v -1.893242 24.175830 8.062808
v -1.893242 24.175828 2.687600
v -2.354531 23.957204 2.687600
v -2.354531 23.519954 8.062815
v -1.893242 23.301330 8.062808
v -2.200768 23.301330 8.062808
v -2.354531 23.957204 8.062815
v -2.200768 24.175828 2.687600
v -1.739479 23.147177 8.062815
v -1.362597 24.638280 -0.000007
v -1.362597 24.792434 8.062808
v -1.739479 24.638282 8.062815
v -2.200768 23.301327 -8.062822
v -2.354531 23.957202 -8.062822
v -2.200768 24.175828 -2.687608
v -1.739479 23.147175 -8.062816
v -1.362597 24.792432 -8.062822
v -1.739479 24.638279 -8.062822
v -1.739479 24.638280 -0.000007
v -1.739479 24.792434 -0.000000
v -1.739479 24.175828 -2.687608
v -1.063758 31.308538 -0.000007
v -1.063758 31.308535 -10.750423
v -1.236983 31.135300 -1.343804
v -1.236983 31.135300 -0.000007
v -1.739479 2.798444 -10.750429
v -1.739479 24.792434 8.062808
v -1.236983 31.135304 1.343797
v -1.739479 2.798448 10.750416
v -1.236983 31.135300 -6.719018
v -1.236983 31.135300 -5.375215
v -1.236983 31.135304 6.719011
v -1.236983 31.135304 5.375208
v -1.236983 31.135300 -4.031411
v -1.236983 31.135300 -2.687608
v -1.236983 31.135304 4.031404
v -1.236983 31.135304 2.687600
v -1.236983 31.135300 -9.406626
v -1.236983 31.135300 -8.062822
v -1.236983 31.135304 9.406619
v -1.236983 31.135304 8.062815
v -1.236983 31.135304 10.750422
v -1.739479 24.484130 -0.000007
v -1.739479 22.684719 -8.062822
v -1.739479 24.792432 -2.687608
v -1.739479 24.792432 -5.375215
v -1.362597 24.792434 -0.000000
v -1.739479 24.175826 -8.062822
v -1.739479 24.175828 -5.375215
v -2.354531 23.301327 -5.375221
v -2.354531 24.175826 -8.062822
v -1.739479 22.684721 8.062815
v -1.739479 24.792434 2.687600
v -1.739479 23.301329 5.375208
v -2.354531 23.301329 5.375208
v -1.739479 23.301327 -10.750429
v -1.739479 24.175826 -10.750429
v -2.354531 24.175826 -10.750429
v -1.739479 22.684723 10.750416
v -1.739479 23.301330 10.750416
v -2.354531 23.301330 10.750416
v -2.354531 24.175830 10.750416
v -2.354531 2.181839 -10.750423
v -1.739479 2.181842 10.750422
v -1.236983 4.999011 9.953143
v -1.236983 1.265255 9.953753
v -1.236983 2.798448 9.953497
v -1.739479 2.798448 9.953497
v -1.739479 2.181842 9.953602
v -2.354531 2.181842 9.953602
v -2.354531 1.265255 9.953753
v -3.465545 0.043747 9.953943
v -3.465545 1.265255 9.953753
v -1.236983 1.265252 -9.953930
v -1.236983 2.798445 -9.953773
v -1.739479 2.181839 -9.953832
v -2.354531 2.181839 -9.953832
v -2.354531 1.265252 -9.953930
v -3.465545 1.265252 -9.953930
v -2.827736 1.265252 -9.953930
v -3.465545 0.043744 -9.954062
v -1.236983 8.732767 9.952716
v -1.236983 16.373606 -9.763009
v -1.236983 16.200278 -9.780561
v -1.236983 21.470372 7.038703
v -2.354531 23.519953 -4.011825
v -2.354531 23.628184 -3.809329
v -1.236983 23.356839 -4.316983
v -1.236983 23.628184 -3.809329
v -1.236983 24.194658 -1.941974
v -1.739479 24.194658 -1.941974
v -1.739479 24.329982 -0.568171
v -1.236983 19.961954 8.276649
v -1.488224 24.385947 -0.000007
v -1.613851 24.385947 -0.000007
v -1.659454 24.385947 -0.000007
v -1.282585 24.385947 -0.000007
v -1.362597 24.385947 -0.000007
v -1.236983 24.385947 -0.000007
v -1.739479 24.385947 -0.000007
v -1.236983 21.470360 -7.038716
v -1.739479 22.708306 -5.530297
v -1.739479 22.791203 -5.375215
v -1.236983 22.708306 -5.530297
v -1.739479 22.838871 -5.286030
v -1.739479 23.147175 -4.709238
v -1.739479 23.301325 -4.420845
v -1.739479 22.993025 -4.997631
v -2.354531 23.301325 -4.420845
v -1.893242 23.301325 -4.420845
v -2.200768 23.301325 -4.420845
v -2.047005 23.301325 -4.420845
v -1.739479 24.329980 0.568157
v -1.236983 24.194660 1.941953
v -1.739479 24.194660 1.941953
v -1.236983 18.240968 -9.196538
v -1.236983 19.961936 -8.276663
v -1.236983 19.934031 -8.291571
v -1.739479 24.175828 2.004026
v -2.354531 24.175828 2.004026
v -2.354531 23.968464 2.687600
v -1.893242 24.175828 2.004026
v -2.200768 24.175828 2.004026
v -2.047005 24.175828 2.004026
v -2.354531 23.957204 2.724726
v -1.236983 23.667791 3.678774
v -2.354531 23.738578 3.445426
v -2.354531 23.628192 3.809316
v -1.236983 23.628192 3.809316
v -1.236983 23.667789 -3.678781
v -2.354531 23.738578 -3.445426
v -1.739479 24.175830 -2.004052
v -1.893242 24.175830 -2.004052
v -2.200768 24.175828 -2.004052
v -2.047005 24.175830 -2.004052
v -2.354531 23.957202 -2.724739
v -2.354531 23.968465 -2.687608
v -2.354531 24.175828 -2.004052
v -1.236983 16.373624 9.762996
v -1.236983 16.200281 9.780548
v -1.236983 12.466523 9.902888
v -1.236983 19.934038 8.291570
v -1.236983 18.240988 9.196518
v -1.236983 12.466520 -9.952749
v -1.236983 8.732764 -9.953143
v -1.236983 4.999008 -9.953537
v -1.739479 2.798444 -9.953773
v -1.739479 22.838875 5.286030
v -1.739479 22.791205 5.375208
v -1.236983 22.708318 5.530283
v -1.739479 22.708318 5.530283
v -1.362597 22.684721 5.559036
v -1.488224 22.684721 5.559036
v -1.739479 22.684721 5.559036
v -1.613851 22.684721 5.559036
v -1.236983 22.684721 5.559036
v -2.354531 23.519953 4.011811
v -1.739479 23.301329 4.420832
v -2.047005 23.301329 4.420832
v -1.893242 23.301329 4.420832
v -1.739479 22.993027 4.997630
v -2.200768 23.301329 4.420832
v -1.739479 23.147177 4.709238
v -1.236983 23.471773 4.101954
v -2.354531 23.301329 4.420832
v -1.613851 22.684719 -5.559043
v -1.236983 22.684719 -5.559043
v -1.739479 22.684719 -5.559043
v -1.362597 22.684719 -5.559043
v -1.488224 22.684719 -5.559043
v 1.739464 24.792432 -10.750429
v 1.236981 22.684719 -10.750423
v 1.236981 24.792432 -10.750429
v 1.739464 23.301327 -10.750429
v 1.739464 24.175826 -10.750429
v 1.236981 1.265251 -10.750423
v -0.000001 31.308535 -10.750423
v 1.236981 31.135300 -10.750423
v 1.739464 2.798444 -10.750429
v 1.236981 2.798444 -10.750429
v 1.739464 2.181839 -10.750423
v 1.739464 24.792436 10.750416
v 1.236981 24.792434 -0.000000
v 1.236981 22.684723 10.750416
v 1.236981 24.792436 10.750416
v 1.739464 23.301330 10.750416
v 2.354529 24.175830 10.750416
v 1.236981 1.265255 10.750422
v -0.000001 31.308538 -0.000007
v -0.000001 31.308538 10.750422
v 1.063743 31.308538 10.750422
v 1.236981 2.798448 10.750416
v 2.354529 1.265255 10.750422
v 2.354529 2.181842 10.750422
v 3.465549 1.265255 10.750422
v 3.465549 0.043747 10.750422
v 3.465549 0.043744 -10.750423
v 1.236981 16.200276 -10.750429
v 1.236981 16.200280 10.750422
v 1.236981 8.732764 -10.750429
v 1.236981 8.732767 10.750416
v 1.236981 23.667789 -10.750429
v 1.236981 23.667792 10.750416
v 1.236981 4.999008 -10.750423
v 1.236981 4.999011 10.750422
v 1.236981 19.934033 -10.750423
v 1.236981 19.934036 10.750422
v 1.236981 12.466521 -10.750423
v 1.236981 12.466524 10.750422
v 1.236981 27.401544 -10.750429
v 1.236981 27.401547 10.750416
v 1.739464 24.484129 -10.750429
v 1.236981 24.484130 -0.000007
v 1.236981 24.792432 -5.375215
v 1.488222 22.684719 -10.750423
v 1.488222 24.792432 -10.750429
v 1.739464 22.993023 -10.750423
v 1.739464 23.301327 -5.375221
v 1.739464 24.175828 -5.375215
v 2.354529 23.738577 -10.750423
v 2.047003 24.175826 -10.750429
v 2.047003 23.301327 -10.750429
v 1.739464 24.484132 10.750416
v 1.236981 24.792434 5.375208
v 1.488222 22.684723 10.750416
v 1.488222 24.792436 10.750416
v 1.739464 22.993027 10.750422
v 1.739464 24.175830 5.375208
v 2.354529 23.738580 10.750416
v 2.354529 23.301329 5.375208
v 2.354529 24.175830 5.375208
v 2.047003 24.175830 10.750416
v 2.047003 23.301330 10.750416
v 2.047003 23.301329 5.375208
v 2.354529 23.738578 5.375208
v 2.047003 24.175830 5.375208
v 1.739464 22.993027 5.375208
v 1.488222 24.484130 -0.000007
v 1.488222 24.792434 5.375208
v 1.739464 24.484132 5.375208
v 2.047003 23.301327 -5.375221
v 2.354529 23.738577 -5.375215
v 2.047003 24.175828 -5.375215
v 1.739464 22.993025 -5.375215
v 1.488222 24.792432 -5.375215
v 1.739464 24.484130 -5.375215
v 1.739464 24.638279 -10.750429
v 1.236981 24.638280 -0.000007
v 1.236981 24.792432 -8.062822
v 1.362602 22.684719 -10.750423
v 1.613850 24.792432 -10.750429
v 1.739464 23.147174 -10.750423
v 2.354529 23.957201 -10.750429
v 1.893227 24.175826 -10.750429
v 1.893227 23.301327 -10.750429
v 1.739464 24.792434 8.062808
v 1.739464 24.638282 10.750422
v 1.236981 24.792434 8.062808
v 1.362602 22.684723 10.750416
v 1.613850 24.792436 10.750416
v 1.739464 23.147177 10.750422
v 1.739464 24.175828 2.687600
v 2.354529 23.957204 10.750422
v 1.893227 24.175830 10.750416
v 1.893227 23.301330 10.750416
v 1.739464 22.684719 -8.062822
v 1.739464 24.792432 -2.687608
v 1.739464 24.329978 -10.750429
v 1.236981 22.684719 -8.062822
v 1.236981 24.792432 -2.687608
v 1.613850 22.684719 -10.750423
v 1.362602 24.792432 -10.750429
v 1.739464 22.838871 -10.750423
v 2.354529 23.519951 -10.750423
v 2.354529 24.175826 -8.062822
v 2.200766 24.175826 -10.750429
v 2.200766 23.301327 -10.750429
v 1.739464 22.684721 8.062815
v 1.739464 24.792434 2.687600
v 1.739464 24.329982 10.750422
v 1.236981 22.684721 8.062815
v 1.236981 24.792434 2.687600
v 1.613850 22.684723 10.750416
v 1.362602 24.792436 10.750416
v 1.739464 22.838875 10.750422
v 2.354529 23.519954 10.750422
v 2.354529 23.301330 8.062808
v 2.200766 24.175830 10.750416
v 2.200766 23.301330 10.750416
v 2.047003 23.301330 8.062808
v 1.893227 23.301329 5.375208
v 2.200766 23.301329 5.375208
v 2.354529 23.738580 8.062815
v 2.354529 23.519954 5.375208
v 2.354529 23.957204 5.375208
v 2.047003 24.175828 2.687600
v 2.047003 24.175830 8.062808
v 1.893227 24.175830 5.375208
v 2.200766 24.175830 5.375208
v 1.739464 22.993027 8.062815
v 1.739464 22.838875 5.375208
v 1.739464 23.147177 5.375208
v 1.488222 24.638280 -0.000007
v 1.613850 24.484130 -0.000007
v 1.362602 24.484130 -0.000007
v 1.488222 24.792434 8.062808
v 1.488222 24.792434 2.687600
v 1.613850 24.792434 5.375208
v 1.362602 24.792434 5.375208
v 1.488222 22.684721 8.062815
v 1.739464 24.484132 8.062808
v 1.739464 24.484132 2.687600
v 1.739464 24.329982 5.375208
v 1.739464 24.638282 5.375208
v 2.200766 23.301327 -5.375221
v 1.893227 23.301327 -5.375221
v 2.047003 23.301327 -8.062822
v 2.354529 23.957202 -5.375215
v 2.354529 23.519953 -5.375215
v 2.354529 23.738577 -8.062822
v 2.200766 24.175828 -5.375215
v 1.893227 24.175828 -5.375215
v 2.047003 24.175826 -8.062822
v 2.047003 24.175828 -2.687608
v 1.739464 23.147175 -5.375208
v 1.739464 22.838873 -5.375215
v 1.739464 22.993025 -8.062816
v 1.362602 24.792432 -5.375215
v 1.613850 24.792432 -5.375215
v 1.488222 24.792432 -2.687608
v 1.488222 24.792432 -8.062822
v 1.488222 22.684719 -8.062822
v 1.739464 24.638280 -5.375215
v 1.739464 24.329980 -5.375215
v 1.739464 24.484130 -2.687608
v 1.739464 24.484130 -8.062822
v 1.739464 24.329980 -8.062822
v 1.739464 24.329980 -2.687614
v 1.739464 24.638280 -2.687608
v 1.613850 22.684719 -8.062822
v 1.362602 22.684719 -8.062822
v 1.613850 24.792432 -8.062822
v 1.613850 24.792432 -2.687608
v 1.362602 24.792432 -2.687608
v 1.739464 22.838871 -8.062816
v 1.893227 24.175828 -2.687608
v 1.893227 24.175826 -8.062822
v 2.200766 24.175826 -8.062822
v 2.354529 23.519953 -8.062816
v 2.354529 23.957202 -2.687608
v 1.893227 23.301327 -8.062822
v 1.739464 24.638280 2.687600
v 1.739464 24.329982 2.687600
v 1.739464 24.329982 8.062815
v 1.362602 22.684721 8.062815
v 1.613850 22.684721 8.062815
v 1.362602 24.792434 2.687600
v 1.613850 24.792434 2.687600
v 1.613850 24.792434 8.062808
v 1.613850 24.638280 -0.000007
v 1.739464 22.838875 8.062815
v 2.200766 24.175830 8.062808
v 1.893227 24.175830 8.062808
v 1.893227 24.175828 2.687600
v 2.354529 23.957204 2.687600
v 2.354529 23.519954 8.062815
v 1.893227 23.301330 8.062808
v 2.200766 23.301330 8.062808
v 2.354529 23.957204 8.062815
v 2.200766 24.175828 2.687600
v 1.739464 23.147177 8.062815
v 1.362602 24.638280 -0.000007
v 1.362602 24.792434 8.062808
v 1.739464 24.638282 8.062815
v 2.200766 23.301327 -8.062822
v 2.354529 23.957202 -8.062822
v 2.200766 24.175828 -2.687608
v 1.739464 23.147175 -8.062816
v 1.362602 24.792432 -8.062822
v 1.739464 24.638279 -8.062822
v 1.739464 24.638280 -0.000007
v 1.739464 24.792434 -0.000000
v 1.739464 24.792432 -8.062822
v 1.613850 24.792434 -0.000000
v 1.739464 24.175828 -2.687608
v 2.354529 24.175828 -2.687608
v 1.063743 31.308538 -0.000007
v 1.063743 31.308535 -10.750423
v 1.236981 31.135300 -1.343804
v 1.236981 31.135300 -0.000007
v 2.354529 24.175828 2.687600
v 1.236981 31.135304 1.343797
v 1.739464 2.798448 10.750416
v 1.236981 31.135300 -6.719018
v 1.236981 31.135300 -5.375215
v 1.236981 31.135304 6.719011
v 1.236981 31.135304 5.375208
v 1.236981 31.135300 -4.031411
v 1.236981 31.135300 -2.687608
v 1.236981 31.135304 4.031404
v 1.236981 31.135304 2.687600
v 1.236981 31.135300 -9.406626
v 1.236981 31.135300 -8.062822
v 1.236981 31.135304 9.406619
v 1.236981 31.135304 8.062815
v 1.236981 31.135304 10.750422
v 1.739464 24.484130 -0.000007
v 1.739464 24.792432 -5.375215
v 1.362602 24.792434 -0.000000
v 1.488222 24.792434 -0.000000
v 1.739464 23.301327 -8.062822
v 1.739464 24.175826 -8.062822
v 2.354529 23.301327 -8.062822
v 2.354529 23.301327 -5.375221
v 2.354529 24.175828 -5.375215
v 1.739464 24.792434 5.375208
v 1.739464 23.301330 8.062808
v 1.739464 23.301329 5.375208
v 1.739464 24.175830 8.062808
v 2.354529 24.175830 8.062808
v 1.739464 22.684719 -10.750423
v 2.354529 23.301327 -10.750429
v 2.354529 24.175826 -10.750429
v 1.739464 22.684723 10.750416
v 1.739464 24.175830 10.750416
v 2.354529 23.301330 10.750416
v 3.465549 1.265251 -10.750423
v 2.354529 2.181839 -10.750423
v 2.354529 1.265251 -10.750423
v 1.739464 2.181842 10.750422
v 1.236981 4.999011 9.953143
v 1.236981 1.265255 9.953753
v 1.236981 2.798448 9.953497
v 1.739464 2.798448 9.953497
v 1.739464 2.181842 9.953602
v 2.354529 2.181842 9.953602
v 2.354529 1.265255 9.953753
v 3.465549 0.043747 9.953943
v 3.465549 1.265255 9.953753
v 1.236981 1.265252 -9.953930
v 1.236981 2.798445 -9.953773
v 1.739464 2.181839 -9.953832
v 2.354529 2.181839 -9.953832
v 3.465549 1.265252 -9.953930
v 2.827728 1.265252 -9.953930
v 2.354529 1.265252 -9.953930
v 3.465549 0.043744 -9.954062
v 1.236981 8.732767 9.952716
v 1.236981 16.373606 -9.763009
v 1.236981 16.200278 -9.780561
v 1.236981 21.470372 7.038703
v 2.354529 23.519953 -4.011825
v 2.354529 23.628184 -3.809329
v 1.236981 23.356839 -4.316983
v 1.236981 23.628184 -3.809329
v 1.236981 24.194658 -1.941974
v 1.739464 24.194658 -1.941974
v 1.739464 24.329982 -0.568171
v 1.236981 19.961954 8.276649
v 1.488222 24.385947 -0.000007
v 1.613850 24.385947 -0.000007
v 1.659452 24.385947 -0.000007
v 1.282590 24.385947 -0.000007
v 1.362602 24.385947 -0.000007
v 1.236981 24.385947 -0.000007
v 1.739464 24.385947 -0.000007
v 1.236981 21.470360 -7.038716
v 1.739464 22.708306 -5.530297
v 1.739464 22.791203 -5.375215
v 1.236981 22.708306 -5.530297
v 1.739464 22.838871 -5.286030
v 1.739464 23.147175 -4.709238
v 1.739464 23.301325 -4.420845
v 1.739464 22.993025 -4.997631
v 2.354529 23.301325 -4.420845
v 1.893227 23.301325 -4.420845
v 2.200766 23.301325 -4.420845
v 2.047003 23.301325 -4.420845
v 1.739464 24.329980 0.568157
v 1.236981 24.194660 1.941953
v 1.739464 24.194660 1.941953
v 1.236981 18.240968 -9.196538
v 1.236981 19.961936 -8.276663
v 1.236981 19.934031 -8.291571
v 1.739464 24.175828 2.004026
v 2.354529 24.175828 2.004026
v 2.354529 23.968464 2.687600
v 1.893227 24.175828 2.004026
v 2.200766 24.175828 2.004026
v 2.047003 24.175828 2.004026
v 2.354529 23.957204 2.724726
v 1.236981 23.667791 3.678774
v 2.354529 23.738578 3.445426
v 2.354529 23.628192 3.809316
v 1.236981 23.628192 3.809316
v 1.236981 23.667789 -3.678781
v 2.354529 23.738578 -3.445426
v 1.739464 24.175830 -2.004052
v 1.893227 24.175830 -2.004052
v 2.200766 24.175828 -2.004052
v 2.354529 24.175828 -2.004052
v 2.047003 24.175830 -2.004052
v 2.354529 23.957202 -2.724739
v 2.354529 23.968465 -2.687608
v 1.236981 16.373624 9.762996
v 1.236981 16.200281 9.780548
v 1.236981 12.466523 9.902888
v 1.236981 19.934038 8.291570
v 1.236981 18.240988 9.196518
v 1.236981 12.466520 -9.952749
v 1.236981 8.732764 -9.953143
v 1.236981 4.999008 -9.953537
v 1.739464 2.798445 -9.953773
v 1.739464 22.838875 5.286030
v 1.739464 22.791205 5.375208
v 1.236981 22.708318 5.530283
v 1.739464 22.708318 5.530283
v 1.362602 22.684721 5.559036
v 1.488222 22.684721 5.559036
v 1.613850 22.684721 5.559036
v 1.236981 22.684721 5.559036
v 1.739464 22.684721 5.559036
v 2.354529 23.519953 4.011811
v 2.354529 23.301329 4.420832
v 1.739464 23.301329 4.420832
v 2.047003 23.301329 4.420832
v 1.893227 23.301329 4.420832
v 1.739464 22.993027 4.997630
v 2.200766 23.301329 4.420832
v 1.739464 23.147177 4.709238
v 1.236981 23.471773 4.101954
v 1.613850 22.684719 -5.559043
v 1.236981 22.684719 -5.559043
v 1.362602 22.684719 -5.559043
v 1.488222 22.684719 -5.559043
v 1.739464 22.684719 -5.559043
v -1.940117 3.400812 7.072213
v -4.848717 0.043744 -7.072220
v -4.848717 0.043747 7.072213
v -1.940117 2.561546 7.072219
v -1.940117 1.722279 7.072213
v -1.940117 0.883013 7.072219
v -0.000001 0.883013 7.072219
v -0.000001 1.722279 7.072213
v -0.000001 2.561546 7.072219
v -0.000001 2.561543 -7.072220
v -0.000001 0.715160 7.072219
v -4.848717 2.057986 7.072219
v -4.848717 1.386573 7.072219
v -4.848717 0.715160 7.072219
v -4.848717 0.715157 -7.072220
v -4.848717 1.386570 -7.072220
v -4.848717 2.057984 -7.072220
v -0.000001 2.729397 -7.072220
v -0.000001 2.057984 -7.072220
v -0.000001 1.386570 -7.072220
v -0.000001 0.715157 -7.072220
v -5.923760 0.043744 -7.072220
v -5.923760 0.043747 7.072213
v -5.923760 0.715160 7.072219
v -5.923760 1.386573 7.072219
v -5.923760 0.715157 -7.072220
v -5.923760 1.386570 -7.072220
v -6.998790 0.043744 -7.072220
v -6.998790 0.043747 7.072213
v -6.998790 0.715160 7.072219
v -6.998790 0.715157 -7.072220
v -8.073833 0.043744 -7.072220
v -8.073833 0.043747 7.072213
v 4.731179 3.400812 7.072213
v 4.731179 3.400810 -7.072220
v 4.731179 0.043744 -7.072220
v 4.731179 0.043747 7.072213
v -0.000001 2.729399 7.072219
v -0.000001 2.057986 7.072219
v -0.000001 1.386573 7.072219
v 4.731179 2.729399 7.072219
v 4.731179 2.057986 7.072219
v 4.731179 1.386573 7.072219
v 4.731179 0.715160 7.072219
v 4.731179 0.715157 -7.072220
v 4.731179 1.386570 -7.072220
v 4.731179 2.057984 -7.072220
v 4.731179 2.729397 -7.072220
v 5.806228 0.043744 -7.072220
v 5.806228 0.043747 7.072213
v 5.806228 0.715160 7.072219
v 5.806228 2.729399 7.072219
v 5.806228 2.057986 7.072219
v 5.806228 1.386573 7.072219
v 5.806228 0.715157 -7.072220
v 5.806228 1.386570 -7.072220
v 5.806228 2.057984 -7.072220
v 5.806228 2.729397 -7.072220
v 6.881265 0.043744 -7.072220
v 6.881265 0.043747 7.072213
v 6.881265 0.715160 7.072219
v 6.881265 2.057986 7.072219
v 6.881265 1.386573 7.072219
v 6.881265 0.715157 -7.072220
v 6.881265 1.386570 -7.072220
v 6.881265 2.057984 -7.072220
v 7.956314 0.043744 -7.072220
v 7.956314 0.043747 7.072213
v 7.956314 0.715160 7.072219
v 7.956314 1.386573 7.072219
v 7.956314 0.715157 -7.072220
v 7.956314 1.386570 -7.072220
v 9.031357 0.043744 -7.072220
v 9.031357 0.043747 7.072213
v 9.031357 0.715160 7.072219
v 9.031357 0.715157 -7.072220
v -4.731187 3.283286 7.072219
v -4.848717 3.283286 6.954689
v -4.731187 3.400812 6.954689
v -4.814296 3.283286 7.037791
v -4.799047 3.351140 7.022548
v -4.814296 3.366389 6.954695
v -4.731187 3.366390 7.037791
v -0.000001 3.400810 -6.954696
v -0.000001 3.283284 -7.072220
v -0.000001 3.366387 -7.037798
v -0.000001 3.400812 6.954689
v -0.117531 3.400812 7.072213
v -0.000001 3.283286 7.072219
v -0.000001 3.366389 7.037791
v -4.731187 3.400810 -6.954696
v -4.848717 3.283284 -6.954696
v -4.731187 3.283284 -7.072220
v -4.814296 3.366387 -6.954696
v -4.799047 3.351138 -7.022542
v -4.814296 3.283284 -7.037798
v -4.731187 3.366387 -7.037798
v -4.731187 2.611873 7.072213
v -4.848717 2.729399 6.954689
v -4.814296 2.694977 7.037797
v -4.848717 2.729397 -6.954689
v -4.731187 2.611871 -7.072220
v -4.814296 2.694974 -7.037798
v -5.806217 2.611873 7.072213
v -5.923760 2.611873 6.954695
v -5.806217 2.729399 6.954689
v -5.889338 2.611873 7.037791
v -5.874076 2.679727 7.022542
v -5.889338 2.694977 6.954689
v -5.806217 2.694977 7.037797
v -5.806217 1.940460 7.072219
v -5.923760 2.057986 6.954695
v -5.889338 2.023564 7.037791
v -5.923760 2.057984 -6.954689
v -5.806217 1.940458 -7.072220
v -5.889338 2.023561 -7.037798
v -5.806217 2.611871 -7.072220
v -5.806217 2.729397 -6.954689
v -5.923760 2.611871 -6.954696
v -5.806217 2.694974 -7.037798
v -5.874076 2.679724 -7.022549
v -5.889338 2.694974 -6.954689
v -5.889338 2.611871 -7.037798
v -6.881273 2.057986 6.954695
v -6.881273 1.940460 7.072219
v -6.998790 1.940460 6.954689
v -6.881273 2.023563 7.037791
v -6.949119 2.008313 7.022542
v -6.964381 1.940460 7.037797
v -6.964381 2.023563 6.954689
v -6.881273 1.269047 7.072219
v -6.998790 1.386573 6.954689
v -6.964381 1.352150 7.037791
v -6.998790 1.386571 -6.954689
v -6.881273 1.269045 -7.072213
v -6.964381 1.352148 -7.037798
v -6.881273 2.057984 -6.954689
v -6.998790 1.940458 -6.954689
v -6.881273 1.940458 -7.072220
v -6.964381 2.023561 -6.954696
v -6.949119 2.008311 -7.022549
v -6.964381 1.940458 -7.037798
v -6.881273 2.023561 -7.037798
v -7.956316 0.597634 7.072213
v -8.073833 0.715160 6.954689
v -8.039411 0.680737 7.037797
v -7.956316 1.269047 7.072219
v -8.073833 1.269047 6.954695
v -7.956316 1.386573 6.954689
v -8.039411 1.269047 7.037797
v -8.024175 1.336901 7.022548
v -8.039411 1.352150 6.954689
v -7.956316 1.352150 7.037791
v -8.073833 0.715157 -6.954696
v -7.956316 0.597632 -7.072220
v -8.039411 0.680735 -7.037798
v -7.956316 1.269045 -7.072213
v -7.956316 1.386571 -6.954689
v -8.073833 1.269045 -6.954689
v -7.956316 1.352148 -7.037798
v -8.024175 1.336898 -7.022549
v -8.039411 1.352148 -6.954696
v -8.039411 1.269045 -7.037791
v -9.031359 0.043744 -7.072220
v -9.148889 0.043744 -6.954696
v -9.114454 0.043744 -7.037798
v -9.148889 0.043747 6.954689
v -9.031359 0.043747 7.072213
v -9.114454 0.043747 7.037791
v -9.031359 0.597634 7.072213
v -9.148889 0.597634 6.954689
v -9.031359 0.715160 6.954689
v -9.114454 0.597634 7.037791
v -9.099218 0.665487 7.022548
v -9.114454 0.680737 6.954689
v -9.031359 0.680737 7.037797
v -9.031359 0.597632 -7.072220
v -9.031359 0.715157 -6.954696
v -9.148889 0.597632 -6.954696
v -9.031359 0.680735 -7.037798
v -9.099218 0.665485 -7.022542
v -9.114454 0.680735 -6.954689
v -9.114454 0.597632 -7.037798
v -5.105313 32.256678 -0.068188
v -4.490260 34.218500 -0.068188
v -5.105313 33.407244 -5.481118
v -5.105313 32.256678 -5.481112
v -4.490260 32.256678 -5.481112
v -4.490260 31.445415 -5.481118
v -4.490260 33.407244 5.343122
v -4.490260 34.218500 5.343128
v -4.490260 31.445419 5.343122
v -4.490260 32.256678 5.343128
v -4.490260 34.218500 -5.481112
v -5.105313 32.256678 5.343128
v -5.105313 33.407244 5.343122
v -4.490260 33.407244 -5.481118
v -4.490260 32.256678 10.750429
v -5.105313 33.407244 10.750422
v -4.490260 33.407244 10.750422
v -4.490260 31.445419 10.750422
v -4.490260 34.218500 10.750429
v -5.105313 32.256678 10.750429
v -4.490260 31.445419 -0.068194
v -4.490260 32.256678 -0.068188
v -4.490260 33.407244 -0.068194
v -5.105313 33.407244 -0.068194
v -5.105313 32.256674 -10.750429
v -4.490260 31.445415 -10.750436
v -4.490260 34.218496 -10.750429
v -4.490260 32.256674 -10.750429
v -4.490260 33.407241 -10.750436
v -5.105313 33.407241 -10.750436
v 5.105318 32.256678 -0.068188
v -0.000001 31.445419 -0.068194
v 4.490252 34.218500 -0.068188
v 4.490252 31.445419 -0.068194
v 5.105318 33.407244 -0.068194
v 4.490252 32.256678 -0.068188
v -0.000001 34.218500 -0.068188
v -0.000001 34.218500 5.343128
v 5.105318 33.407244 -5.481118
v 5.105318 32.256678 -5.481112
v 4.490252 32.256678 -5.481112
v -0.000001 31.445415 -5.481118
v 4.490252 31.445415 -5.481118
v 4.490252 33.407244 5.343122
v 4.490252 34.218500 5.343128
v 4.490252 31.445419 5.343122
v -0.000001 31.445419 5.343122
v 4.490252 32.256678 5.343128
v 4.490252 34.218500 -5.481112
v 5.105318 32.256678 5.343128
v 5.105318 33.407244 5.343122
v 4.490252 33.407244 -5.481118
v -0.000001 34.218500 -5.481112
v -0.000001 34.218500 10.750429
v 4.490252 32.256678 10.750429
v 5.105318 33.407244 10.750422
v 4.490252 33.407244 10.750422
v 4.490252 31.445419 10.750422
v 4.490252 34.218500 10.750429
v -0.000001 31.445419 10.750422
v 5.105318 32.256678 10.750429
v 4.490252 33.407244 -0.068194
v -0.000001 31.445415 -10.750436
v 5.105318 32.256674 -10.750429
v 4.490252 31.445415 -10.750436
v 4.490252 34.218496 -10.750429
v -0.000001 34.218496 -10.750429
v 4.490252 32.256674 -10.750429
v 4.490252 33.407241 -10.750436
v 5.105318 33.407241 -10.750436
v -3.678217 2.565803 -7.072213
v -3.678217 2.565803 -7.072213
v -3.678217 3.400810 -7.072220
v -3.678217 3.400810 -7.072220
v -0.000001 3.400810 -7.072220
v -0.000001 3.400810 -7.072220
v -0.000001 3.400810 -7.072220
v 2.176548 3.400809 -10.750429
v 2.176548 3.400809 -8.573887
v 2.176548 3.400809 -8.573887
v 2.176548 11.835677 -8.573887
v -4.731187 0.043744 -6.019243
v -4.731187 0.043744 -6.019243
v -4.731187 2.565804 -6.019243
v -4.731187 2.565804 -6.019243
v -0.000001 2.565803 -7.072213
v -4.731187 0.043744 -10.750429
v -0.000001 2.565804 -6.019243
v -3.678217 30.763327 -7.072220
v -3.678217 30.763327 -7.072220
v -3.678217 30.107402 -7.072226
v -3.678217 30.107402 -7.072226
v -0.000001 30.107402 -7.072226
v 2.176548 30.107399 -10.750436
v 2.176548 30.107399 -8.573887
v 2.176548 30.107399 -8.573887
v -0.000001 30.107399 -8.573887
v -2.176556 30.107399 -8.573887
v -2.176556 30.107399 -8.573887
v -4.731187 31.778099 -6.019250
v -4.731187 31.778099 -6.019250
v -4.731187 30.763327 -6.019250
v -4.731187 30.763327 -6.019250
v -0.000001 30.763327 -7.072220
v -4.731187 31.778099 -10.750436
v -0.000001 30.763327 -6.019250
v -3.678217 3.400809 -10.750429
v -3.678217 2.565803 -10.750429
v -4.731187 2.565803 -10.750429
v -3.678217 30.107399 -10.750436
v -2.176556 30.107399 -10.750436
v -3.678217 30.763323 -10.750429
v -4.731187 30.763323 -10.750429
v -0.000001 3.400809 -8.573887
v -0.000001 0.043744 -6.019243
v -0.000001 31.778099 -6.019250
v -2.176556 25.046784 -8.573887
v -2.176556 25.046784 -8.573887
v -0.000001 25.046784 -8.573887
v -2.176556 25.046784 -10.750429
v -2.176556 25.046784 -10.750429
v -2.176556 22.516477 -8.573887
v -2.176556 22.516477 -8.573887
v -0.000001 22.516477 -8.573887
v 2.176548 22.516477 -8.573887
v 2.176548 22.516477 -8.573887
v 2.176548 22.516477 -10.750436
v 2.176548 22.516477 -10.750436
v -3.054188 22.516477 -7.696242
v -3.054188 22.516477 -7.696242
v -0.000001 22.516477 -7.696242
v 3.054193 22.516477 -7.696242
v 3.054193 22.516477 -7.696242
v -3.054188 22.516477 -10.750436
v -3.054188 22.516477 -10.750436
v -3.054188 25.046784 -10.750429
v -3.054188 25.046784 -10.750429
v 2.176548 25.046784 -10.750429
v 2.176548 25.046784 -10.750429
v 3.054193 25.046784 -10.750429
v 3.054193 25.046784 -10.750429
v 3.054193 23.268155 -7.696235
v 3.054193 23.268155 -7.696235
v -3.054188 23.268155 -10.750436
v -3.054188 23.268155 -10.750436
v -0.000001 24.295100 -7.696242
v 3.054193 24.295100 -7.696242
v 3.054193 24.295100 -7.696242
v -0.000001 23.268155 -7.696235
v 3.054193 23.268155 -10.750436
v 3.054193 23.268155 -10.750436
v 3.678215 2.565803 -7.072213
v 3.678215 2.565803 -7.072213
v 3.678215 3.400810 -7.072220
v 3.678215 3.400810 -7.072220
v 4.731179 0.043744 -6.019243
v 4.731179 0.043744 -6.019243
v 4.731179 2.565804 -6.019243
v 4.731179 2.565804 -6.019243
v 4.731179 0.043744 -10.750429
v 3.678215 30.763327 -7.072220
v 3.678215 30.763327 -7.072220
v 3.678215 30.107402 -7.072226
v 3.678215 30.107402 -7.072226
v 4.731179 31.778099 -6.019250
v 4.731179 31.778099 -6.019250
v 4.731179 30.763327 -6.019250
v 4.731179 30.763327 -6.019250
v 4.731179 31.778099 -10.750436
v 3.678215 3.400809 -10.750429
v 3.678215 2.565803 -10.750429
v 4.731179 2.565803 -10.750429
v 3.678215 30.107399 -10.750436
v 3.678215 30.763323 -10.750429
v 4.731179 30.763323 -10.750429
v -2.176556 3.400809 -8.573887
v -2.176556 3.400809 -8.573887
v -3.054188 24.295100 -7.696242
v -3.054188 24.295100 -7.696242
v -3.054188 25.046784 -7.696235
v -3.054188 25.046784 -7.696235
v 2.176548 25.046784 -8.573887
v 2.176548 25.046784 -8.573887
v 3.054193 25.046784 -7.696235
v 3.054193 25.046784 -7.696235
v -0.000001 25.046784 -7.696235
v -3.730775 23.268155 -7.019662
v -3.730775 23.268155 -7.019662
v -3.730775 24.295102 -7.019655
v -3.730775 24.295102 -7.019655
v 3.730773 24.295104 -7.019655
v 3.730773 24.295104 -7.019655
v 3.730773 23.268155 -7.019662
v 3.730773 23.268155 -7.019662
v -3.054188 23.268155 -7.696235
v -3.054188 23.268155 -7.696235
v -3.054188 24.295100 -10.750436
v -3.054188 24.295100 -10.750436
v -0.000001 24.295102 -7.019655
v -0.000001 23.268155 -7.019655
v -3.730775 23.268155 -10.750429
v -3.678217 2.565806 7.072219
v -3.678217 2.565806 7.072219
v -3.678217 3.400812 7.072213
v -3.678217 3.400812 7.072213
v -0.000001 3.400812 7.072213
v -0.000001 3.400812 7.072213
v -0.000001 3.400812 7.072213
v -0.000001 3.400812 8.573880
v -2.176556 3.400812 8.573880
v -2.176556 3.400812 8.573880
v -2.176556 11.835680 8.573880
v -4.731187 0.043746 6.019243
v -4.731187 0.043746 6.019243
v -4.731187 2.565805 6.019243
v -4.731187 2.565805 6.019243
v -0.000001 2.565806 7.072219
v -4.731187 0.043747 10.750429
v -0.000001 2.565805 6.019243
v -3.678217 30.763327 7.072213
v -3.678217 30.763327 7.072213
v -3.678217 30.107399 7.072213
v -3.678217 30.107399 7.072213
v -0.000001 30.107399 7.072213
v -0.000001 30.107402 8.573874
v -2.176556 30.107402 8.573874
v -2.176556 30.107402 8.573874
v -4.731187 31.778102 6.019236
v -4.731187 31.778102 6.019236
v -4.731187 30.763327 6.019243
v -4.731187 30.763327 6.019243
v -0.000001 30.763327 7.072213
v -4.731187 31.778102 10.750422
v -0.000001 30.763327 6.019243
v -3.678217 3.400813 10.750429
v -2.176556 3.400813 10.750429
v -3.678217 2.565806 10.750429
v -4.731187 2.565806 10.750429
v -3.678217 30.107402 10.750422
v -2.176556 30.107402 10.750422
v -3.678217 30.763330 10.750429
v -4.731187 30.763330 10.750429
v -0.000001 0.043746 6.019243
v 2.176548 30.107402 8.573874
v 2.176548 30.107402 8.573874
v -0.000001 31.778102 6.019236
v 2.176548 22.516480 8.573880
v 2.176548 22.516480 8.573880
v 2.176548 22.516480 10.750422
v 2.176548 22.516480 10.750422
v -0.000001 22.516480 8.573880
v -3.054188 25.046787 7.696235
v -3.054188 25.046787 7.696235
v -0.000001 25.046787 7.696235
v -3.054188 25.046787 10.750429
v -3.054188 25.046787 10.750429
v -0.000001 22.516480 7.696228
v 3.054193 22.516480 7.696228
v 3.054193 22.516480 7.696228
v 3.054193 23.268158 7.696235
v 3.054193 23.268158 7.696235
v -0.000001 24.295104 7.696228
v 3.054193 24.295104 7.696228
v 3.054193 24.295104 7.696228
v -0.000001 23.268158 7.696235
v 3.054193 24.295104 10.750429
v 3.054193 24.295104 10.750429
v 3.054193 23.268158 10.750422
v 3.054193 23.268158 10.750422
v -3.730775 24.295105 7.019655
v -3.730775 24.295105 7.019655
v -0.000001 24.295102 7.019655
v 3.678215 2.565806 7.072219
v 3.678215 2.565806 7.072219
v 3.678215 3.400812 7.072213
v 3.678215 3.400812 7.072213
v 2.176548 3.400812 8.573880
v 2.176548 3.400812 8.573880
v 2.176548 11.835680 8.573880
v 4.731179 0.043746 6.019243
v 4.731179 0.043746 6.019243
v 4.731179 2.565805 6.019243
v 4.731179 2.565805 6.019243
v 4.731179 0.043747 10.750429
v 3.678215 30.763327 7.072213
v 3.678215 30.763327 7.072213
v 3.678215 30.107399 7.072213
v 3.678215 30.107399 7.072213
v 4.731179 31.778102 6.019236
v 4.731179 31.778102 6.019236
v 4.731179 30.763327 6.019243
v 4.731179 30.763327 6.019243
v 4.731179 31.778102 10.750422
v 2.176548 19.986172 8.573880
v 3.678215 3.400813 10.750429
v 3.678215 2.565806 10.750429
v 4.731179 2.565806 10.750429
v 3.678215 30.107402 10.750422
v 3.678215 30.763330 10.750429
v 4.731179 30.763330 10.750429
v 2.176548 25.046787 8.573880
v 2.176548 25.046787 8.573880
v -0.000001 25.046787 8.573880
v -2.176556 25.046787 8.573880
v -2.176556 25.046787 8.573880
v -2.176556 25.046787 10.750429
v -2.176556 25.046787 10.750429
v -2.176556 19.986172 8.573880
v -2.176556 22.516480 8.573880
v -2.176556 22.516480 8.573880
v -2.176556 22.516480 10.750422
v -2.176556 22.516480 10.750422
v 3.054193 25.046787 7.696235
v 3.054193 25.046787 7.696235
v 3.054193 25.046787 10.750429
v 3.054193 25.046787 10.750429
v -3.054188 22.516480 7.696228
v -3.054188 22.516480 7.696228
v -3.054188 22.516480 10.750422
v -3.054188 22.516480 10.750422
v -3.054188 23.268158 7.696235
v -3.054188 23.268158 7.696235
v 3.730773 24.295105 7.019655
v 3.730773 24.295105 7.019655
v 3.730773 23.268157 7.019648
v 3.730773 23.268157 7.019648
v -3.054188 24.295104 7.696228
v -3.054188 24.295104 7.696228
v -3.054188 24.295104 10.750429
v -3.054188 24.295104 10.750429
v 3.730773 24.295104 10.750422
v 3.730773 23.268158 10.750422
v -0.000001 23.268157 7.019648
v -3.730775 23.268157 7.019648
v -3.730775 23.268157 7.019648
v -3.730775 23.268158 10.750422
v -3.432894 12.305796 -9.952972
v -3.432894 15.274151 -9.952533
v -3.432894 25.157914 -0.000007
v -3.432894 24.966628 -1.941974
v -3.432894 24.400152 -3.809336
v -3.432894 23.480275 -5.530303
v -3.432894 22.242327 -7.038716
v -3.432894 20.733908 -8.276656
v -3.432894 19.012938 -9.196532
v -3.432894 17.145576 -9.763003
v -3.432894 12.252904 -8.516310
v -3.432894 15.203627 -8.516310
v -3.432894 23.719937 -0.000007
v -3.432894 23.556297 -1.661461
v -3.432894 23.071667 -3.259065
v -3.432894 22.284670 -4.731416
v -3.432894 21.225557 -6.021947
v -3.432894 19.935025 -7.081058
v -3.432894 18.462666 -7.868049
v -3.432894 16.865064 -8.352672
v -1.396021 25.644417 -2.076807
v -2.792029 25.644417 -2.076807
v -2.792029 25.644417 -2.076807
v -2.792029 9.337441 -9.953412
v -2.792029 3.400730 -9.954291
v -2.792029 24.966628 -1.941974
v -2.792029 24.400152 -3.809336
v -2.792029 17.145576 -9.763003
v -2.792029 15.274151 -9.952533
v -2.792029 19.012938 -9.196532
v -2.792029 20.733908 -8.276656
v -2.792029 22.242327 -7.038716
v -2.792029 23.480275 -5.530303
v -2.792029 25.157918 -0.000007
v -0.000001 25.644417 -2.076807
v -0.000001 25.644417 -2.076807
v -0.000001 25.644417 -2.076807
v -0.000001 27.608485 -2.076800
v -0.000001 27.608485 -2.076800
v -0.000001 27.608485 -2.076800
v -0.000001 27.608485 -2.076800
v -2.792029 9.354869 -10.641147
v -2.792029 3.400809 -10.642033
v -2.792029 25.038615 -4.073799
v -2.792029 19.277401 -9.834996
v -2.792029 17.281315 -10.440515
v -2.792029 21.117845 -8.851263
v -2.792029 22.730986 -7.527381
v -2.792029 24.054877 -5.914239
v -1.396021 27.608485 -2.076800
v -2.792029 27.608485 -2.076800
v -2.792029 27.608485 -2.076800
v -0.000001 27.608485 -0.000000
v -0.000001 27.608485 -0.000000
v -2.792029 27.608485 -0.000000
v -3.432894 3.400730 -9.954291
v -3.432894 9.337441 -9.953412
v -3.432894 3.400730 -8.516310
v -3.432894 9.302179 -8.516310
v -2.792029 12.305796 -9.952972
v -1.396021 12.332045 -11.637235
v -1.396021 12.332045 -11.637235
v -1.396021 12.331898 -10.640707
v -1.396021 12.331898 -10.640707
v -2.792029 12.331898 -10.640707
v -2.792029 12.331898 -10.640707
v -1.396021 15.308927 -10.640268
v -1.396021 15.308927 -10.640268
v -2.792029 15.308927 -10.640268
v -2.792029 15.308927 -10.640268
v -2.792029 15.309075 -11.636795
v -2.792029 15.309075 -11.636795
v -1.396021 15.309075 -11.636795
v -1.396021 15.309075 -11.636795
v -2.792029 12.332045 -11.637235
v -2.792029 12.332045 -11.637235
v 3.432886 12.305796 -9.952972
v 3.432886 15.274151 -9.952533
v 3.432892 25.157914 -0.000007
v 3.432892 24.966628 -1.941974
v 3.432892 24.400152 -3.809336
v 3.432892 23.480275 -5.530303
v 3.432892 22.242327 -7.038716
v 3.432892 20.733908 -8.276656
v 3.432892 19.012938 -9.196532
v 3.432886 17.145576 -9.763003
v 3.432886 12.252904 -8.516310
v 3.432886 15.203627 -8.516310
v 3.432892 23.719937 -0.000007
v 3.432892 23.556297 -1.661461
v 3.432892 23.071667 -3.259065
v 3.432892 22.284670 -4.731416
v 3.432892 21.225557 -6.021947
v 3.432892 19.935025 -7.081058
v 3.432892 18.462666 -7.868049
v 3.432886 16.865064 -8.352672
v 1.396013 25.644417 -2.076807
v 2.792020 25.644417 -2.076807
v 2.792020 25.644417 -2.076807
v 2.792020 9.337441 -9.953412
v 2.792020 3.400730 -9.954291
v 2.792020 24.966628 -1.941974
v 2.792020 24.400152 -3.809336
v 2.792020 17.145576 -9.763003
v 2.792020 15.274151 -9.952533
v 2.792020 19.012938 -9.196532
v 2.792020 20.733908 -8.276656
v 2.792020 22.242327 -7.038716
v 2.792020 23.480275 -5.530303
v 2.792020 25.157918 -0.000007
v 2.792020 9.354869 -10.641147
v 2.792020 3.400809 -10.642033
v 2.792020 25.038615 -4.073799
v 2.792020 19.277401 -9.834996
v 2.792020 17.281315 -10.440515
v 2.792020 21.117845 -8.851263
v 2.792020 22.730986 -7.527381
v 2.792020 24.054877 -5.914239
v 1.396013 27.608485 -2.076800
v 2.792020 27.608485 -2.076800
v 2.792020 27.608485 -2.076800
v 2.792020 27.608485 -0.000000
v 3.432886 3.400730 -9.954291
v 3.432886 9.337441 -9.953412
v 3.432886 3.400730 -8.516310
v 3.432886 9.302179 -8.516310
v 2.792020 12.305796 -9.952972
v 1.396013 12.332045 -11.637235
v 1.396013 12.332045 -11.637235
v 1.396013 12.331898 -10.640707
v 1.396013 12.331898 -10.640707
v 2.792020 12.331898 -10.640707
v 2.792020 12.331898 -10.640707
v 1.396013 15.308927 -10.640268
v 1.396013 15.308927 -10.640268
v 2.792020 15.308927 -10.640268
v 2.792020 15.308927 -10.640268
v 2.792020 15.309075 -11.636795
v 2.792020 15.309075 -11.636795
v 1.396013 15.309075 -11.636795
v 1.396013 15.309075 -11.636795
v 2.792020 12.332045 -11.637235
v 2.792020 12.332045 -11.637235
v -3.432894 12.305799 9.952965
v -3.432894 15.274154 9.952532
v -3.432894 24.966631 1.941960
v -3.432894 24.400154 3.809329
v -3.432894 23.480278 5.530290
v -3.432894 22.242330 7.038716
v -3.432894 20.733908 8.276656
v -3.432894 19.012943 9.196531
v -3.432894 17.145578 9.762996
v -3.432894 12.252906 8.516296
v -3.432894 15.203631 8.516303
v -3.432894 23.556299 1.661454
v -3.432894 23.071667 3.259052
v -3.432894 22.284672 4.731409
v -3.432894 21.225559 6.021940
v -3.432894 19.935027 7.081051
v -3.432894 18.462668 7.868042
v -3.432894 16.865067 8.352665
v -1.396021 25.644421 2.076793
v -2.792029 25.644421 2.076793
v -2.792029 25.644421 2.076793
v -2.792029 9.337443 9.953405
v -2.792029 3.400733 9.954284
v -2.792029 24.966631 1.941960
v -2.792029 24.400154 3.809329
v -2.792029 17.145578 9.762996
v -2.792029 15.274154 9.952532
v -2.792029 19.012943 9.196531
v -2.792029 20.733909 8.276656
v -2.792029 22.242330 7.038716
v -2.792029 23.480278 5.530290
v -0.000001 25.644421 2.076793
v -0.000001 25.644421 2.076793
v -0.000001 25.644421 2.076793
v -0.000001 27.608485 2.076793
v -0.000001 27.608485 2.076793
v -0.000001 27.608485 2.076793
v -0.000001 27.608485 2.076793
v -2.792029 9.354871 10.641146
v -2.792029 3.400812 10.642019
v -2.792029 25.038618 4.073792
v -2.792029 19.277405 9.834995
v -2.792029 17.281316 10.440514
v -2.792029 21.117850 8.851256
v -2.792029 22.730988 7.527374
v -2.792029 24.054879 5.914232
v -1.396021 27.608485 2.076793
v -2.792029 27.608485 2.076793
v -2.792029 27.608485 2.076793
v -3.432894 3.400733 9.954284
v -3.432894 9.337443 9.953405
v -3.432894 3.400733 8.516303
v -3.432894 9.302181 8.516303
v -2.792029 12.305799 9.952965
v -1.396021 12.332049 11.637234
v -1.396021 12.332049 11.637234
v -1.396021 12.331902 10.640707
v -1.396021 12.331902 10.640707
v -2.792029 12.331902 10.640707
v -2.792029 12.331902 10.640707
v -1.396021 15.308932 10.640267
v -1.396021 15.308932 10.640267
v -2.792029 15.308932 10.640267
v -2.792029 15.308932 10.640267
v -2.792029 15.309080 11.636788
v -2.792029 15.309080 11.636788
v -1.396021 15.309080 11.636788
v -1.396021 15.309080 11.636788
v -2.792029 12.332049 11.637234
v -2.792029 12.332049 11.637234
v 3.432886 12.305799 9.952965
v 3.432886 15.274154 9.952532
v 3.432892 24.966631 1.941960
v 3.432892 24.400154 3.809329
v 3.432892 23.480278 5.530290
v 3.432892 22.242330 7.038716
v 3.432892 20.733908 8.276656
v 3.432892 19.012943 9.196531
v 3.432886 17.145578 9.762996
v 3.432886 12.252906 8.516296
v 3.432886 15.203631 8.516303
v 3.432892 23.556299 1.661454
v 3.432892 23.071667 3.259052
v 3.432892 22.284672 4.731409
v 3.432892 21.225559 6.021940
v 3.432892 19.935027 7.081051
v 3.432892 18.462668 7.868042
v 3.432886 16.865067 8.352665
v 1.396013 25.644421 2.076793
v 2.792020 25.644421 2.076793
v 2.792020 25.644421 2.076793
v 2.792020 9.337443 9.953405
v 2.792020 3.400733 9.954284
v 2.792020 24.966631 1.941960
v 2.792020 24.400154 3.809329
v 2.792020 17.145578 9.762996
v 2.792020 15.274154 9.952532
v 2.792020 19.012943 9.196531
v 2.792020 20.733909 8.276656
v 2.792020 22.242330 7.038716
v 2.792020 23.480278 5.530290
v 2.792020 9.354871 10.641146
v 2.792020 3.400812 10.642019
v 2.792020 25.038618 4.073792
v 2.792020 19.277405 9.834995
v 2.792020 17.281316 10.440514
v 2.792020 21.117850 8.851256
v 2.792020 22.730988 7.527374
v 2.792020 24.054879 5.914232
v 1.396013 27.608485 2.076793
v 2.792020 27.608485 2.076793
v 2.792020 27.608485 2.076793
v 3.432886 3.400733 9.954284
v 3.432886 9.337443 9.953405
v 3.432886 3.400733 8.516303
v 3.432886 9.302181 8.516303
v 2.792020 12.305799 9.952965
v 1.396013 12.332049 11.637234
v 1.396013 12.332049 11.637234
v 1.396013 12.331902 10.640707
v 1.396013 12.331902 10.640707
v 2.792020 12.331902 10.640707
v 2.792020 12.331902 10.640707
v 1.396013 15.308932 10.640267
v 1.396013 15.308932 10.640267
v 2.792020 15.308932 10.640267
v 2.792020 15.308932 10.640267
v 2.792020 15.309080 11.636788
v 2.792020 15.309080 11.636788
v 1.396013 15.309080 11.636788
v 1.396013 15.309080 11.636788
v 2.792020 12.332049 11.637234
v 2.792020 12.332049 11.637234
v -1.739479 2.798444 -9.953773
v -1.739479 2.798444 -10.750429
v -1.739479 24.792432 -2.687608
v -1.739479 24.792432 -5.375215
v -1.739479 24.175826 -8.062822
v -1.739479 24.175828 -5.375215
v -1.739479 24.175828 -2.687608
v -2.354531 24.175828 -5.375215
v -2.354531 24.175828 -2.687608
v -2.354531 24.175830 5.375208
v -2.354531 24.175828 2.687600
v -1.739479 23.301327 -10.750429
v -1.739479 23.301327 -8.062822
v -2.354531 23.301327 -10.750429
v -2.354531 23.301327 -8.062822
v -1.739479 22.684723 10.750416
v -1.739479 22.684721 8.062815
v -1.739479 23.301330 10.750416
v -1.739479 23.301330 8.062808
v -2.354531 24.175830 10.750416
v -2.354531 24.175830 8.062808
v -1.739479 24.792432 -8.062822
v -1.739479 24.792432 -10.750429
v -1.063758 31.308538 -0.000007
v -1.063758 31.308538 10.750422
v -1.739479 24.175830 5.375208
v -1.739479 24.175828 2.687600
v -1.739479 24.385947 -0.000007
v -1.739479 24.385947 -0.000007
v -1.739479 24.484130 -0.000007
v -1.739479 24.484130 -0.000007
v -1.236983 24.792434 -0.000000
v -1.236983 24.792434 -0.000000
v -1.362597 24.792434 -0.000000
v -1.362597 24.792434 -0.000000
v -1.739479 23.301327 -5.375221
v -1.739479 24.175830 8.062808
v -3.465545 1.265255 10.750422
v -3.465545 1.265255 9.953753
v -2.354531 24.175828 -2.004052
v -2.354531 2.181839 -10.750423
v -2.354531 2.181839 -9.953832
v -2.354531 1.265255 10.750422
v -2.354531 1.265255 9.953753
v -1.739479 23.301325 -4.420845
v -2.354531 24.175828 2.004026
v -1.739479 24.175830 -2.004052
v -3.465545 1.265251 -10.750423
v -3.465545 1.265252 -9.953930
v 1.739464 24.638280 -0.000007
v 1.739464 24.638280 -0.000007
v 1.739464 24.792434 -0.000000
v 1.739464 24.792434 -0.000000
v 1.739464 24.792434 -0.000000
v 1.739464 24.792434 -0.000000
v 1.739464 24.385947 -0.000007
v 1.739464 24.385947 -0.000007
v 1.739464 24.484130 -0.000007
v 1.739464 24.484130 -0.000007
v 1.362602 24.792434 -0.000000
v 1.362602 24.792434 -0.000000
v 1.488222 24.792434 -0.000000
v 1.488222 24.792434 -0.000000
v 2.354529 23.301327 -8.062822
v 2.354529 23.301327 -5.375221
v 1.739464 23.301330 8.062808
v 1.739464 23.301329 5.375208
v 1.739464 24.175826 -10.750429
v 1.739464 24.175826 -8.062822
v 2.354529 24.175826 -10.750429
v 2.354529 24.175826 -8.062822
v 1.739464 24.792432 -5.375215
v 1.739464 24.792432 -8.062822
v 1.613850 24.792434 -0.000000
v 1.613850 24.792434 -0.000000
v 2.354529 24.175828 -5.375215
v 2.354529 24.175828 -2.687608
v 1.063743 31.308538 -0.000007
v 1.063743 31.308538 10.750422
v 1.739464 2.798445 -9.953773
v 1.739464 2.798444 -10.750429
v 1.739464 24.792434 8.062808
v 1.739464 24.792436 10.750416
v 1.739464 24.175830 5.375208
v 1.739464 24.175828 2.687600
v 1.236981 24.792434 -0.000000
v 1.236981 24.792434 -0.000000
v 1.739464 23.301327 -10.750429
v 1.739464 23.301327 -8.062822
v 2.354529 23.301327 -10.750429
v 1.739464 23.301330 10.750416
v 2.354529 23.301330 8.062808
v 2.354529 23.301329 5.375208
v 2.354529 24.175830 10.750416
v 2.354529 24.175830 8.062808
v 3.465549 1.265255 10.750422
v 3.465549 1.265255 9.953753
v 1.739464 2.181842 10.750422
v 1.739464 2.181842 9.953602
v 2.354529 2.181839 -10.750423
v 2.354529 2.181839 -9.953832
v 1.739464 23.301327 -5.375221
v 1.739464 23.301325 -4.420845
v 1.739464 2.181839 -10.750423
v 1.739464 2.181839 -9.953832
v 1.739464 24.175828 -2.687608
v 1.739464 24.175830 -2.004052
v 2.354529 24.175828 -2.004052
v -2.176556 11.835677 -8.573887
v -2.176556 19.986167 -8.573887
v 2.176548 19.986167 -8.573887
v -2.176556 3.400809 -10.750429
v 3.054193 24.295100 -10.750436
v 3.054193 24.295100 -10.750436
v -2.176556 22.516477 -10.750436
v -2.176556 22.516477 -10.750436
v 3.054193 22.516477 -10.750436
v 3.054193 22.516477 -10.750436
v -3.730775 24.295100 -10.750429
v 3.730773 24.295100 -10.750429
v 3.730773 23.268155 -10.750429
v 2.176548 3.400813 10.750429
v 2.176548 30.107402 10.750422
v 2.176548 25.046787 10.750429
v 2.176548 25.046787 10.750429
v 3.054193 22.516480 10.750422
v 3.054193 22.516480 10.750422
v -3.054188 23.268158 10.750422
v -3.054188 23.268158 10.750422
v -3.730775 24.295104 10.750422
v -1.739479 24.638280 -0.000007
v -1.739479 24.638280 -0.000007
v -1.739479 24.792434 -0.000000
v -1.739479 24.792434 -0.000000
v -1.739479 24.792434 -0.000000
v -1.739479 24.792434 -0.000000
v -1.613851 24.792434 -0.000000
v -1.613851 24.792434 -0.000000
v -1.063758 31.308535 -10.750423
v -1.739479 24.792434 8.062808
v -1.739479 24.792436 10.750416
v -1.739479 2.798448 9.953497
v -1.739479 2.798448 10.750416
v -1.488224 24.792434 -0.000000
v -1.488224 24.792434 -0.000000
v -2.354531 23.301327 -5.375221
v -2.354531 24.175826 -8.062822
v -1.739479 24.792434 2.687600
v -1.739479 24.792434 5.375208
v -1.739479 23.301329 5.375208
v -2.354531 23.301330 8.062808
v -2.354531 23.301329 5.375208
v -1.739479 22.684719 -10.750423
v -1.739479 22.684719 -8.062822
v -1.739479 24.175826 -10.750429
v -2.354531 24.175826 -10.750429
v -1.739479 24.175830 10.750416
v -2.354531 23.301330 10.750416
v -2.354531 1.265251 -10.750423
v -2.354531 1.265252 -9.953930
v -1.739479 24.175828 2.004026
v -1.739479 2.181842 10.750422
v -1.739479 2.181842 9.953602
v -2.354531 2.181842 10.750422
v -2.354531 2.181842 9.953602
v -1.739479 22.684721 5.559036
v -1.739479 22.684719 -5.559043
v -2.354531 23.301329 4.420832
v -2.354531 23.301325 -4.420845
v -1.739479 2.181839 -10.750423
v -1.739479 2.181839 -9.953832
v -1.739479 23.301329 4.420832
v -1.739479 23.301329 4.420832
v 1.739464 24.792432 -10.750429
v 1.063743 31.308535 -10.750423
v 1.739464 2.798448 9.953497
v 1.739464 2.798448 10.750416
v 1.739464 24.792432 -2.687608
v 1.739464 24.175828 -5.375215
v 1.739464 24.792434 2.687600
v 1.739464 24.792434 5.375208
v 1.739464 24.175830 8.062808
v 2.354529 24.175830 5.375208
v 2.354529 24.175828 2.687600
v 1.739464 22.684719 -10.750423
v 1.739464 22.684719 -8.062822
v 1.739464 22.684723 10.750416
v 1.739464 22.684721 8.062815
v 1.739464 24.175830 10.750416
v 2.354529 23.301330 10.750416
v 2.354529 1.265251 -10.750423
v 2.354529 1.265252 -9.953930
v 1.739464 24.175828 2.004026
v 2.354529 2.181842 10.750422
v 2.354529 2.181842 9.953602
v 2.354529 1.265255 10.750422
v 2.354529 1.265255 9.953753
v 3.465549 1.265251 -10.750423
v 3.465549 1.265252 -9.953930
v 1.739464 22.684721 5.559036
v 1.739464 22.684719 -5.559043
v 2.354529 23.301329 4.420832
v 2.354529 24.175828 2.004026
v 2.354529 23.301325 -4.420845
v 1.739464 23.301329 4.420832
v 1.739464 23.301329 4.420832
v -4.848717 0.043747 7.072213
v -5.923760 0.043747 7.072213
v -4.848717 0.043744 -7.072220
v -5.923760 0.043744 -7.072220
v -6.998790 0.043747 7.072213
v -8.073833 0.043747 7.072213
v -6.998790 0.043744 -7.072220
v -8.073833 0.043744 -7.072220
v 4.731179 2.729397 -7.072220
v 4.731179 2.729397 -7.072220
v 4.731179 3.400810 -7.072220
v 4.731179 3.400810 -7.072220
v 4.731179 3.400812 7.072213
v 4.731179 3.400812 7.072213
v 4.731179 2.729399 7.072219
v 4.731179 2.729399 7.072219
v 4.731179 0.043747 7.072213
v 5.806228 0.043747 7.072213
v 5.806228 2.729399 7.072219
v 5.806228 2.729399 7.072219
v 5.806228 2.057986 7.072219
v 5.806228 2.057986 7.072219
v 5.806228 2.057984 -7.072220
v 5.806228 2.057984 -7.072220
v 5.806228 2.729397 -7.072220
v 5.806228 2.729397 -7.072220
v 6.881265 2.057984 -7.072220
v 6.881265 2.057984 -7.072220
v 6.881265 2.057986 7.072219
v 6.881265 2.057986 7.072219
v 4.731179 0.043744 -7.072220
v 5.806228 0.043744 -7.072220
v 6.881265 1.386573 7.072219
v 6.881265 1.386573 7.072219
v 6.881265 1.386570 -7.072220
v 6.881265 1.386570 -7.072220
v 6.881265 0.043747 7.072213
v 7.956314 0.043747 7.072213
v 6.881265 0.043744 -7.072220
v 7.956314 1.386573 7.072219
v 7.956314 1.386573 7.072219
v 7.956314 0.715160 7.072219
v 7.956314 0.715160 7.072219
v 7.956314 0.715157 -7.072220
v 7.956314 0.715157 -7.072220
v 7.956314 1.386570 -7.072220
v 7.956314 1.386570 -7.072220
v 7.956314 0.043744 -7.072220
v 9.031357 0.043744 -7.072220
v 9.031357 0.043744 -7.072220
v 9.031357 0.043747 7.072213
v 9.031357 0.043747 7.072213
v 9.031357 0.715160 7.072219
v 9.031357 0.715160 7.072219
v 9.031357 0.715157 -7.072220
v 9.031357 0.715157 -7.072220
v -4.814296 3.283286 7.037791
v -4.799047 3.351140 7.022548
v -4.799047 3.351140 7.022548
v -4.731187 3.366390 7.037791
v -4.814296 3.366389 6.954695
v -0.000001 3.366389 7.037791
v -0.000001 3.366389 7.037791
v -0.000001 3.400812 6.954689
v -0.117531 3.400812 7.072213
v -0.000001 3.283286 7.072219
v -0.000001 3.283286 7.072219
v -4.814296 3.366387 -6.954696
v -4.799047 3.351138 -7.022542
v -4.799047 3.351138 -7.022542
v -4.731187 3.366387 -7.037798
v -4.814296 3.283284 -7.037798
v -5.889338 2.611873 7.037791
v -5.874076 2.679727 7.022542
v -5.874076 2.679727 7.022542
v -5.806217 2.694977 7.037797
v -5.889338 2.694977 6.954689
v -5.806217 2.694974 -7.037798
v -5.874076 2.679724 -7.022549
v -5.874076 2.679724 -7.022549
v -5.889338 2.611871 -7.037798
v -5.889338 2.694974 -6.954689
v -6.881273 2.023563 7.037791
v -6.949119 2.008313 7.022542
v -6.949119 2.008313 7.022542
v -6.964381 2.023563 6.954689
v -6.964381 1.940460 7.037797
v -6.964381 2.023561 -6.954696
v -6.949119 2.008311 -7.022549
v -6.949119 2.008311 -7.022549
v -6.881273 2.023561 -7.037798
v -6.964381 1.940458 -7.037798
v -8.039411 1.269047 7.037797
v -8.024175 1.336901 7.022548
v -8.024175 1.336901 7.022548
v -7.956316 1.352150 7.037791
v -8.039411 1.352150 6.954689
v -7.956316 1.352148 -7.037798
v -8.024175 1.336898 -7.022549
v -8.024175 1.336898 -7.022549
v -8.039411 1.269045 -7.037791
v -8.039411 1.352148 -6.954696
v -9.114454 0.597634 7.037791
v -9.099218 0.665487 7.022548
v -9.099218 0.665487 7.022548
v -9.031359 0.680737 7.037797
v -9.114454 0.680737 6.954689
v -9.031359 0.680735 -7.037798
v -9.099218 0.665485 -7.022542
v -9.099218 0.665485 -7.022542
v -9.114454 0.597632 -7.037798
v -9.114454 0.680735 -6.954689
v -0.000001 3.366387 -7.037798
v -4.814296 2.694974 -7.037798
v -4.814296 2.694974 -7.037798
v -4.814296 2.694974 -7.037798
v -4.848717 2.729397 -6.954689
v -4.814296 2.694977 7.037797
v -4.814296 2.694977 7.037797
v -4.814296 2.694977 7.037797
v -4.848717 2.729399 6.954689
v -5.889338 2.023564 7.037791
v -5.889338 2.023564 7.037791
v -5.889338 2.023564 7.037791
v -5.923760 2.057986 6.954695
v -5.889338 2.023561 -7.037798
v -5.889338 2.023561 -7.037798
v -5.889338 2.023561 -7.037798
v -5.923760 2.057984 -6.954689
v -6.964381 1.352150 7.037791
v -6.964381 1.352150 7.037791
v -6.964381 1.352150 7.037791
v -6.998790 1.386573 6.954689
v -6.964381 1.352148 -7.037798
v -6.964381 1.352148 -7.037798
v -6.964381 1.352148 -7.037798
v -6.998790 1.386571 -6.954689
v -8.039411 0.680737 7.037797
v -8.039411 0.680737 7.037797
v -8.039411 0.680737 7.037797
v -8.073833 0.715160 6.954689
v -8.039411 0.680735 -7.037798
v -8.039411 0.680735 -7.037798
v -8.039411 0.680735 -7.037798
v -8.073833 0.715157 -6.954696
v -9.031359 0.043747 7.072213
v -9.114454 0.043747 7.037791
v -9.114454 0.043747 7.037791
v -9.148889 0.043747 6.954689
v -9.114454 0.043744 -7.037798
v -9.114454 0.043744 -7.037798
v -9.031359 0.043744 -7.072220
v -9.148889 0.043744 -6.954696
v -4.490260 34.218500 -5.481112
v -4.490260 34.218496 -10.750429
v -4.490260 32.256678 10.750429
v -4.490260 32.256678 5.343128
v -5.105313 33.407244 10.750422
v -5.105313 33.407244 5.343122
v -4.490260 33.407244 10.750422
v -4.490260 33.407244 5.343122
v -4.490260 31.445419 -0.068194
v -4.490260 31.445419 5.343122
v -4.490260 34.218500 -0.068188
v -4.490260 32.256678 -0.068188
v -4.490260 33.407244 -0.068194
v -5.105313 33.407244 -0.068194
v -5.105313 32.256678 -0.068188
v -5.105313 32.256678 -5.481112
v -4.490260 31.445419 10.750422
v -5.105313 33.407241 -10.750436
v -5.105313 33.407244 -5.481118
v -5.105313 32.256678 10.750429
v -5.105313 32.256678 5.343128
v -4.490260 33.407241 -10.750436
v -4.490260 33.407244 -5.481118
v -4.490260 32.256674 -10.750429
v -4.490260 32.256678 -5.481112
v -4.490260 34.218500 5.343128
v -4.490260 34.218500 10.750429
v -4.490260 31.445415 -10.750436
v -4.490260 31.445415 -5.481118
v -5.105313 32.256674 -10.750429
v 4.490252 34.218500 -5.481112
v 4.490252 34.218496 -10.750429
v 4.490252 32.256678 10.750429
v 4.490252 32.256678 5.343128
v 5.105318 33.407244 10.750422
v 5.105318 33.407244 5.343122
v 4.490252 33.407244 10.750422
v 4.490252 33.407244 5.343122
v 4.490252 34.218500 -0.068188
v 4.490252 33.407244 -0.068194
v 5.105318 32.256678 -0.068188
v 5.105318 32.256678 -5.481112
v 4.490252 31.445419 10.750422
v 4.490252 31.445419 5.343122
v 4.490252 31.445419 -0.068194
v 4.490252 31.445415 -5.481118
v 5.105318 33.407241 -10.750436
v 5.105318 33.407244 -5.481118
v 5.105318 32.256678 10.750429
v 5.105318 32.256678 5.343128
v 4.490252 33.407241 -10.750436
v 4.490252 33.407244 -5.481118
v 4.490252 32.256674 -10.750429
v 4.490252 32.256678 -5.481112
v 4.490252 34.218500 5.343128
v 4.490252 34.218500 10.750429
v 4.490252 31.445415 -10.750436
v 5.105318 33.407244 -0.068194
v 4.490252 32.256678 -0.068188
v 5.105318 32.256674 -10.750429
v -0.000001 0.043744 -7.072220
v -0.000001 0.043744 -7.072220
v -0.000001 0.043746 7.072213
v -0.000001 0.043746 7.072213
vt 0.850945 0.430973
vt 0.300870 0.424369
vt 0.966107 0.359144
vt 0.134143 0.443978
vt 0.077890 0.141293
vt 0.902643 0.287315
vt 0.719626 0.519125
vt 0.887519 0.287315
vt 0.895081 0.430973
vt 0.759458 0.873554
vt 0.169460 0.256493
vt 0.488946 0.258196
vt 0.850945 0.000000
vt 0.910205 0.000000
vt 0.117879 0.369554
vt 0.589228 0.836747
vt 0.879814 0.575052
vt 0.856308 0.360137
vt 0.963026 0.454302
vt 0.038113 0.453693
vt 0.134143 0.331345
vt 0.172750 0.178718
vt 0.334603 0.978236
vt 0.740911 0.251401
vt 0.490524 0.032623
vt 0.959254 0.502802
vt 0.267828 0.002139
vt 0.117879 0.369554
vt 0.887519 0.120329
vt 0.972269 0.430973
vt 0.887519 0.071829
vt 0.856308 0.574631
vt 0.580753 0.510885
vt 0.887757 0.810010
vt 0.488946 0.167561
vt 0.722707 0.521749
vt 0.083669 0.245733
vt 0.441333 0.896610
vt 0.826428 0.583856
vt 0.019546 0.099788
vt 0.488946 0.023255
vt 0.170249 0.597671
vt 0.172750 0.370785
vt 0.169460 0.369554
vt 0.387948 0.798306
vt 0.740911 0.143658
vt 0.402240 0.148825
vt 0.990756 0.502802
vt 0.267828 0.210276
vt 0.240388 0.127022
vt 0.488946 0.075725
vt 0.316166 0.978236
vt 0.910205 0.000000
vt 0.527368 0.963193
vt 0.134143 0.222318
vt 0.417152 0.469377
vt 0.972269 0.287315
vt 0.527367 0.299365
vt 0.117879 0.010283
vt 0.635470 0.528967
vt 0.222817 0.798306
vt 0.917188 0.139513
vt 0.431591 0.469377
vt 0.713464 0.521749
vt 0.100973 0.443978
vt 0.077890 0.141293
vt 0.643413 0.808606
vt 0.740911 0.000000
vt 0.527368 0.798306
vt 0.490524 0.348832
vt 0.913986 0.502802
vt 0.097478 0.161171
vt 0.172750 0.470692
vt 0.932853 0.120329
vt 0.932853 0.454253
vt 0.740911 0.000000
vt 0.910205 0.143658
vt 0.527368 0.067625
vt 0.759458 0.873554
vt 0.634139 0.067625
vt 0.490524 0.060726
vt 0.947939 0.359144
vt 0.902643 0.000000
vt 0.295269 0.251885
vt 0.775547 0.971858
vt 0.887757 0.810010
vt 0.864377 0.185508
vt 0.300552 0.041990
vt 0.850945 0.021292
vt 0.050450 0.220555
vt 0.077890 0.161171
vt 0.791635 0.971858
vt 0.972269 0.071829
vt 0.490524 0.023255
vt 0.959254 0.143658
vt 0.117879 0.479053
vt 0.100973 0.479053
vt 0.052994 0.002139
vt 0.285515 0.173360
vt 0.891300 0.287315
vt 0.861670 0.430973
vt 0.276203 0.821762
vt 0.371477 0.896610
vt 0.302131 0.049718
vt 0.987675 0.000000
vt 0.745160 0.000000
vt 0.117879 0.443978
vt 0.334603 0.920066
vt 0.441333 0.896610
vt 0.959254 0.233755
vt 0.402240 0.148825
vt 0.816857 0.021287
vt 0.134143 0.479053
vt 0.240388 0.168649
vt 0.826428 0.575052
vt 0.745160 0.574631
vt 0.490524 0.258196
vt 0.910205 0.502802
vt 0.169460 0.116098
vt 0.066810 0.307479
vt 0.490524 0.032623
vt 0.932853 0.000000
vt 0.887519 0.215487
vt 0.861670 0.574631
vt 0.389914 0.920066
vt 0.000000 0.798306
vt 0.402240 0.130090
vt 0.047222 0.307479
vt 0.100973 0.222318
vt 0.987675 0.435886
vt 0.240228 0.404087
vt 0.316166 0.896610
vt 0.710383 0.583856
vt 0.944168 0.405467
vt 0.302131 0.023255
vt 0.436327 0.540001
vt 0.267828 0.085394
vt 0.052994 0.041317
vt 0.759458 0.836747
vt 0.913986 0.071829
vt 0.402240 0.120722
vt 0.895081 0.502802
vt 0.169460 0.010283
vt 0.134143 0.443978
vt 0.302131 0.040351
vt 0.353040 0.896610
vt 0.951711 0.574631
vt 0.895081 0.000000
vt 0.854852 0.845552
vt 0.812844 0.850098
vt 0.812844 0.733758
vt 0.416679 0.120722
vt 0.077890 0.161171
vt 0.975350 0.000000
vt 0.100973 0.369554
vt 0.854852 0.845552
vt 0.694415 0.836747
vt 0.902181 0.235415
vt 0.443978 0.130090
vt 0.947939 0.574631
vt 0.083669 0.273580
vt 0.117879 0.256493
vt 0.478166 0.896610
vt 0.951711 0.359144
vt 0.987675 0.435886
vt 0.972269 0.430973
vt 0.100973 0.443978
vt 0.134143 0.256493
vt 0.302449 0.422729
vt 0.975350 0.287315
vt 0.861670 0.071829
vt 0.000000 0.598730
vt 0.875332 0.845552
vt 0.687525 0.000000
vt 0.300552 0.393829
vt 0.887519 0.000000
vt 0.134143 0.369554
vt 0.775547 0.873554
vt 0.602280 0.692220
vt 0.602280 0.528967
vt 0.898862 0.302500
vt 0.490524 0.041990
vt 0.987675 0.553332
vt 0.117879 0.479053
vt 0.117879 0.407256
vt 0.116045 0.798306
vt 0.966107 0.215487
vt 0.947939 0.169164
vt 0.856308 0.430973
vt 0.618875 0.610593
vt 0.077890 0.240434
vt 0.490524 0.104083
vt 0.947939 0.502802
vt 0.975350 0.215487
vt 0.527367 0.498941
vt 0.635470 0.692220
vt 0.635470 0.528967
vt 0.826428 0.583856
vt 0.387802 0.148825
vt 0.872395 0.287315
vt 0.990756 0.138745
vt 0.169460 0.407256
vt 0.759458 0.873554
vt 0.297729 0.896610
vt 0.711501 0.521749
vt 0.302131 0.120722
vt 0.917767 0.502802
vt 0.117879 0.369554
vt 0.100973 0.010283
vt 0.917767 0.120329
vt 0.891300 0.215487
vt 0.850945 0.143658
vt 0.944168 0.143658
vt 0.134143 0.010283
vt 0.077890 0.141293
vt 0.302131 0.032623
vt 0.902643 0.574631
vt 0.947939 0.071829
vt 0.801212 0.000000
vt 0.854852 0.943856
vt 0.643413 0.836747
vt 0.388275 0.469377
vt 0.887519 0.287315
vt 0.364296 0.593491
vt 0.267828 0.410199
vt 0.875332 0.943856
vt 0.828509 0.955181
vt 0.019536 0.000000
vt 0.302449 0.424369
vt 0.963026 0.143658
vt 0.100973 0.443978
vt 0.169460 0.443978
vt 0.363855 0.293406
vt 0.972269 0.359144
vt 0.917767 0.071829
vt 0.000000 0.299365
vt 0.910205 0.071829
vt 0.134143 0.331345
vt 0.240388 0.210276
vt 0.415574 0.461649
vt 0.415574 0.461649
vt 0.947939 0.215487
vt 0.906424 0.574631
vt 0.963026 0.574631
vt 0.675979 0.963193
vt 0.353040 0.896610
vt 0.402240 0.130090
vt 0.887519 0.454253
vt 0.856031 0.359144
vt 0.077890 0.161171
vt 0.675979 0.963193
vt 0.478166 0.798306
vt 0.816857 0.021287
vt 0.490524 0.050665
vt 0.975350 0.000000
vt 0.100973 0.256493
vt 0.117879 0.116098
vt 0.932853 0.287315
vt 0.898862 0.430973
vt 0.917767 0.553335
vt 0.867032 0.574631
vt 0.812844 0.733758
vt 0.052994 0.069164
vt 0.488946 0.105723
vt 0.963026 0.502802
vt 0.891300 0.000000
vt 0.097478 0.220555
vt 0.812844 0.791928
vt 0.854852 0.943856
vt 0.416679 0.120722
vt 0.963026 0.454302
vt 0.019546 0.099788
vt 0.134143 0.511120
vt 0.052994 0.069164
vt 0.826428 0.583856
vt 0.157798 0.590419
vt 0.402046 0.441274
vt 0.740911 0.430973
vt 0.295269 0.127021
vt 0.050450 0.161171
vt 0.285515 0.413451
vt 0.891300 0.359144
vt 0.887519 0.574631
vt 0.913986 0.000000
vt 0.710383 0.510885
vt 0.117879 0.443978
vt 0.401135 0.442913
vt 0.895081 0.287315
vt 1.000000 0.138745
vt 0.940396 0.143658
vt 0.077890 0.161171
vt 0.353040 0.920066
vt 0.527368 0.000000
vt 0.839491 0.845552
vt 0.947939 0.120378
vt 0.947939 0.454302
vt 0.963026 0.340875
vt 0.267828 0.002139
vt 0.172750 0.002139
vt 0.759458 0.710302
vt 0.771251 0.574631
vt 0.490524 0.120029
vt 0.951711 0.359144
vt 0.172750 0.337483
vt 0.134143 0.443978
vt 0.363854 0.533532
vt 0.944168 0.430973
vt 0.963026 0.143658
vt 0.947939 0.502802
vt 0.169431 0.798306
vt 0.117879 0.369554
vt 0.302131 0.030983
vt 0.872395 0.502802
vt 0.969188 0.430973
vt 0.740911 0.574631
vt 0.710383 0.710302
vt 0.675979 0.918374
vt 0.000000 0.798306
vt 0.300552 0.130090
vt 0.850945 0.287315
vt 0.864377 0.185508
vt 0.267828 0.210276
vt 0.117879 0.116098
vt 0.297729 0.896610
vt 0.917767 0.553335
vt 0.302131 0.051358
vt 0.936625 0.502802
vt 0.240228 0.470692
vt 0.052994 0.041317
vt 0.932853 0.120329
vt 0.951711 0.143658
vt 0.932853 0.454253
vt 0.872395 0.143658
vt 0.959254 0.574631
vt 0.643413 0.710302
vt 0.134143 0.293254
vt 0.302131 0.090724
vt 0.917767 0.000000
vt 0.969188 0.000000
vt 0.267828 0.085394
vt 0.643413 0.710302
vt 0.503056 0.879932
vt 0.932853 0.169164
vt 0.917767 0.454253
vt 0.959254 0.233755
vt 0.117879 0.222318
vt 0.117879 0.222318
vt 0.297729 0.978236
vt 0.713464 0.510885
vt 0.854135 0.894704
vt 0.745160 0.287315
vt 0.077890 0.161171
vt 0.077890 0.220555
vt 0.947939 0.120329
vt 0.959254 0.430973
vt 0.947939 0.454253
vt 0.902643 0.233756
vt 0.990756 0.574631
vt 0.875332 0.845552
vt 0.172750 0.470692
vt 0.300552 0.076418
vt 0.850945 0.233756
vt 0.955482 0.000000
vt 0.169460 0.169007
vt 0.675979 0.963193
vt 0.297729 0.896610
vt 0.936625 0.169164
vt 0.887519 0.287315
vt 0.944168 0.405467
vt 0.117879 0.256493
vt 0.134143 0.443978
vt 0.580753 0.000000
vt 0.902643 0.143658
vt 0.300870 0.415001
vt 0.972269 0.359144
vt 0.134143 0.331345
vt 0.267828 0.291430
vt 0.850945 0.287315
vt 0.716545 0.515005
vt 0.963026 0.287315
vt 0.710383 0.515005
vt 0.826428 0.575052
vt 0.100973 0.479053
vt 0.052994 0.002139
vt 0.490524 0.257503
vt 0.963026 0.000000
vt 0.872395 0.143658
vt 0.117879 0.331345
vt 0.775547 0.873554
vt 0.116045 0.798306
vt 0.503579 0.399153
vt 0.285515 0.173360
vt 0.902181 0.235415
vt 0.169460 0.222318
vt 0.134143 0.256493
vt 0.297729 0.798306
vt 0.850945 0.215487
vt 0.490524 0.393829
vt 0.867032 0.071829
vt 0.267828 0.528967
vt 0.100973 0.116098
vt 0.917767 0.120329
vt 0.975350 0.574631
vt 0.906424 0.574631
vt 0.635470 0.528967
vt 0.744793 0.836747
vt 0.300552 0.167561
vt 0.897489 0.287315
vt 0.527367 0.598730
vt 0.134143 0.116098
vt 0.301025 0.431906
vt 0.733631 0.808606
vt 0.019556 0.199577
vt 0.417152 0.460009
vt 0.898862 0.302500
vt 0.169460 0.407256
vt 0.169460 0.256493
vt 0.478166 0.798306
vt 0.740911 0.179572
vt 0.490524 0.060726
vt 0.891300 0.359144
vt 0.267828 0.410199
vt 0.240388 0.168649
vt 0.302131 0.074085
vt 0.222817 0.938103
vt 0.850945 0.143658
vt 0.687525 0.225430
vt 0.134143 0.443978
vt 0.490524 0.090724
vt 0.902643 0.502802
vt 0.895081 0.574631
vt 0.100973 0.256493
vt 0.634139 0.510885
vt 0.351115 0.856476
vt 0.959254 0.340875
vt 0.489264 0.415001
vt 0.711501 0.521749
vt 0.097478 0.220555
vt 0.267828 0.291430
vt 0.589228 0.836747
vt 0.740911 0.071829
vt 0.300552 0.032623
vt 0.951711 0.071829
vt 0.050450 0.141293
vt 0.169460 0.369554
vt 0.490524 0.040350
vt 0.826428 0.710302
vt 0.955482 0.430973
vt 0.553195 0.808606
vt 0.834371 0.873554
vt 0.834371 0.710302
vt 0.431591 0.460009
vt 0.947939 0.430973
vt 0.975350 0.574631
vt 0.295269 0.168649
vt 0.651088 0.963193
vt 0.090218 0.826448
vt 0.861670 0.195233
vt 0.387802 0.158193
vt 0.019536 0.000000
vt 0.077890 0.161171
vt 0.050450 0.220555
vt 0.651088 0.836747
vt 0.963026 0.287315
vt 0.490524 0.378830
vt 0.951711 0.143658
vt 0.117879 0.293254
vt 0.045062 0.245733
vt 0.300552 0.104083
vt 0.719604 0.836747
vt 0.975350 0.143658
vt 0.759458 0.850098
vt 0.719604 0.936456
vt 0.386223 0.165921
vt 0.902643 0.071829
vt 0.828463 0.000000
vt 0.117879 0.479053
vt 0.222817 0.821762
vt 0.490524 0.167561
vt 0.955482 0.233755
vt 0.490524 0.051358
vt 0.801212 0.021287
vt 0.134143 0.369554
vt 0.240388 0.251885
vt 0.351115 0.798306
vt 0.745160 0.287315
vt 0.300552 0.258196
vt 0.969188 0.215487
vt 0.134143 0.116098
vt 0.066810 0.366863
vt 0.488946 0.032623
vt 0.902643 0.340876
vt 1.000000 0.071829
vt 0.975350 0.359144
vt 0.947939 0.430973
vt 0.353040 0.920066
vt 0.000000 0.826448
vt 0.402240 0.139458
vt 0.490524 0.258196
vt 0.077890 0.141293
vt 0.240228 0.503994
vt 0.634139 0.000000
vt 0.834371 0.873554
vt 0.834371 0.710302
vt 0.872395 0.405467
vt 0.416679 0.139458
vt 0.947939 0.574631
vt 0.267828 0.043767
vt 0.172750 0.002139
vt 0.478166 0.924752
vt 0.959254 0.359144
vt 0.300552 0.051358
vt 0.895081 0.359144
vt 0.169460 0.407256
vt 0.134143 0.479053
vt 0.490524 0.075032
vt 0.687525 0.510885
vt 0.872395 0.071829
vt 0.969188 0.574631
vt 0.826428 0.611998
vt 0.222817 0.933556
vt 0.417152 0.478744
vt 0.872395 0.553340
vt 0.000000 0.000000
vt 0.100973 0.407256
vt 0.687525 0.285455
vt 0.912945 0.710302
vt 0.060310 0.498941
vt 0.445363 0.469377
vt 0.932853 0.000000
vt 0.169460 0.169007
vt 0.117879 0.443978
vt 0.687525 0.000000
vt 0.856307 0.071829
vt 0.987675 0.138745
vt 0.895081 0.215487
vt 0.240388 0.002139
vt 0.134143 0.116098
vt 0.429539 0.137818
vt 0.947939 0.502802
vt 0.959254 0.574631
vt 0.527367 0.199577
vt 0.643413 0.808606
vt 0.527368 0.000000
vt 0.388275 0.478744
vt 0.887519 0.574631
vt 0.134143 0.256493
vt 0.643413 0.808606
vt 0.912945 0.810010
vt 0.902181 0.339217
vt 0.388275 0.441274
vt 0.828463 0.021296
vt 0.045062 0.301427
vt 0.045062 0.301427
vt 0.651088 0.963193
vt 0.959254 0.215487
vt 0.490524 0.348832
vt 0.940396 0.502802
vt 0.353040 0.896610
vt 0.077890 0.220555
vt 0.431591 0.469377
vt 0.947939 0.574631
vt 0.000000 0.698518
vt 0.635470 0.610593
vt 0.775547 0.971858
vt 0.300552 0.090724
vt 0.932853 0.120329
vt 0.172750 0.437389
vt 0.441333 0.838440
vt 0.000000 0.798306
vt 0.722707 0.521749
vt 0.300552 0.119083
vt 0.895081 0.287315
vt 0.083669 0.245733
vt 0.100973 0.116098
vt 0.872395 0.120329
vt 0.944168 0.502802
vt 0.902643 0.071829
vt 0.867032 0.143658
vt 0.134143 0.222318
vt 0.050450 0.161171
vt 0.300552 0.030983
vt 0.850945 0.502802
vt 0.987675 0.071829
vt 0.932853 0.000000
vt 0.736210 0.611998
vt 0.759458 0.836747
vt 0.301025 0.441274
vt 0.850945 0.120329
vt 0.850945 0.454253
vt 0.906424 0.161457
vt 0.117879 0.169007
vt 0.736210 0.611998
vt 0.834371 0.710302
vt 0.801212 0.553339
vt 0.429539 0.139458
vt 0.917767 0.071829
vt 0.240388 0.002139
vt 0.169460 0.331345
vt 0.285515 0.293406
vt 0.972269 0.143658
vt 0.850945 0.574631
vt 0.951711 0.430973
vt 0.276203 0.879932
vt 0.240388 0.043767
vt 0.488946 0.030983
vt 0.947939 0.143658
vt 0.966107 0.000000
vt 0.987675 0.574631
vt 0.775547 0.971858
vt 0.297729 0.978236
vt 0.300552 0.363831
vt 0.887519 0.287315
vt 0.503579 0.399153
vt 0.050450 0.161171
vt 0.826428 0.611998
vt 0.854852 0.943856
vt 0.507802 0.199577
vt 0.402240 0.156553
vt 0.740911 0.287315
vt 0.240388 0.528967
vt 0.100973 0.479053
vt 0.052994 0.002139
vt 0.891300 0.430973
vt 0.285515 0.173360
vt 0.917767 0.574631
vt 0.936625 0.574631
vt 0.812844 0.791928
vt 0.093816 0.097011
vt 0.400662 0.147185
vt 0.963026 0.287315
vt 0.966107 0.574631
vt 0.117879 0.169007
vt 0.618875 0.510885
vt 0.618875 0.710302
vt 0.090218 0.826448
vt 0.917767 0.435886
vt 0.963026 0.120378
vt 0.963026 0.454302
vt 0.019556 0.199577
vt 0.093816 0.041317
vt 0.240388 0.085394
vt 0.775547 0.971858
vt 0.864378 0.389124
vt 0.401135 0.441274
vt 0.740911 0.395059
vt 0.295269 0.168649
vt 0.077890 0.161171
vt 0.902643 0.287315
vt 0.966107 0.071829
vt 0.947939 0.169164
vt 0.972269 0.574631
vt 0.618875 0.610593
vt 0.117879 0.479053
vt 0.490524 0.077365
vt 0.895081 0.287315
vt 0.940396 0.000000
vt 0.987675 0.574631
vt 0.887757 0.909719
vt 0.580753 0.000000
vt 0.844611 0.845552
vt 0.963026 0.120378
vt 0.963026 0.454302
vt 0.959254 0.340875
vt 0.267828 0.528967
vt 0.077890 0.220555
vt 0.371477 0.896610
vt 0.887519 0.000000
vt 0.446030 0.469377
vt 0.856307 0.071829
vt 0.240228 0.270879
vt 0.134143 0.479053
vt 0.932853 0.454253
vt 0.936625 0.430973
vt 0.963026 0.215487
vt 0.996919 0.000000
vt 0.387948 0.798306
vt 0.295269 0.002139
vt 0.415101 0.147185
vt 0.947939 0.143658
vt 0.861670 0.430973
vt 0.000000 0.000000
vt 0.387948 0.798306
vt 0.371477 0.896610
vt 0.387802 0.130090
vt 0.902643 0.454253
vt 0.861670 0.195233
vt 0.093816 0.069164
vt 0.100973 0.479053
vt 0.389914 0.896610
vt 0.052994 0.002139
vt 0.887519 0.021296
vt 0.386223 0.167560
vt 0.906424 0.502802
vt 0.240228 0.437389
vt 0.134143 0.010283
vt 0.947939 0.120378
vt 0.955482 0.215487
vt 0.963026 0.000000
vt 0.850945 0.215487
vt 0.759458 0.733758
vt 0.134143 0.331345
vt 0.386696 0.442913
vt 0.386696 0.442913
vt 0.850945 0.340876
vt 0.993838 0.574631
vt 0.267828 0.210276
vt 0.759458 0.710302
vt 0.643413 0.836747
vt 0.867032 0.180096
vt 0.285514 0.533532
vt 0.128038 0.573087
vt 0.117879 0.010283
vt 0.117879 0.369554
vt 0.408351 0.920066
vt 0.963026 0.071829
vt 0.301219 0.258196
vt 0.963026 0.215487
vt 0.134143 0.222318
vt 0.077890 0.220555
vt 0.947939 0.287315
vt 0.955482 0.502802
vt 0.850945 0.553344
vt 0.947939 0.502802
vt 0.854852 0.845552
vt 0.169460 0.369554
vt 0.300552 0.059086
vt 0.771251 0.553344
vt 0.975350 0.430973
vt 0.134143 0.169007
vt 0.826428 0.611998
vt 0.000000 0.798306
vt 0.990756 0.435886
vt 0.947939 0.287315
vt 0.872395 0.405467
vt 0.117879 0.369554
vt 0.134143 0.479053
vt 0.740911 0.510885
vt 0.902643 0.071829
vt 0.431118 0.130090
vt 0.719626 0.515005
vt 0.134143 0.369554
vt 0.117879 0.222318
vt 0.932853 0.287315
vt 0.969188 0.502802
vt 0.719626 0.510885
vt 0.891300 0.574631
vt 0.675979 0.836747
vt 0.045062 0.245733
vt 0.302131 0.167561
vt 0.963026 0.071829
vt 0.861670 0.000000
vt 0.117879 0.511120
vt 0.643413 0.808606
vt 0.687525 0.510885
vt 0.503148 0.403786
vt 0.285515 0.293406
vt 0.285515 0.053279
vt 0.060310 0.498941
vt 0.134143 0.256493
vt 0.172750 0.470692
vt 0.675979 0.836747
vt 0.740911 0.466888
vt 0.300552 0.032623
vt 0.856308 0.215487
vt 0.267828 0.085394
vt 0.117879 0.511120
vt 0.917767 0.120329
vt 0.917767 0.454253
vt 0.975350 0.553332
vt 0.959254 0.000000
vt 0.527368 0.692220
vt 0.744793 0.936456
vt 0.300552 0.165921
vt 0.895081 0.287315
vt 0.000000 0.498941
vt 0.093816 0.041317
vt 0.408351 0.896610
vt 0.791635 0.971858
vt 0.913986 0.146041
vt 0.300870 0.415001
vt 0.902181 0.339217
vt 0.172750 0.304181
vt 0.169460 0.293254
vt 0.000000 0.798306
vt 0.740911 0.359144
vt 0.490524 0.051358
vt 0.966107 0.071829
vt 0.083669 0.273580
vt 0.052994 0.069164
vt 0.444451 0.471016
vt 0.719604 0.836747
vt 1.000000 0.138745
vt 0.861670 0.000000
vt 0.875332 0.943856
vt 0.134143 0.479053
vt 0.417152 0.450641
vt 0.887519 0.430973
vt 0.527367 0.698518
vt 0.100973 0.511120
vt 0.589228 0.963193
vt 0.527368 0.836747
vt 0.093816 0.006220
vt 0.856031 0.215487
vt 0.300552 0.060726
vt 0.897489 0.287315
vt 0.117879 0.169007
vt 0.240388 0.291430
vt 0.580753 0.510885
vt 0.856308 0.502802
vt 0.300552 0.023255
vt 0.959254 0.071829
vt 0.117879 0.010283
vt 0.172750 0.404087
vt 0.947939 0.287315
vt 0.334603 0.920066
vt 0.969188 0.430973
vt 0.675979 0.963193
vt 0.334603 0.978236
vt 0.300552 0.060726
vt 0.902643 0.502802
vt 0.527367 0.000000
vt 0.295269 0.210276
vt 0.634139 0.067625
vt 0.834371 0.943856
vt 0.173452 0.598730
vt 0.302131 0.041990
vt 0.801212 0.553339
vt 0.134143 0.222318
vt 0.066810 0.366863
vt 0.775547 0.971858
vt 0.722707 0.515005
vt 0.431118 0.120722
vt 0.955482 0.215487
vt 0.117879 0.256493
vt 0.117879 0.010283
vt 0.489264 0.422729
vt 0.917767 0.021290
vt 0.710383 0.519125
vt 0.810072 0.873554
vt 0.694415 0.836747
vt 0.490524 0.090724
vt 0.902643 0.000000
vt 0.828463 0.574631
vt 0.240228 0.304181
vt 0.276203 0.821762
vt 0.634139 0.510885
vt 0.850945 0.340876
vt 0.402713 0.450641
vt 0.507802 0.199577
vt 0.134143 0.407256
vt 0.240388 0.085394
vt 0.116045 0.798306
vt 0.740911 0.287315
vt 0.300552 0.041990
vt 0.966107 0.143658
vt 0.240388 0.410199
vt 0.077890 0.161171
vt 0.300552 0.407189
vt 0.902643 0.359144
vt 0.955482 0.000000
vt 0.408351 0.896610
vt 0.643413 0.808606
vt 0.490524 0.105723
vt 0.736210 0.710302
vt 0.050450 0.161171
vt 0.993838 0.435886
vt 0.240228 0.470692
vt 0.527368 0.510885
vt 0.521493 0.798306
vt 0.940396 0.405467
vt 0.445557 0.128450
vt 0.932853 0.143658
vt 0.267828 0.168649
vt 0.134143 0.116098
vt 0.854852 0.943856
vt 0.959254 0.502802
vt 0.300552 0.075725
vt 0.969188 0.502802
vt 0.172750 0.437389
vt 0.134143 0.369554
vt 0.300552 0.040351
vt 0.687525 0.000000
vt 0.940396 0.071829
vt 0.993838 0.000000
vt 0.387948 0.838440
vt 0.834371 0.845552
vt 0.416679 0.148825
vt 0.050450 0.220555
vt 0.963026 0.000000
vt 0.100973 0.293254
vt 0.387948 0.838440
vt 0.719604 0.836747
vt 0.060676 0.499687
vt 0.444451 0.469377
vt 0.887519 0.000000
vt 0.134143 0.169007
vt 0.117879 0.293254
vt 0.740911 0.000000
vt 0.713464 0.515005
vt 0.850945 0.233756
vt 0.895081 0.071829
vt 0.100973 0.369554
vt 0.134143 0.010283
vt 0.300870 0.422729
vt 0.947939 0.574631
vt 0.856307 0.000000
vt 0.527368 0.836747
vt 0.710383 0.583856
vt 0.490524 0.051358
vt 0.996919 0.138745
vt 0.134143 0.293254
vt 0.297729 0.856476
vt 0.353040 0.896610
vt 0.716545 0.521749
vt 0.488946 0.041990
vt 0.932853 0.553335
vt 0.117879 0.256493
vt 0.052994 0.136189
vt 0.826428 0.583856
vt 0.913986 0.502802
vt 0.402240 0.120722
vt 0.861670 0.502802
vt 0.887757 0.909719
vt 0.047222 0.366863
vt 0.100973 0.169007
vt 0.430012 0.471016
vt 0.430012 0.471016
vt 0.771251 0.021292
vt 0.430012 0.471016
vt 0.972269 0.000000
vt 0.527367 0.299365
vt 0.316166 0.978236
vt 0.733631 0.808606
vt 0.387802 0.130090
vt 0.902643 0.287315
vt 0.867032 0.180096
vt 0.172750 0.337483
vt 0.589228 0.963193
vt 0.643413 0.836747
vt 0.710383 0.521749
vt 0.490524 0.031929
vt 0.963026 0.143658
vt 0.052994 0.097011
vt 0.172750 0.178718
vt 0.363855 0.053279
vt 0.898862 0.071829
vt 0.987675 0.574631
vt 0.861670 0.071829
vt 0.134143 0.443978
vt 0.240388 0.291430
vt 0.488946 0.090724
vt 0.850945 0.574631
vt 0.936625 0.574631
vt 0.710383 0.510885
vt 0.527368 0.963193
vt 0.387948 0.798306
vt 0.388275 0.450641
vt 0.917767 0.454253
vt 0.990756 0.435886
vt 0.169460 0.169007
vt 0.834371 0.710302
vt 0.810072 0.955181
vt 0.887519 0.553341
vt 0.430924 0.460009
vt 0.850945 0.502802
vt 0.100973 0.369554
vt 0.169460 0.369554
vt 0.963026 0.120378
vt 0.910205 0.502802
vt 0.872395 0.000000
vt 0.906424 0.143658
vt 0.222817 0.821762
vt 0.240388 0.168649
vt 0.302131 0.119083
vt 0.745160 0.000000
vt 0.959254 0.000000
vt 0.745160 0.000000
vt 0.276203 0.879932
vt 0.408351 0.920066
vt 0.402713 0.469377
vt 0.947939 0.287315
vt 0.503148 0.403786
vt 0.077890 0.220555
vt 0.759458 0.971858
vt 0.710383 0.583856
vt 0.801212 0.553347
vt 0.490524 0.049718
vt 0.740911 0.251401
vt 0.117879 0.222318
vt 0.117879 0.479053
vt 0.363855 0.173360
vt 0.895081 0.502802
vt 0.917767 0.435886
vt 0.951711 0.000000
vt 0.297729 0.798306
vt 0.052994 0.041317
vt 0.302131 0.105723
vt 0.887519 0.287315
vt 0.996919 0.000000
vt 0.097478 0.161171
vt 0.618875 0.710302
vt 0.618875 0.510885
vt 0.441333 0.838440
vt 0.993838 0.435886
vt 0.285514 0.533532
vt 0.285515 0.293406
vt 0.913986 0.146041
vt 0.083669 0.245733
vt 0.052994 0.041317
vt 0.733631 0.808606
vt 0.917767 0.000000
vt 0.402713 0.442913
vt 0.740911 0.143658
vt 0.172750 0.437389
vt 0.077890 0.161171
vt 0.850945 0.287315
vt 0.996919 0.502802
vt 0.902643 0.169164
vt 0.902643 0.071829
vt 0.710383 0.710302
vt 0.117879 0.222318
vt 0.488946 0.059086
vt 0.972269 0.287315
vt 0.955482 0.430973
vt 0.077890 0.220555
vt 0.710383 0.528967
vt 0.389914 0.896610
vt 0.844611 0.894704
vt 0.872395 0.287315
vt 0.856031 0.215487
vt 0.267828 0.085394
vt 0.117879 0.169007
vt 0.759458 0.850098
vt 0.828463 0.000000
vt 0.445557 0.130090
vt 0.713464 0.515005
vt 0.172750 0.270879
vt 0.134143 0.369554
vt 0.850945 0.120329
vt 0.856308 0.430973
vt 0.850945 0.454253
vt 0.963026 0.430973
vt 0.975350 0.502802
vt 0.733631 0.710302
vt 0.117879 0.511120
vt 0.388275 0.433546
vt 0.947939 0.071829
vt 0.940396 0.430973
vt 0.267828 0.528967
vt 0.553195 0.710302
vt 0.297729 0.798306
vt 0.387802 0.139458
vt 0.872395 0.287315
vt 0.173452 0.598730
vt 0.083669 0.273580
vt 0.117879 0.479053
vt 0.316166 0.896610
vt 0.801212 0.021287
vt 0.490524 0.167561
vt 0.951711 0.215487
vt 0.240228 0.237577
vt 0.093816 0.041317
vt 0.887519 0.120329
vt 0.955482 0.071829
vt 0.887519 0.454253
vt 0.987675 0.502802
vt 0.898862 0.574631
vt 0.791635 0.873554
vt 0.172750 0.178718
vt 0.488946 0.090724
vt 0.828463 0.574631
vt 0.947939 0.430973
vt 0.267828 0.168649
vt 0.521493 0.798306
vt 0.791635 0.873554
vt 0.940396 0.169164
vt 0.446030 0.478744
vt 0.915155 0.430973
vt 0.240388 0.528967
vt 0.117879 0.331345
vt 0.371477 0.920066
vt 0.902643 0.502802
vt 0.302131 0.258196
vt 0.898862 0.071829
vt 0.077890 0.220555
vt 0.267828 0.350814
vt 0.363855 0.413451
vt 0.910205 0.071829
vt 0.887519 0.021296
vt 0.913986 0.574631
vt 0.527368 0.836747
vt 0.172750 0.404087
vt 0.300552 0.077365
vt 0.771251 0.574631
vt 0.895081 0.000000
vt 0.295269 0.350814
vt 0.759458 0.971858
vt 0.643413 0.808606
vt 0.364296 0.593491
vt 0.947939 0.120329
vt 0.940396 0.405467
vt 0.117879 0.331345
vt 0.134143 0.369554
vt 0.527368 0.000000
vt 0.850945 0.071829
vt 0.490842 0.415001
vt 0.000000 0.299365
vt 0.966107 0.502802
vt 0.134143 0.256493
vt 0.117879 0.256493
vt 0.902643 0.120329
vt 0.713464 0.519125
vt 0.963026 0.287315
vt 0.996919 0.574631
vt 0.651088 0.836747
vt 0.828509 0.873554
vt 0.490524 0.256556
vt 0.745160 0.000000
vt 0.000000 0.199577
vt 0.117879 0.407256
vt 0.651088 0.836747
vt 0.503056 0.798306
vt 0.467057 0.498941
vt 0.947939 0.120329
vt 0.947939 0.454253
vt 0.060676 0.499687
vt 0.169460 0.511120
vt 0.172750 0.237577
vt 0.222817 0.961559
vt 0.872395 0.000000
vt 0.446030 0.478744
vt 0.936625 0.071829
vt 0.267828 0.043767
vt 0.240388 0.043767
vt 0.872395 0.120329
vt 0.969188 0.287315
vt 0.850945 0.359144
vt 0.589228 0.963193
vt 0.887757 0.909719
vt 0.488946 0.049718
vt 0.722707 0.519125
vt 0.527367 0.099788
vt 0.240228 0.119858
vt 0.353040 0.920066
vt 0.387948 0.896610
vt 0.975350 0.021291
vt 0.431118 0.130090
vt 0.716545 0.521749
vt 0.172750 0.337483
vt 0.267828 0.350814
vt 0.000000 0.826448
vt 0.740911 0.538716
vt 0.300552 0.120722
vt 0.996919 0.502802
vt 0.169460 0.169007
vt 0.240388 0.085394
vt 0.300552 0.074085
vt 0.389914 0.920066
vt 0.940396 0.000000
vt 0.736210 0.611998
vt 0.134143 0.369554
vt 0.300552 0.090724
vt 0.902643 0.359144
vt 0.975350 0.143658
vt 0.117879 0.222318
vt 0.527368 0.963193
vt 0.503056 0.924752
vt 0.955483 0.340875
vt 0.301015 0.408348
vt 0.710383 0.521749
vt 0.097478 0.161171
vt 0.047222 0.307479
vt 0.222817 0.933556
vt 0.100973 0.222318
vt 0.936625 0.502802
vt 0.490524 0.363831
vt 0.856308 0.359144
vt 0.100973 0.256493
vt 0.169460 0.293254
vt 0.887519 0.120329
vt 0.887519 0.454253
vt 0.389914 0.920066
vt 0.716545 0.519125
vt 0.651088 0.836747
vt 0.334603 0.896610
vt 0.300552 0.408828
vt 0.902643 0.574631
vt 0.850945 0.000000
vt 0.295269 0.085394
vt 0.687525 0.443260
vt 0.478166 0.798306
vt 0.357118 0.597671
vt 0.387802 0.158193
vt 0.932853 0.021290
vt 0.077890 0.220555
vt 0.134143 0.222318
vt 0.733631 0.808606
vt 0.719626 0.510885
vt 0.388275 0.441274
vt 0.955482 0.071829
vt 0.117879 0.369554
vt 0.117879 0.116098
vt 0.489264 0.424369
vt 0.828463 0.574631
vt 0.969188 0.000000
vt 0.222817 0.821762
vt 0.744793 0.936456
vt 0.388275 0.450641
vt 0.047222 0.366863
vt 0.100973 0.169007
vt 0.801212 0.000000
vt 0.240228 0.270879
vt 0.810072 0.873554
vt 0.441333 0.838440
vt 0.906424 0.413174
vt 0.488946 0.051358
vt 0.801212 0.553347
vt 0.240388 0.410199
vt 0.240388 0.127022
vt 0.222817 0.798306
vt 0.740911 0.323230
vt 0.300552 0.051358
vt 0.993838 0.502802
vt 0.117879 0.116098
vt 0.134143 0.169007
vt 0.302131 0.032623
vt 0.634139 0.285455
vt 0.972269 0.574631
vt 0.947939 0.143658
vt 0.527368 0.528967
vt 0.297729 0.896610
vt 0.402713 0.460009
vt 0.300552 0.120722
vt 0.240388 0.291430
vt 0.996919 0.435886
vt 0.240228 0.237577
vt 0.710383 0.710302
vt 0.744793 0.936456
vt 0.936625 0.405467
vt 0.302131 0.105723
vt 0.947939 0.000000
vt 0.267828 0.127021
vt 0.117879 0.169007
vt 0.090218 0.826448
vt 0.867032 0.071829
vt 0.850945 0.021292
vt 0.713464 0.519125
vt 0.172750 0.337483
vt 0.134143 0.407256
vt 0.429539 0.128450
vt 0.429539 0.128450
vt 0.810072 0.955181
vt 0.936625 0.000000
vt 0.000000 0.399153
vt 0.387948 0.838440
vt 0.371477 0.920066
vt 0.416679 0.130090
vt 0.887519 0.359144
vt 0.740911 0.574631
vt 0.100973 0.331345
vt 0.875332 0.845552
vt 0.618875 0.510885
vt 0.947939 0.340875
vt 0.000000 0.798306
vt 0.446030 0.471016
vt 0.828463 0.574631
vt 0.295269 0.350814
vt 0.117879 0.222318
vt 0.687525 0.225430
vt 0.906424 0.071829
vt 0.872395 0.169164
vt 0.891300 0.143658
vt 0.100973 0.407256
vt 0.172750 0.119858
vt 0.488946 0.104083
vt 0.947939 0.000000
vt 0.987675 0.502802
vt 0.527367 0.598730
vt 0.887757 0.710302
vt 0.589228 0.963193
vt 0.300552 0.158193
vt 0.917767 0.287315
vt 0.917188 0.139513
vt 0.169460 0.010283
vt 0.887757 0.710302
vt 0.643413 0.836747
vt 0.466691 0.499687
vt 0.388275 0.441274
vt 1.000000 0.502802
vt 0.740911 0.035914
vt 0.117879 0.443978
vt 0.083669 0.301427
vt 0.834371 0.845552
vt 0.951711 0.071829
vt 0.300552 0.378830
vt 0.867032 0.430973
vt 0.635470 0.692220
vt 0.267828 0.350814
vt 0.302131 0.104083
vt 0.771251 0.000000
vt 0.990756 0.574631
vt 0.895081 0.574631
vt 0.602280 0.610593
vt 0.503056 0.924752
vt 0.387802 0.139458
vt 0.902643 0.454253
vt 0.944168 0.169164
vt 0.172750 0.370785
vt 0.634139 0.285455
vt 0.643413 0.808606
vt 0.917188 0.435118
vt 0.431118 0.137818
vt 0.963026 0.215487
vt 0.169460 0.116098
vt 0.134143 0.256493
vt 0.363855 0.293406
vt 0.898862 0.215487
vt 0.947939 0.359144
vt 0.000000 0.099788
vt 0.955482 0.359144
vt 0.134143 0.479053
vt 0.052994 0.097011
vt 0.415101 0.137818
vt 0.415101 0.137818
vt 0.415101 0.137818
vt 0.887519 0.502802
vt 0.710383 0.515005
vt 0.887519 0.000000
vt 0.651088 0.963193
vt 0.687525 0.443260
vt 0.301025 0.460009
vt 0.872395 0.454253
vt 0.872395 0.169164
vt 0.050450 0.141293
vt 0.651088 0.963193
vt 0.812844 0.850098
vt 0.812844 0.733758
vt 0.987675 0.021291
vt 0.430012 0.460009
vt 0.902643 0.143658
vt 0.100973 0.407256
vt 0.169460 0.256493
vt 0.947939 0.454253
vt 0.969188 0.215487
vt 0.902643 0.233756
vt 0.913986 0.143658
vt 0.222817 0.798306
vt 0.240388 0.251885
vt 0.488946 0.032623
vt 0.745160 0.287315
vt 0.856308 0.574631
vt 0.828463 0.000000
vt 0.371477 0.920066
vt 0.719604 0.936456
vt 0.402240 0.139458
vt 0.947939 0.120329
vt 0.467057 0.498941
vt 0.050450 0.220555
vt 0.240388 0.251885
vt 0.589228 0.963193
vt 0.023789 0.399153
vt 0.301219 0.060726
vt 1.000000 0.435886
vt 0.963026 0.502802
vt 0.295269 0.251885
vt 0.117879 0.010283
vt 0.285515 0.413451
vt 0.895081 0.359144
vt 0.917767 0.138745
vt 0.297729 0.879932
vt 0.093816 0.041317
vt 0.490524 0.105723
vt 0.722707 0.510885
vt 0.902643 0.215487
vt 0.050450 0.141293
vt 0.618875 0.610593
vt 0.478166 0.798306
vt 0.388275 0.478744
vt 0.872395 0.287315
vt 0.975350 0.021291
vt 0.169460 0.116098
vt 0.052994 0.041317
vt 0.503056 0.924752
vt 0.947939 0.000000
vt 0.489857 0.075725
vt 0.740911 0.179572
vt 0.169460 0.479053
vt 0.050450 0.220555
vt 0.932853 0.287315
vt 0.895081 0.215487
vt 0.745160 0.574631
vt 0.947939 0.071829
vt 0.710383 0.710302
vt 0.117879 0.256493
vt 0.488946 0.060726
vt 0.972269 0.287315
vt 0.861670 0.143658
vt 1.000000 0.574631
vt 0.710383 0.692220
vt 0.810072 0.955181
vt 0.839491 0.894704
vt 0.872395 0.120329
vt 0.872395 0.454253
vt 0.955483 0.340875
vt 0.267828 0.043767
vt 0.077890 0.240434
vt 0.826428 0.710302
vt 0.387802 0.165921
vt 0.906424 0.071829
vt 0.240228 0.337483
vt 0.134143 0.407256
vt 0.285515 0.293406
vt 0.940396 0.502802
vt 0.887519 0.215487
vt 0.906424 0.000000
vt 0.580753 0.067625
vt 0.045062 0.301427
vt 0.387607 0.431906
vt 0.963026 0.502802
vt 0.910205 0.430973
vt 0.240388 0.410199
vt 0.580753 0.067625
vt 0.675979 0.836747
vt 0.990756 0.138745
vt 0.902643 0.454253
vt 0.357118 0.597671
vt 0.100973 0.331345
vt 0.117879 0.010283
vt 0.503056 0.798306
vt 0.828463 0.553339
vt 0.300552 0.167080
vt 0.891300 0.502802
vt 0.240228 0.002139
vt 0.172750 0.002139
vt 0.363855 0.293406
vt 0.913986 0.430973
vt 0.363855 0.053279
vt 0.902643 0.000000
vt 0.944168 0.000000
vt 0.276203 0.821762
vt 0.134143 0.256493
vt 0.400662 0.156553
vt 0.828463 0.553341
vt 0.910205 0.574631
vt 0.083669 0.273580
vt 0.826428 0.710302
vt 0.387948 0.798306
vt 0.490062 0.408348
vt 0.906424 0.413174
vt 0.100973 0.511120
vt 0.093816 0.006220
vt 0.887757 0.845552
vt 0.100973 0.116098
vt 0.932853 0.430973
vt 0.490524 0.378830
vt 0.898862 0.215487
vt 0.134143 0.479053
vt 0.077890 0.240434
vt 0.917767 0.287315
vt 0.951711 0.430973
vt 0.932853 0.574631
vt 0.969188 0.143658
vt 0.589228 0.836747
vt 0.169460 0.293254
vt 0.302131 0.075725
vt 0.891300 0.287315
vt 0.969188 0.574631
vt 0.240228 0.178718
vt 0.875332 0.845552
vt 0.297729 0.856476
vt 0.996919 0.435886
vt 0.947939 0.287315
vt 0.936625 0.405467
vt 0.117879 0.511120
vt 0.134143 0.407256
vt 0.963026 0.502802
vt 0.431591 0.469377
vt 0.951711 0.502802
vt 0.134143 0.293254
vt 0.117879 0.331345
vt 0.963026 0.287315
vt 0.966107 0.430973
vt 0.745160 0.574631
vt 0.975350 0.071829
vt 0.300552 0.167561
vt 0.828509 0.955181
vt 0.301025 0.431906
vt 0.745160 0.287315
vt 0.527367 0.399153
vt 0.052994 0.097011
vt 0.759458 0.873554
vt 0.834371 0.845552
vt 0.506579 0.299365
vt 0.285514 0.533532
vt 0.285515 0.293406
vt 0.157798 0.590419
vt 0.169460 0.010283
vt 0.172750 0.404087
vt 0.334603 0.896610
vt 0.740911 0.107743
vt 0.300552 0.041990
vt 0.944168 0.071829
vt 0.267828 0.168649
vt 0.100973 0.010283
vt 0.902643 0.120329
vt 0.902643 0.454253
vt 0.969188 0.287315
vt 0.891300 0.000000
vt 0.602280 0.528967
vt 0.134143 0.169007
vt 0.302131 0.256556
vt 0.975350 0.287315
vt 0.169460 0.116098
vt 0.527368 0.692220
vt 0.775547 0.971858
vt 0.399329 0.573087
vt 0.302449 0.415001
vt 0.466691 0.499687
vt 0.240388 0.002139
vt 0.077890 0.240434
vt 0.297729 0.856476
vt 0.740911 0.215487
vt 0.490524 0.075725
vt 0.972269 0.215487
vt 0.134143 0.169007
vt 0.172750 0.503994
vt 0.488946 0.040350
vt 0.719604 0.936456
vt 0.955482 0.574631
vt 0.775547 0.971858
vt 0.134143 0.407256
vt 0.300552 0.393829
vt 0.902643 0.430973
vt 0.710383 0.519125
vt 0.295269 0.528967
vt 0.854852 0.943856
vt 0.759458 0.836747
vt 0.951711 0.340875
vt 0.443978 0.120722
vt 0.917188 0.435118
vt 0.050450 0.141293
vt 0.066810 0.307479
vt 0.503056 0.798306
vt 0.906424 0.502802
vt 0.417152 0.460009
vt 0.867032 0.502802
vt 0.240388 0.528967
vt 0.169460 0.331345
vt 0.902643 0.287315
vt 0.316166 0.978236
vt 0.940396 0.430973
vt 0.759458 0.873554
vt 0.334603 0.896610
vt 0.490524 0.408828
vt 0.932853 0.502802
vt 0.771251 0.000000
vt 0.295269 0.127021
vt 0.759458 0.733758
vt 0.854852 0.943856
vt 0.963026 0.233755
vt 0.300552 0.051358
vt 0.987675 0.021291
vt 0.134143 0.511120
vt 0.134143 0.169007
vt 0.775547 0.873554
vt 0.963026 0.071829
vt 0.490524 0.393829
vt 0.913986 0.430973
vt 0.117879 0.331345
vt 0.117879 0.443978
vt 0.490842 0.423676
vt 0.902643 0.405467
vt 0.993838 0.574631
vt 0.618875 0.710302
vt 0.618875 0.510885
vt 0.300552 0.363831
vt 0.267828 0.350814
vt 0.801212 0.574631
vt 0.240228 0.370785
vt 0.371477 0.896610
vt 0.589228 0.963193
vt 0.913986 0.428590
vt 0.402713 0.450641
vt 0.023789 0.399153
vt 0.117879 0.116098
vt 0.052994 0.041317
vt 0.351115 0.856476
vt 0.719626 0.515005
vt 0.300552 0.348832
vt 0.969188 0.071829
vt 0.169460 0.222318
vt 0.050450 0.220555
vt 0.443978 0.128450
vt 0.947939 0.233755
vt 0.990756 0.000000
vt 0.887519 0.143658
vt 0.710383 0.528967
vt 0.116045 0.933556
vt 0.402713 0.469377
vt 0.736210 0.710302
vt 0.077890 0.161171
vt 1.000000 0.574631
vt 0.240228 0.002139
vt 0.389914 0.920066
vt 0.521493 0.879932
vt 0.311316 0.612811
vt 0.301219 0.041990
vt 0.902643 0.574631
vt 0.267828 0.251885
vt 0.172750 0.119858
vt 0.854852 0.845552
vt 0.856308 0.215487
vt 0.850945 0.000000
vt 0.966107 0.430973
vt 0.172750 0.370785
vt 0.134143 0.293254
vt 0.415574 0.450641
vt 0.963026 0.359144
vt 0.936625 0.143658
vt 0.801212 0.574631
vt 0.740911 0.225430
vt 0.887757 0.845552
vt 0.431591 0.478744
vt 0.872395 0.574631
vt 0.771251 0.574631
vt 0.134143 0.407256
vt 0.740911 0.225430
vt 0.963026 0.340875
vt 0.301219 0.075725
vt 0.675979 1.000000
vt 0.240228 0.178718
vt 0.117879 0.369554
vt 0.527368 0.510885
vt 0.891300 0.071829
vt 0.902643 0.169164
vt 0.898862 0.143658
vt 0.100973 0.293254
vt 0.172750 0.002139
vt 0.488946 0.105723
vt 0.872395 0.574631
vt 0.944168 0.000000
vt 0.000000 0.498941
vt 0.775547 0.873554
vt 0.116045 0.798306
vt 0.387802 0.120722
vt 0.285515 0.293406
vt 0.285515 0.053279
vt 0.987675 0.138745
vt 0.169460 0.222318
vt 0.740911 0.443260
vt 0.759458 0.836747
vt 0.720745 0.521749
vt 0.416679 0.147185
vt 0.740911 0.502802
vt 0.117879 0.331345
vt 0.052994 0.097011
vt 0.902643 0.120329
vt 0.959254 0.071829
vt 0.490524 0.363831
vt 0.940396 0.071829
vt 0.635470 0.610593
vt 0.267828 0.291430
vt 0.430012 0.461649
vt 0.932853 0.553335
vt 0.867032 0.574631
vt 0.527367 0.698518
vt 0.634139 0.510885
vt 0.387948 0.896610
vt 0.388275 0.460009
vt 0.947939 0.287315
vt 0.940396 0.169164
vt 0.172750 0.270879
vt 0.854852 0.943856
vt 0.634139 0.510885
vt 0.091040 0.540001
vt 0.490524 0.030983
vt 0.963026 0.071829
vt 0.134143 0.116098
vt 0.172750 0.470692
vt 0.902643 0.120329
vt 0.990756 0.071829
vt 0.902643 0.454253
vt 0.987675 0.000000
vt 0.856307 0.143658
vt 0.134143 0.369554
vt 0.083669 0.301427
vt 0.302131 0.090724
vt 0.887519 0.430973
vt 0.891300 0.574631
vt 0.975350 0.574631
vt 0.875332 0.943856
vt 0.694415 0.918374
vt 0.301025 0.450641
vt 0.902643 0.120329
vt 0.902643 0.454253
vt 0.856308 0.360137
vt 0.097478 0.220555
vt 0.775547 0.971858
vt 0.116045 0.933556
vt 0.801212 0.021287
vt 0.431591 0.461649
vt 0.963026 0.359144
vt 0.100973 0.293254
vt 0.169460 0.293254
vt 0.834371 0.943856
vt 0.966107 0.143658
vt 0.828463 0.021287
vt 0.719626 0.519125
vt 0.222817 0.798306
vt 0.240388 0.085394
vt 0.415574 0.452281
vt 0.975350 0.000000
vt 0.887519 0.071829
vt 0.850945 0.000000
vt 0.879814 0.710302
vt 0.912945 0.909719
vt 0.417152 0.478744
vt 0.947939 0.287315
vt 0.506579 0.299365
vt 0.134143 0.010283
vt 0.240388 0.210276
vt 0.116045 0.798306
vt 0.024219 0.403785
vt 0.402240 0.157500
vt 0.740911 0.466888
vt 0.295269 0.528967
vt 0.240388 0.291430
vt 0.902643 0.287315
vt 0.898862 0.359144
vt 0.932853 0.405467
vt 0.898862 0.000000
vt 0.527368 0.510885
vt 0.093816 0.097011
vt 0.300552 0.105723
vt 0.887519 0.287315
vt 0.906424 0.000000
vt 0.050450 0.161171
vt 0.527368 0.710302
vt 0.634139 0.285455
vt 0.854852 0.845552
vt 0.872395 0.120329
vt 0.872395 0.454253
vt 0.399329 0.573087
vt 0.134143 0.116098
vt 0.134143 0.116098
vt 0.387948 0.896610
vt 0.932853 0.000000
vt 0.490524 0.119083
vt 0.740911 0.359144
vt 0.172750 0.370785
vt 0.066810 0.366863
vt 0.363855 0.413451
vt 0.895081 0.071829
vt 0.963026 0.000000
vt 0.872395 0.071829
vt 0.090218 0.924752
vt 0.117879 0.331345
vt 0.490524 0.060032
vt 0.969188 0.287315
vt 0.716545 0.519125
vt 0.887519 0.574631
vt 0.090218 0.924752
vt 0.834371 0.710302
vt 0.850945 0.454253
vt 0.951711 0.340875
vt 0.267828 0.168649
vt 0.077890 0.220555
vt 0.334603 0.896610
vt 0.507812 0.099788
vt 0.490524 0.041990
vt 1.000000 0.000000
vt 0.891300 0.071829
vt 0.240228 0.304181
vt 0.134143 0.293254
vt 0.285515 0.293406
vt 0.861670 0.502802
vt 0.932853 0.071829
vt 0.966107 0.574631
vt 0.759458 0.710302
vt 0.052994 0.136189
vt 0.386223 0.156553
vt 0.386223 0.156553
vt 0.902643 0.430973
vt 0.955482 0.143658
vt 0.267828 0.043767
vt 0.169431 0.798306
vt 0.694415 0.836747
vt 0.993838 0.138745
vt 0.902643 0.287315
vt 0.694415 1.000000
vt 0.963026 0.233755
vt 0.100973 0.369554
vt 0.117879 0.256493
vt 0.503056 0.879932
vt 0.963026 0.143658
vt 0.302131 0.167561
vt 0.972269 0.071829
vt 0.050450 0.161171
vt 0.134143 0.116098
vt 0.947939 0.120378
vt 0.906424 0.430973
vt 0.947939 0.454302
vt 0.850945 0.574631
vt 0.975350 0.215487
vt 0.834371 0.791928
vt 0.172750 0.503994
vt 0.490524 0.090724
vt 0.902643 0.405467
vt 0.861670 0.574631
vt 0.267828 0.251885
vt 0.834371 0.791928
vt 0.478166 0.798306
vt 0.910205 0.153749
vt 0.488946 0.408828
vt 1.000000 0.071829
vt 0.913986 0.428590
vt 0.117879 0.443978
vt 0.117879 0.407256
vt 0.276203 0.938103
vt 0.932853 0.502802
vt 0.431118 0.120722
vt 0.990756 0.071829
vt 0.134143 0.010283
vt 0.240388 0.350814
vt 0.285515 0.413451
vt 0.906424 0.143658
vt 0.887519 0.287315
vt 0.910205 0.430973
vt 0.775547 0.873554
vt 0.169460 0.331345
vt 0.300552 0.049718
vt 0.891300 0.287315
vt 0.993838 0.000000
vt 0.117879 0.293254
vt 0.854852 0.845552
vt 0.589228 0.836747
vt 0.947939 0.454302
vt 0.311316 0.612811
vt 0.117879 0.407256
vt 0.134143 0.293254
vt 0.389914 0.896610
vt 0.932853 0.574631
vt 0.300552 0.105723
vt 0.913986 0.071829
vt 0.169460 0.010283
vt 0.117879 0.293254
vt 0.902643 0.120329
vt 0.969188 0.359144
vt 0.966107 0.287315
vt 0.966107 0.287315
vt 0.300552 0.258196
vt 0.719604 0.836747
vt 0.301025 0.433546
vt 0.963026 0.359144
vt 0.000000 0.598730
vt 0.093816 0.132109
vt 0.301025 0.478744
vt 0.116045 0.798306
vt 0.019565 0.299365
vt 0.490524 0.023255
vt 0.864378 0.389124
vt 0.172750 0.437389
vt 0.169460 0.443978
vt 0.643413 0.836747
vt 0.740911 0.430973
vt 0.445557 0.120722
vt 0.898862 0.359144
vt 0.267828 0.127021
vt 0.240388 0.251885
vt 0.902643 0.120329
vt 0.902643 0.454253
vt 0.947939 0.071829
vt 0.944168 0.574631
vt 0.854852 0.943856
vt 0.744793 0.836747
vt 0.488946 0.051358
vt 0.975350 0.287315
vt 0.527367 0.498941
vt 0.117879 0.116098
vt 0.527368 0.528967
vt 0.351115 0.798306
vt 0.915155 0.143658
vt 0.490524 0.060726
vt 0.720745 0.521749
vt 0.172750 0.270879
vt 0.240388 0.350814
vt 0.297729 0.896610
vt 0.740911 0.035914
vt 0.490524 0.120722
vt 0.966107 0.215487
vt 0.097478 0.220555
vt 0.172750 0.237577
vt 0.488946 0.041990
vt 0.694415 0.936456
vt 0.861670 0.143658
vt 0.651088 0.963193
vt 0.521493 0.798306
vt 0.431591 0.478744
vt 0.947939 0.215487
vt 0.240388 0.528967
vt 0.875332 0.943856
vt 0.478166 0.924752
vt 0.353916 0.598730
vt 0.302131 0.408828
vt 0.091040 0.540001
vt 0.050450 0.161171
vt 0.050450 0.161171
vt 0.169431 0.933556
vt 0.951711 0.215487
vt 0.416679 0.139458
vt 0.891300 0.215487
vt 0.117879 0.222318
vt 0.045062 0.273580
vt 0.932853 0.287315
vt 0.316166 0.896610
vt 0.895081 0.143658
vt 0.521493 0.961559
vt 0.675979 0.836747
vt 0.300552 0.075725
vt 0.932853 0.574631
vt 0.771251 0.287315
vt 0.045062 0.301427
vt 0.675979 0.836747
vt 0.478166 0.896610
vt 0.861670 0.379398
vt 0.402240 0.148825
vt 0.828463 0.021287
vt 0.134143 0.010283
vt 0.240388 0.210276
vt 0.387948 0.896610
vt 0.850945 0.359144
vt 0.388275 0.431906
vt 0.906424 0.430973
vt 0.083669 0.245733
vt 0.117879 0.479053
vt 0.444451 0.478744
vt 0.902643 0.430973
vt 0.910205 0.574631
vt 0.316166 0.896610
vt 0.503056 0.961559
vt 0.402713 0.478744
vt 0.267828 0.291430
vt 0.000000 0.399153
vt 0.240228 0.337483
vt 0.791635 0.955181
vt 0.634139 0.285455
vt 0.910205 0.420882
vt 0.300552 0.023255
vt 0.024219 0.403785
vt 0.267828 0.002139
vt 0.052994 0.069164
vt 0.527368 0.836747
vt 0.966107 0.502802
vt 0.387802 0.158193
vt 0.898862 0.430973
vt 0.134143 0.256493
vt 0.134143 0.511120
vt 0.300552 0.032623
vt 0.527368 0.067625
vt 0.867032 0.000000
vt 0.940396 0.574631
vt 0.759458 0.971858
vt 0.643413 0.836747
vt 0.402713 0.441274
vt 0.066810 0.307479
vt 0.887519 0.574631
vt 0.100973 0.443978
vt 0.710383 0.510885
vt 0.719604 0.936456
vt 0.898862 0.272131
vt 0.445557 0.129397
vt 0.947939 0.000000
vt 0.267828 0.210276
vt 0.077890 0.220555
vt 0.478166 0.798306
vt 0.936625 0.071829
vt 0.771251 0.553344
vt 0.969188 0.359144
vt 0.172750 0.270879
vt 0.134143 0.331345
vt 0.431118 0.130090
vt 0.963026 0.430973
vt 0.944168 0.143658
vt 0.000000 0.199577
vt 0.687525 0.285455
vt 0.634139 0.000000
vt 0.417152 0.469377
vt 0.987675 0.000000
vt 0.134143 0.443978
vt 0.527368 0.836747
vt 0.618875 0.510885
vt 0.216052 0.612811
vt 0.300552 0.167561
vt 0.507812 0.099788
vt 0.295269 0.043767
vt 0.117879 0.331345
vt 0.710383 0.583856
vt 0.972269 0.502802
vt 0.932853 0.405467
vt 0.944168 0.430973
vt 0.100973 0.331345
vt 0.077890 0.220555
vt 0.490524 0.105030
vt 0.932853 0.143658
vt 0.898862 0.574631
vt 0.527367 0.099788
vt 0.740911 0.443260
vt 0.651088 0.963193
vt 0.300552 0.139458
vt 0.850945 0.287315
vt 0.993838 0.138745
vt 0.169460 0.479053
vt 0.687525 0.067625
vt 0.000000 0.826448
vt 0.719626 0.521749
vt 0.488946 0.120722
vt 0.740911 0.000000
vt 0.117879 0.293254
vt 0.052994 0.097011
vt 0.527368 0.798306
vt 0.856308 0.359144
vt 0.850945 0.120329
vt 0.887519 0.143658
vt 0.936625 0.000000
vt 0.602280 0.692220
vt 0.602280 0.528967
vt 0.240388 0.350814
vt 0.301219 0.032623
vt 0.507827 0.000000
vt 0.932853 0.574631
vt 0.913986 0.574631
vt 0.850945 0.574631
vt 0.589228 0.963193
vt 0.478166 0.924752
vt 0.388275 0.469377
vt 0.902643 0.454253
vt 0.936625 0.169164
vt 0.172750 0.304181
vt 0.527368 0.963193
vt 0.441333 0.838440
vt 0.128038 0.573087
vt 0.301537 0.424369
vt 0.713464 0.510885
vt 0.295269 0.410199
vt 0.172750 0.237577
vt 0.285515 0.293406
vt 0.996919 0.071829
vt 0.917767 0.502802
vt 0.959254 0.430973
vt 0.134143 0.407256
vt 0.100973 0.010283
vt 0.490524 0.090724
vt 0.966107 0.287315
vt 0.996919 0.574631
vt 0.351115 0.856476
vt 0.810072 0.873554
vt 0.402713 0.478744
vt 0.872395 0.454253
vt 0.955482 0.233755
vt 0.050450 0.240434
vt 0.351115 0.856476
vt 0.090218 0.826448
vt 0.828463 0.553341
vt 0.301219 0.105723
vt 0.740911 0.323230
vt 0.100973 0.331345
vt 0.045062 0.245733
vt 0.947939 0.120378
vt 0.993838 0.502802
vt 0.828463 0.021296
vt 0.716545 0.515005
vt 0.879814 0.710302
vt 0.240388 0.127022
vt 0.417152 0.452281
vt 0.872395 0.553340
vt 0.944168 0.574631
vt 0.801212 0.000000
vt 0.222817 0.798306
vt 0.834371 0.943856
vt 0.402713 0.460009
vt 0.947939 0.454302
vt 0.019565 0.299365
vt 0.134143 0.222318
vt 0.240388 0.127022
vt 0.651088 0.963193
vt 0.867032 0.394535
vt 0.302131 0.060726
vt 0.872395 0.000000
vt 0.295269 0.210276
vt 0.047222 0.307479
vt 0.100973 0.222318
vt 0.898862 0.502802
vt 0.363855 0.173360
vt 0.932853 0.169164
vt 0.990756 0.000000
vt 0.618875 0.710302
vt 0.618875 0.510885
vt 0.117879 0.010283
vt 0.401135 0.452281
vt 0.401135 0.452281
vt 0.897489 0.287315
vt 0.955482 0.574631
vt 0.050450 0.240434
vt 0.912945 0.909719
vt 0.687525 0.000000
vt 0.849731 0.845552
vt 0.285515 0.173360
vt 1.000000 0.502802
vt 0.915155 0.143658
vt 0.240388 0.410199
vt 0.134143 0.010283
vt 0.478166 0.924752
vt 0.902643 0.000000
vt 0.488946 0.075725
vt 0.740911 0.538716
vt 0.169460 0.407256
vt 0.134143 0.222318
vt 0.963026 0.287315
vt 0.891300 0.143658
vt 0.975350 0.574631
vt 0.867032 0.000000
vt 0.553195 0.710302
vt 0.117879 0.293254
vt 0.488946 0.119083
vt 0.969188 0.287315
vt 0.910205 0.143658
vt 0.872395 0.574631
vt 0.580753 0.285455
vt 0.759458 0.710302
vt 0.849731 0.894704
vt 0.285515 0.053279
vt 0.353916 0.598730
vt 0.267828 0.127021
vt 0.045062 0.245733
vt 0.759458 0.873554
vt 0.872395 0.021299
vt 0.301219 0.051358
vt 0.972269 0.502802
vt 0.240228 0.404087
vt 0.134143 0.331345
vt 0.963026 0.120378
vt 0.867032 0.430973
vt 0.947939 0.143658
vt 0.856307 0.000000
vt 0.527368 0.710302
vt 0.083669 0.301427
vt 0.386696 0.431906
vt 0.771251 0.021292
vt 0.895081 0.430973
vt 0.267828 0.002139
vt 0.527368 0.710302
vt 0.297729 0.896610
vt 0.917767 0.138745
vt 0.887519 0.287315
vt 0.861670 0.379398
vt 0.100973 0.256493
vt 0.117879 0.443978
vt 0.694415 0.918374
vt 0.722707 0.519125
vt 0.300552 0.167561
vt 0.722707 0.510885
vt 0.050450 0.240434
vt 0.117879 0.169007
vt 0.917767 0.120329
vt 0.955482 0.359144
vt 0.917767 0.454253
vt 0.828463 0.000000
vt 0.826428 0.611998
vt 0.172750 0.237577
vt 0.302131 0.077365
vt 0.828463 0.553339
vt 0.902643 0.430973
vt 0.267828 0.410199
vt 0.791635 0.873554
vt 0.000000 0.826448
vt 0.944168 0.169164
vt 0.490524 0.407189
vt 0.910205 0.420882
vt 0.117879 0.479053
vt 0.240388 0.043767
vt 0.634139 0.000000
vt 0.963026 0.430973
vt 0.490524 0.105723
vt 0.000000 0.099788
vt 0.996919 0.071829
vt 0.134143 0.407256
vt 0.047222 0.366863
vt 0.100973 0.169007
vt 0.913986 0.143658
vt 0.285515 0.413451
vt 0.891300 0.287315
vt 0.887519 0.502802
vt 0.643413 0.808606
vt 0.045062 0.273580
vt 0.488946 0.256556
vt 0.850945 0.071829
vt 0.902643 0.143658
vt 0.117879 0.256493
vt 0.527368 0.836747
vt 0.643413 0.836747
vt 0.856031 0.359144
vt 0.963026 0.287315
vt 0.898862 0.272131
vt 0.134143 0.293254
vt 0.134143 0.331345
vt 0.675979 0.918374
vt 0.917767 0.574631
vt 0.490842 0.424369
vt 0.959254 0.359144
vt 0.169460 0.222318
vt 0.117879 0.407256
vt 0.850945 0.120329
vt 0.993838 0.071829
vt 0.963026 0.574631
vt 0.966107 0.000000
vt 0.580753 0.285455
vt 0.710383 0.692220
vt 0.854852 0.891726
vt 0.963026 0.430973
vt 0.527367 0.199577
vt 0.093816 0.097011
vt 0.675979 0.836747
vt 0.651088 0.836747
vt 0.489254 0.453693
vt 0.417152 0.460009
vt 0.216052 0.612811
vt 0.169460 0.479053
vt 0.169460 0.331345
vt 0.791635 0.873554
vt 0.740911 0.395059
vt 0.402713 0.450641
vt 0.898862 0.502802
vt 0.267828 0.251885
vt 0.240388 0.210276
vt 0.490524 0.074085
vt 0.872395 0.430973
vt 0.902643 0.143658
vt 0.634139 0.510885
vt 0.134143 0.511120
vt 0.386696 0.433546
vt 0.972269 0.287315
vt 0.000000 0.698518
vt 0.295269 0.410199
vt 0.602280 0.528967
vt 0.775547 0.873554
vt 0.996919 0.138745
vt 0.490842 0.415001
vt 0.719626 0.521749
vt 0.100973 0.407256
vt 0.047222 0.366863
vt 0.643413 0.836747
vt 0.100973 0.169007
vt 0.740911 0.502802
vt 0.490524 0.032623
vt 0.959254 0.215487
vt 0.117879 0.169007
vt 0.169460 0.443978
vt 0.490524 0.041297
vt 0.297729 0.856476
vt 1.000000 0.435886
vt 0.940396 0.143658
vt 0.634139 0.067625
vt 0.371477 0.920066
vt 0.431118 0.139458
vt 0.850945 0.430973
vt 0.710383 0.510885
vt 0.295269 0.291430
vt 0.736210 0.611998
vt 0.744793 0.836747
vt 0.856308 0.214494
vt 0.445557 0.120722
vt 0.801212 0.021287
vt 0.050450 0.240434
vt 0.077890 0.161171
vt 0.834371 0.845552
vt 0.891300 0.502802
vt 0.300552 0.378830
vt 0.507827 0.000000
vt 0.944168 0.502802
vt 0.117879 0.443978
vt 0.169460 0.256493
vt 0.902643 0.287315
vt 0.389914 0.896610
vt 0.955482 0.143658
vt 0.675979 0.836747
vt 0.316166 0.978236
vt 0.490524 0.075725
vt 0.987675 0.071829
vt 0.987675 0.574631
vt 0.295269 0.043767
vt 0.297729 0.961559
vt 0.854852 0.845552
vt 0.951711 0.233755
vt 0.302131 0.051358
vt 0.917767 0.021290
vt 0.134143 0.443978
vt 0.240388 0.043767
vt 0.879814 0.575052
vt 0.963026 0.215487
vt 0.490524 0.041990
vt 0.972269 0.143658
vt 0.117879 0.407256
vt 0.077890 0.161171
vt 0.490842 0.422729
vt 0.932853 0.021290
vt 0.898862 0.000000
vt 0.716545 0.510885
vt 0.353040 0.920066
vt 0.618875 0.510885
vt 0.402240 0.158193
vt 0.240388 0.350814
vt 0.801212 0.574631
vt 0.240228 0.437389
vt 0.812844 0.733758
vt 0.651088 0.963193
vt 0.947939 0.405467
vt 0.416679 0.139458
vt 0.867032 0.394535
vt 0.267828 0.528967
vt 0.134143 0.010283
vt 0.503056 0.924752
vt 0.951711 0.502802
vt 0.300552 0.060726
vt 0.891300 0.430973
vt 0.169460 0.479053
vt 0.134143 0.222318
vt 0.488946 0.074085
vt 0.634139 0.067625
vt 0.913986 0.000000
vt 0.975350 0.430973
vt 0.553195 0.808606
vt 0.169431 0.933556
vt 0.300552 0.105723
vt 0.066810 0.366863
vt 0.902643 0.574631
vt 0.240388 0.002139
vt 0.387948 0.838440
vt 0.887757 0.710302
vt 0.038113 0.453693
vt 0.302131 0.041990
vt 0.917767 0.000000
vt 0.267828 0.410199
vt 0.077890 0.220555
vt 0.300552 0.167561
vt 0.944168 0.071829
vt 0.801212 0.000000
vt 0.993838 0.071829
vt 0.172750 0.304181
vt 0.172750 0.178718
vt 0.488946 0.060726
vt 0.975350 0.287315
vt 0.867032 0.143658
vt 0.527367 0.399153
vt 0.589228 0.836747
vt 0.634139 0.067625
vt 0.527368 0.067625
vt 0.387802 0.167560
vt 0.872395 0.574631
vt 0.134143 0.331345
vt 0.589228 0.836747
vt 0.828509 0.873554
vt 0.170249 0.597671
vt 0.302131 0.075725
vt 0.872395 0.021299
vt 0.295269 0.085394
vt 0.295269 0.002139
vt 0.589228 0.963193
vt 0.972269 0.215487
vt 0.300552 0.348832
vt 0.936625 0.430973
vt 0.912945 0.909719
vt 0.117879 0.169007
vt 0.302131 0.060726
vt 0.932853 0.071829
vt 0.887519 0.359144
vt 0.687525 0.067625
vt 0.791635 0.971858
vt 0.300552 0.148825
vt 0.850945 0.454253
vt 0.169460 0.511120
vt 0.651088 0.836747
vt 0.387948 0.798306
vt 0.713464 0.521749
vt 0.301219 0.120722
vt 0.740911 0.071829
vt 0.117879 0.407256
vt 0.083669 0.301427
vt 0.887519 0.120329
vt 0.867032 0.502802
vt 0.963026 0.359144
vt 0.936625 0.143658
vt 0.602280 0.610593
vt 0.047222 0.307479
vt 0.100973 0.222318
vt 0.415101 0.148825
vt 0.902643 0.502802
vt 0.951711 0.000000
vt 0.987675 0.000000
vt 0.634139 0.285455
vt 0.527368 0.836747
vt 0.388275 0.460009
vt 0.285514 0.533532
vt 0.910205 0.153749
vt 0.134143 0.169007
vt 0.527368 0.285455
vt 0.503056 0.798306
vt 0.915155 0.430973
vt 0.431118 0.138764
vt 0.932853 0.430973
vt 0.240228 0.119858
vt 0.172750 0.404087
vt 0.932853 0.454253
vt 0.966107 0.359144
vt 0.963026 0.574631
vt 0.955482 0.502802
vt 0.134143 0.293254
vt 0.100973 0.116098
vt 0.300552 0.090724
vt 0.966107 0.287315
vt 0.975350 0.071829
vt 0.527367 0.000000
vt 0.834371 0.710302
vt 0.810072 0.955181
vt 0.301025 0.469377
vt 0.917767 0.287315
vt 0.947939 0.233755
vt 0.097478 0.161171
vt 0.553195 0.808606
vt 0.834371 0.943856
vt 0.850945 0.553344
vt 0.300552 0.256556
vt 0.745160 0.574631
vt 0.117879 0.010283
vt 0.045062 0.273580
vt 0.902643 0.287315
vt 0.969188 0.071829
vt 0.917767 0.574631
vt 0.872395 0.502802
vt 0.791635 0.955181
vt 0.052994 0.041317
vt 0.416485 0.450641
vt 0.963026 0.574631
vt 0.975350 0.502802
vt 0.801212 0.574631
vt 0.297729 0.879932
vt 0.912945 0.810010
vt 0.416679 0.130090
vt 0.963026 0.287315
vt 0.489254 0.453693
vt 0.134143 0.479053
vt 0.240388 0.168649
vt 0.791635 0.971858
vt 0.436327 0.540001
vt 0.400662 0.158193
vt 0.740911 0.107743
vt 0.295269 0.291430
vt 0.066810 0.307479
vt 0.917767 0.287315
vt 0.990756 0.502802
vt 0.887519 0.553341
vt 0.975350 0.359144
vt 0.527368 0.710302
vt 0.117879 0.116098
vt 0.488946 0.077365
vt 0.897489 0.287315
vt 0.947939 0.430973
vt 0.050450 0.220555
vt 0.618875 0.610593
vt 0.740911 0.510885
vt 0.387802 0.120722
vt 0.285515 0.053279
vt 0.947939 0.340875
vt 0.117879 0.116098
vt 0.172750 0.119858
vt 0.527368 0.836747
vt 0.917767 0.000000
vt 0.416679 0.148132
vt 0.740911 0.215487
vt 0.172750 0.304181
vt 0.134143 0.169007
vt 0.902643 0.120329
vt 0.898862 0.143658
vt 0.975350 0.553332
vt 0.951711 0.574631
vt 0.116045 0.924752
vt 0.117879 0.407256
vt 0.490524 0.059086
vt 0.872395 0.430973
vt 0.895081 0.143658
vt 0.975350 0.000000
vt 0.116045 0.924752
vt 0.521493 0.879932
vt 0.387802 0.148825
vt 0.932853 0.120329
vt 0.856308 0.214494
vt 0.267828 0.251885
vt 0.045062 0.273580
vt 0.694415 0.836747
vt 0.987675 0.553332
vt 0.387802 0.166867
vt 1.000000 0.000000
vt 0.856308 0.502802
vt 0.240228 0.370785
vt 0.052994 0.041317
vt 0.947939 0.454253
vt 0.959254 0.143658
vt 0.917767 0.574631
vt 0.902643 0.215487
vt 0.826428 0.710302
vt 0.052994 0.097011
vt 0.300552 0.090724
vt 0.771251 0.000000
vt 0.969188 0.143658
vt 0.267828 0.127021
vt 0.733631 0.710302
vt 0.503056 0.798306
vt 0.947939 0.287315
vt 0.951711 0.233755
vt 0.100973 0.293254
vt 0.117879 0.293254
vt 0.810072 0.873554
vt 0.716545 0.510885
vt 0.300552 0.165921
vt 0.722707 0.515005
vt 0.050450 0.220555
vt 0.172750 0.119858
vt 0.363854 0.533532
vt 0.856307 0.143658
vt 0.363855 0.293406
vt 0.872395 0.000000
vt 0.972269 0.000000
vt 0.759458 0.971858
vt 0.169460 0.443978
vt 0.302131 0.059086
vt 0.902643 0.340876
vt 0.940396 0.574631
vt 0.093816 0.069164
vt 0.553195 0.808606
vt 0.687525 0.510885
vt 0.906424 0.161457
vt 0.887519 0.454253
vt 0.947939 0.405467
vt 0.117879 0.293254
vt 0.100973 0.010283
vt 0.687525 0.510885
vn 0.000000 0.000000 1.000000
vn 0.000000 0.000000 1.000000
vn 0.000000 0.000000 1.000000
vn 0.000000 0.000000 1.000000
vn 0.000000 1.000000 -0.000000
vn 0.000000 1.000000 -0.000000
vn 0.000000 1.000000 -0.000000
vn 0.000000 1.000000 -0.000000
vn -1.000000 0.000000 0.000000
vn -1.000000 0.000000 0.000000
vn -1.000000 0.000000 0.000000
vn -1.000000 0.000000 0.000000
vn 0.000000 0.000000 1.000000
vn 0.000000 0.000000 1.000000
vn 0.000000 0.000000 1.000000
vn 0.000000 0.000000 1.000000
vn 0.000000 0.000000 1.000000
vn 0.000000 0.000000 1.000000
vn 0.000000 0.000000 1.000000
vn 0.000000 0.000000 1.000000
vn 0.000000 -1.000000 0.000000
vn 0.000000 -1.000000 0.000000
vn 0.000000 -1.000000 0.000000
vn 0.000000 -1.000000 0.000000
vn 0.000000 1.000000 -0.000000
vn 0.000000 1.000000 -0.000000
vn 0.000000 1.000000 -0.000000
vn 0.000000 1.000000 -0.000000
vn 0.000000 0.000000 1.000000
vn 0.000000 0.000000 1.000000
vn 0.000000 0.000000 1.000000
vn 0.000000 0.000000 1.000000
vn 0.000000 -1.000000 0.000000
vn 0.000000 -1.000000 0.000000
vn 0.000000 -1.000000 0.000000
vn 0.000000 -1.000000 0.000000
vn -1.000000 0.000000 -0.000000
vn -1.000000 0.000000 -0.000000
vn -1.000000 0.000000 -0.000000
vn -1.000000 0.000000 -0.000000
vn 0.000000 0.000000 1.000000
vn 0.000000 0.000000 1.000000
vn 0.000000 0.000000 1.000000
vn 0.000000 0.000000 1.000000
vn 0.000000 0.000000 1.000000
vn 0.000000 0.000000 1.000000
vn 0.000000 0.000000 1.000000
vn 0.000000 0.000000 1.000000
vn 0.000000 1.000000 -0.000000
vn 0.000000 1.000000 -0.000000
vn 0.000000 1.000000 -0.000000
vn 0.000000 1.000000 -0.000000
vn -0.000002 -1.000000 0.000000
vn -0.000002 -1.000000 0.000000
vn -0.000002 -1.000000 0.000000
vn -0.000002 -1.000000 0.000000
vn 0.000000 0.000000 1.000000
vn 0.000000 0.000000 1.000000
vn 0.000000 0.000000 1.000000
vn 0.000000 0.000000 1.000000
vn 1.000000 -0.000000 -0.000000
vn 1.000000 -0.000000 -0.000000
vn 1.000000 -0.000000 -0.000000
vn 1.000000 -0.000000 -0.000000
vn -1.000000 0.000000 0.000000
vn -1.000000 0.000000 0.000000
vn -1.000000 0.000000 0.000000
vn -1.000000 0.000000 0.000000
vn 0.000000 1.000000 -0.000000
vn 0.000000 1.000000 -0.000000
vn 0.000000 1.000000 -0.000000
vn 0.000000 1.000000 -0.000000
vn -1.000000 0.000000 0.000000
vn -1.000000 0.000000 0.000000
vn -1.000000 0.000000 0.000000
vn -1.000000 0.000000 0.000000
vn 1.000000 -0.000000 -0.000000
vn 1.000000 -0.000000 -0.000000
vn 1.000000 -0.000000 -0.000000
vn 1.000000 -0.000000 -0.000000
vn 0.000000 -1.000000 0.000000
vn 0.000000 -1.000000 0.000000
vn 0.000000 -1.000000 0.000000
vn 0.000000 -1.000000 0.000000
vn -1.000000 0.000000 0.000000
vn -1.000000 0.000000 0.000000
vn -1.000000 0.000000 0.000000
vn -1.000000 0.000000 0.000000
vn 0.000000 -1.000000 0.000000
vn 0.000000 -1.000000 0.000000
vn 0.000000 -1.000000 0.000000
vn 0.000000 -1.000000 0.000000
vn -1.000000 0.000000 0.000000
vn -1.000000 0.000000 0.000000
vn -1.000000 0.000000 0.000000
vn -1.000000 0.000000 0.000000
vn 1.000000 -0.000000 -0.000000
vn 1.000000 -0.000000 -0.000000
vn 1.000000 -0.000000 -0.000000
vn 1.000000 -0.000000 -0.000000
vn 0.000000 1.000000 -0.000000
vn 0.000000 1.000000 -0.000000
vn 0.000000 1.000000 -0.000000
vn 0.000000 1.000000 -0.000000
vn -1.000000 0.000000 0.000000
vn -1.000000 0.000000 0.000000
vn -1.000000 0.000000 0.000000
vn -1.000000 0.000000 0.000000
vn 0.000000 0.000000 1.000000
vn 0.000000 0.000000 1.000000
vn 0.000000 0.000000 1.000000
vn 0.000000 0.000000 1.000000
vn 0.000000 -1.000000 0.000000
vn 0.000000 -1.000000 0.000000
vn 0.000000 -1.000000 0.000000
vn 0.000000 -1.000000 0.000000
vn 0.000000 0.000000 1.000000
vn 0.000000 0.000000 1.000000
vn 0.000000 0.000000 1.000000
vn 0.000000 0.000000 1.000000
vn 0.000000 1.000000 -0.000000
vn 0.000000 1.000000 -0.000000
vn 0.000000 1.000000 -0.000000
vn 0.000000 1.000000 -0.000000
vn 0.000000 1.000000 -0.000000
vn 0.000000 1.000000 -0.000000
vn 0.000000 1.000000 -0.000000
vn 0.000000 1.000000 -0.000000
vn 0.000000 0.000000 1.000000
vn 0.000000 0.000000 1.000000
vn 0.000000 0.000000 1.000000
vn 0.000000 0.000000 1.000000
vn 0.000000 -1.000000 0.000000
vn 0.000000 -1.000000 0.000000
vn 0.000000 -1.000000 0.000000
vn 0.000000 -1.000000 0.000000
vn 0.000000 0.000000 1.000000
vn 0.000000 0.000000 1.000000
vn 0.000000 0.000000 1.000000
vn 0.000000 0.000000 1.000000
vn 1.000000 -0.000000 -0.000000
vn 1.000000 -0.000000 -0.000000
vn 1.000000 -0.000000 -0.000000
vn 1.000000 -0.000000 -0.000000
vn 0.000000 0.000000 1.000000
vn 0.000000 0.000000 1.000000
vn 0.000000 0.000000 1.000000
vn 0.000000 0.000000 1.000000
vn -1.000000 0.000000 0.000000
vn -1.000000 0.000000 0.000000
vn -1.000000 0.000000 0.000000
vn -1.000000 0.000000 0.000000
vn 0.000000 0.000000 1.000000
vn 0.000000 0.000000 1.000000
vn 0.000000 0.000000 1.000000
vn 0.000000 0.000000 1.000000
vn 1.000000 0.000000 -0.000000
vn 1.000000 0.000000 -0.000000
vn 1.000000 0.000000 -0.000000
vn 1.000000 0.000000 -0.000000
vn 0.000000 0.000000 1.000000
vn 0.000000 0.000000 1.000000
vn 0.000000 0.000000 1.000000
vn 0.000000 0.000000 1.000000
vn -1.000000 0.000000 0.000000
vn -1.000000 0.000000 0.000000
vn -1.000000 0.000000 0.000000
vn -1.000000 0.000000 0.000000
vn 0.000000 -0.000000 -1.000000
vn 0.000000 -0.000000 -1.000000
vn 0.000000 -0.000000 -1.000000
vn 0.000000 -0.000000 -1.000000
vn 0.000000 -0.000000 -1.000000
vn 0.000000 -0.000000 -1.000000
vn 0.000000 -0.000000 -1.000000
vn 0.000000 -0.000000 -1.000000
vn 0.000000 1.000000 -0.000000
vn 0.000000 1.000000 -0.000000
vn 0.000000 1.000000 -0.000000
vn 0.000000 1.000000 -0.000000
vn 0.000000 1.000000 -0.000000
vn 0.000000 1.000000 -0.000000
vn 0.000000 1.000000 -0.000000
vn 0.000000 1.000000 -0.000000
vn 0.000000 1.000000 -0.000000
vn 0.000000 1.000000 -0.000000
vn 0.000000 1.000000 -0.000000
vn 0.000000 1.000000 -0.000000
vn 0.000000 -1.000000 0.000000
vn 0.000000 -1.000000 0.000000
vn 0.000000 -1.000000 0.000000
vn 0.000000 -1.000000 0.000000
vn 0.000000 -1.000000 0.000000
vn 0.000000 -1.000000 0.000000
vn 0.000000 -1.000000 0.000000
vn 0.000000 -1.000000 0.000000
vn 0.000000 -1.000000 0.000000
vn 0.000000 -1.000000 0.000000
vn 0.000000 -1.000000 0.000000
vn 0.000000 -1.000000 0.000000
vn 0.000000 -1.000000 0.000000
vn 0.000000 -1.000000 0.000000
vn 0.000000 -1.000000 0.000000
vn 0.000000 -1.000000 0.000000
vn 0.000000 -0.000000 -1.000000
vn 0.000000 -0.000000 -1.000000
vn 0.000000 -0.000000 -1.000000
vn 0.000000 -0.000000 -1.000000
vn 0.000000 -0.000000 -1.000000
vn 0.000000 -0.000000 -1.000000
vn 0.000000 -0.000000 -1.000000
vn 0.000000 -0.000000 -1.000000
vn -1.000000 -0.000000 0.000000
vn -1.000000 -0.000000 0.000000
vn -1.000000 -0.000000 0.000000
vn -1.000000 -0.000000 0.000000
vn -1.000000 -0.000000 -0.000000
vn -1.000000 -0.000000 -0.000000
vn -1.000000 -0.000000 -0.000000
vn -1.000000 -0.000000 -0.000000
vn 0.000000 0.000000 1.000000
vn 0.000000 0.000000 1.000000
vn 0.000000 0.000000 1.000000
vn 0.000000 0.000000 1.000000
vn 1.000000 0.000000 -0.000000
vn 1.000000 0.000000 -0.000000
vn 1.000000 0.000000 -0.000000
vn 1.000000 0.000000 -0.000000
vn 1.000000 -0.000000 -0.000000
vn 1.000000 -0.000000 -0.000000
vn 1.000000 -0.000000 -0.000000
vn 1.000000 -0.000000 -0.000000
vn -0.000003 1.000000 -0.000000
vn -0.000003 1.000000 -0.000000
vn -0.000003 1.000000 -0.000000
vn -0.000003 1.000000 -0.000000
vn 0.000003 -1.000000 0.000000
vn 0.000003 -1.000000 0.000000
vn 0.000003 -1.000000 0.000000
vn 0.000003 -1.000000 0.000000
vn 0.000000 1.000000 -0.000002
vn 0.000000 1.000000 -0.000002
vn 0.000000 1.000000 -0.000002
vn 0.000000 1.000000 -0.000002
vn -0.000001 -1.000000 0.000000
vn -0.000001 -1.000000 0.000000
vn -0.000001 -1.000000 0.000000
vn -0.000001 -1.000000 0.000000
vn 0.000003 1.000000 -0.000001
vn 0.000003 1.000000 -0.000001
vn 0.000003 1.000000 -0.000001
vn 0.000003 1.000000 -0.000001
vn -0.000003 -1.000000 0.000000
vn -0.000003 -1.000000 0.000000
vn -0.000003 -1.000000 0.000000
vn -0.000003 -1.000000 0.000000
vn 0.000000 0.000000 1.000000
vn 0.000000 0.000000 1.000000
vn 0.000000 0.000000 1.000000
vn 0.000000 0.000000 1.000000
vn 0.000000 1.000000 -0.000000
vn 0.000000 1.000000 -0.000000
vn 0.000000 1.000000 -0.000000
vn 0.000000 1.000000 -0.000000
vn 0.000000 0.000000 1.000000
vn 0.000000 0.000000 1.000000
vn 0.000000 0.000000 1.000000
vn 0.000000 0.000000 1.000000
vn 0.000000 -1.000000 0.000000
vn 0.000000 -1.000000 0.000000
vn 0.000000 -1.000000 0.000000
vn 0.000000 -1.000000 0.000000
vn -0.000000 1.000000 -0.000000
vn -0.000000 1.000000 -0.000000
vn -0.000000 1.000000 -0.000000
vn -0.000000 1.000000 -0.000000
vn 0.000000 0.000000 1.000000
vn 0.000000 0.000000 1.000000
vn 0.000000 0.000000 1.000000
vn 0.000000 0.000000 1.000000
vn 0.000000 -1.000000 0.000000
vn 0.000000 -1.000000 0.000000
vn 0.000000 -1.000000 0.000000
vn 0.000000 -1.000000 0.000000
vn 0.000000 0.000000 1.000000
vn 0.000000 0.000000 1.000000
vn 0.000000 0.000000 1.000000
vn 0.000000 0.000000 1.000000
vn 0.000000 1.000000 -0.000000
vn 0.000000 1.000000 -0.000000
vn 0.000000 1.000000 -0.000000
vn 0.000000 1.000000 -0.000000
vn 0.000002 -1.000000 0.000000
vn 0.000002 -1.000000 0.000000
vn 0.000002 -1.000000 0.000000
vn 0.000002 -1.000000 0.000000
vn 0.000000 1.000000 -0.000000
vn 0.000000 1.000000 -0.000000
vn 0.000000 1.000000 -0.000000
vn 0.000000 1.000000 -0.000000
vn 1.000000 0.000000 0.000000
vn 1.000000 0.000000 0.000000
vn 1.000000 0.000000 0.000000
vn 1.000000 0.000000 0.000000
vn 0.000000 -1.000000 0.000000
vn 0.000000 -1.000000 0.000000
vn 0.000000 -1.000000 0.000000
vn 0.000000 -1.000000 0.000000
vn 1.000000 0.000000 0.000000
vn 1.000000 0.000000 0.000000
vn 1.000000 0.000000 0.000000
vn 1.000000 0.000000 0.000000
vn 0.000000 -1.000000 0.000000
vn 0.000000 -1.000000 0.000000
vn 0.000000 -1.000000 0.000000
vn 0.000000 -1.000000 0.000000
vn 1.000000 0.000000 0.000000
vn 1.000000 0.000000 0.000000
vn 1.000000 0.000000 0.000000
vn 1.000000 0.000000 0.000000
vn 0.000000 1.000000 -0.000000
vn 0.000000 1.000000 -0.000000
vn 0.000000 1.000000 -0.000000
vn 0.000000 1.000000 -0.000000
vn 1.000000 0.000000 0.000000
vn 1.000000 0.000000 0.000000
vn 1.000000 0.000000 0.000000
vn 1.000000 0.000000 0.000000
vn 0.000000 -1.000000 0.000000
vn 0.000000 -1.000000 0.000000
vn 0.000000 -1.000000 0.000000
vn 0.000000 -1.000000 0.000000
vn 0.000000 1.000000 -0.000000
vn 0.000000 1.000000 -0.000000
vn 0.000000 1.000000 -0.000000
vn 0.000000 1.000000 -0.000000
vn 0.000000 1.000000 -0.000000
vn 0.000000 1.000000 -0.000000
vn 0.000000 1.000000 -0.000000
vn 0.000000 1.000000 -0.000000
vn 0.000000 -1.000000 0.000000
vn 0.000000 -1.000000 0.000000
vn 0.000000 -1.000000 0.000000
vn 0.000000 -1.000000 0.000000
vn 0.000000 1.000000 -0.000000
vn 0.000000 1.000000 -0.000000
vn 0.000000 1.000000 -0.000000
vn 0.000000 1.000000 -0.000000
vn 0.000000 0.000000 1.000000
vn 0.000000 0.000000 1.000000
vn 0.000000 0.000000 1.000000
vn 0.000000 0.000000 1.000000
vn -0.000000 0.000000 1.000000
vn -0.000000 0.000000 1.000000
vn -0.000000 0.000000 1.000000
vn -0.000000 0.000000 1.000000
vn 0.000000 0.000000 1.000000
vn 0.000000 0.000000 1.000000
vn 0.000000 0.000000 1.000000
vn 0.000000 0.000000 1.000000
vn 0.000000 1.000000 -0.000000
vn 0.000000 1.000000 -0.000000
vn 0.000000 1.000000 -0.000000
vn 0.000000 1.000000 -0.000000
vn 0.000001 -1.000000 0.000000
vn 0.000001 -1.000000 0.000000
vn 0.000001 -1.000000 0.000000
vn 0.000001 -1.000000 0.000000
vn 0.000000 -0.000000 -1.000000
vn 0.000000 -0.000000 -1.000000
vn 0.000000 -0.000000 -1.000000
vn 0.000000 -0.000000 -1.000000
vn 0.000000 1.000000 -0.000000
vn 0.000000 1.000000 -0.000000
vn 0.000000 1.000000 -0.000000
vn 0.000000 1.000000 -0.000000
vn -1.000000 0.000000 0.000000
vn -1.000000 0.000000 0.000000
vn -1.000000 0.000000 0.000000
vn -1.000000 0.000000 0.000000
vn 0.000000 -0.000000 -1.000000
vn 0.000000 -0.000000 -1.000000
vn 0.000000 -0.000000 -1.000000
vn 0.000000 -0.000000 -1.000000
vn 0.000000 -1.000000 0.000000
vn 0.000000 -1.000000 0.000000
vn 0.000000 -1.000000 0.000000
vn 0.000000 -1.000000 0.000000
vn 0.000000 1.000000 -0.000000
vn 0.000000 1.000000 -0.000000
vn 0.000000 1.000000 -0.000000
vn 0.000000 1.000000 -0.000000
vn 0.000000 -0.000000 -1.000000
vn 0.000000 -0.000000 -1.000000
vn 0.000000 -0.000000 -1.000000
vn 0.000000 -0.000000 -1.000000
vn 0.000000 -1.000000 0.000000
vn 0.000000 -1.000000 0.000000
vn 0.000000 -1.000000 0.000000
vn 0.000000 -1.000000 0.000000
vn -1.000000 0.000000 -0.000000
vn -1.000000 0.000000 -0.000000
vn -1.000000 0.000000 -0.000000
vn -1.000000 0.000000 -0.000000
vn 0.000000 -0.000000 -1.000000
vn 0.000000 -0.000000 -1.000000
vn 0.000000 -0.000000 -1.000000
vn 0.000000 -0.000000 -1.000000
vn 0.000000 -0.000000 -1.000000
vn 0.000000 -0.000000 -1.000000
vn 0.000000 -0.000000 -1.000000
vn 0.000000 -0.000000 -1.000000
vn 0.000000 1.000000 -0.000000
vn 0.000000 1.000000 -0.000000
vn 0.000000 1.000000 -0.000000
vn 0.000000 1.000000 -0.000000
vn -0.000002 -1.000000 0.000000
vn -0.000002 -1.000000 0.000000
vn -0.000002 -1.000000 0.000000
vn -0.000002 -1.000000 0.000000
vn 0.000000 -0.000000 -1.000000
vn 0.000000 -0.000000 -1.000000
vn 0.000000 -0.000000 -1.000000
vn 0.000000 -0.000000 -1.000000
vn 1.000000 0.000000 0.000000
vn 1.000000 0.000000 0.000000
vn 1.000000 0.000000 0.000000
vn 1.000000 0.000000 0.000000
vn -1.000000 0.000000 0.000000
vn -1.000000 0.000000 0.000000
vn -1.000000 0.000000 0.000000
vn -1.000000 0.000000 0.000000
vn 0.000000 1.000000 -0.000000
vn 0.000000 1.000000 -0.000000
vn 0.000000 1.000000 -0.000000
vn 0.000000 1.000000 -0.000000
vn -1.000000 0.000000 0.000000
vn -1.000000 0.000000 0.000000
vn -1.000000 0.000000 0.000000
vn -1.000000 0.000000 0.000000
vn 1.000000 0.000000 0.000000
vn 1.000000 0.000000 0.000000
vn 1.000000 0.000000 0.000000
vn 1.000000 0.000000 0.000000
vn 0.000000 -1.000000 0.000000
vn 0.000000 -1.000000 0.000000
vn 0.000000 -1.000000 0.000000
vn 0.000000 -1.000000 0.000000
vn -1.000000 0.000000 0.000000
vn -1.000000 0.000000 0.000000
vn -1.000000 0.000000 0.000000
vn -1.000000 0.000000 0.000000
vn 0.000000 -1.000000 0.000000
vn 0.000000 -1.000000 0.000000
vn 0.000000 -1.000000 0.000000
vn 0.000000 -1.000000 0.000000
vn -1.000000 0.000000 0.000000
vn -1.000000 0.000000 0.000000
vn -1.000000 0.000000 0.000000
vn -1.000000 0.000000 0.000000
vn 1.000000 0.000000 0.000000
vn 1.000000 0.000000 0.000000
vn 1.000000 0.000000 0.000000
vn 1.000000 0.000000 0.000000
vn 0.000000 1.000000 -0.000000
vn 0.000000 1.000000 -0.000000
vn 0.000000 1.000000 -0.000000
vn 0.000000 1.000000 -0.000000
vn -1.000000 0.000000 0.000000
vn -1.000000 0.000000 0.000000
vn -1.000000 0.000000 0.000000
vn -1.000000 0.000000 0.000000
vn 0.000000 -1.000000 0.000000
vn 0.000000 -1.000000 0.000000
vn 0.000000 -1.000000 0.000000
vn 0.000000 -1.000000 0.000000
vn 0.000000 1.000000 -0.000000
vn 0.000000 1.000000 -0.000000
vn 0.000000 1.000000 -0.000000
vn 0.000000 1.000000 -0.000000
vn 0.000000 1.000000 -0.000000
vn 0.000000 1.000000 -0.000000
vn 0.000000 1.000000 -0.000000
vn 0.000000 1.000000 -0.000000
vn 0.000000 -0.000000 -1.000000
vn 0.000000 -0.000000 -1.000000
vn 0.000000 -0.000000 -1.000000
vn 0.000000 -0.000000 -1.000000
vn 0.000000 -1.000000 0.000000
vn 0.000000 -1.000000 0.000000
vn 0.000000 -1.000000 0.000000
vn 0.000000 -1.000000 0.000000
vn 0.000000 -0.000000 -1.000000
vn 0.000000 -0.000000 -1.000000
vn 0.000000 -0.000000 -1.000000
vn 0.000000 -0.000000 -1.000000
vn 1.000000 -0.000000 0.000000
vn 1.000000 -0.000000 0.000000
vn 1.000000 -0.000000 0.000000
vn 1.000000 -0.000000 0.000000
vn 0.000000 -0.000000 -1.000000
vn 0.000000 -0.000000 -1.000000
vn 0.000000 -0.000000 -1.000000
vn 0.000000 -0.000000 -1.000000
vn -1.000000 -0.000000 0.000000
vn -1.000000 -0.000000 0.000000
vn -1.000000 -0.000000 0.000000
vn -1.000000 -0.000000 0.000000
vn 1.000000 0.000000 -0.000000
vn 1.000000 0.000000 -0.000000
vn 1.000000 0.000000 -0.000000
vn 1.000000 0.000000 -0.000000
vn 0.000000 -0.000000 -1.000000
vn 0.000000 -0.000000 -1.000000
vn 0.000000 -0.000000 -1.000000
vn 0.000000 -0.000000 -1.000000
vn -1.000000 -0.000000 0.000000
vn -1.000000 -0.000000 0.000000
vn -1.000000 -0.000000 0.000000
vn -1.000000 -0.000000 0.000000
vn 0.000000 0.000000 1.000000
vn 0.000000 0.000000 1.000000
vn 0.000000 0.000000 1.000000
vn 0.000000 0.000000 1.000000
vn 0.000000 0.000000 1.000000
vn 0.000000 0.000000 1.000000
vn 0.000000 0.000000 1.000000
vn 0.000000 0.000000 1.000000
vn 0.000000 1.000000 -0.000000
vn 0.000000 1.000000 -0.000000
vn 0.000000 1.000000 -0.000000
vn 0.000000 1.000000 -0.000000
vn 0.000000 1.000000 -0.000000
vn 0.000000 1.000000 -0.000000
vn 0.000000 1.000000 -0.000000
vn 0.000000 1.000000 -0.000000
vn 0.000001 1.000000 -0.000000
vn 0.000001 1.000000 -0.000000
vn 0.000001 1.000000 -0.000000
vn 0.000001 1.000000 -0.000000
vn 0.000000 -1.000000 0.000000
vn 0.000000 -1.000000 0.000000
vn 0.000000 -1.000000 0.000000
vn 0.000000 -1.000000 0.000000
vn 0.000000 -1.000000 0.000000
vn 0.000000 -1.000000 0.000000
vn 0.000000 -1.000000 0.000000
vn 0.000000 -1.000000 0.000000
vn 0.000000 0.000000 1.000000
vn 0.000000 0.000000 1.000000
vn 0.000000 0.000000 1.000000
vn 0.000000 0.000000 1.000000
vn 0.000000 0.000000 1.000000
vn 0.000000 0.000000 1.000000
vn 0.000000 0.000000 1.000000
vn 0.000000 0.000000 1.000000
vn -1.000000 -0.000000 0.000000
vn -1.000000 -0.000000 0.000000
vn -1.000000 -0.000000 0.000000
vn -1.000000 -0.000000 0.000000
vn -1.000000 0.000000 0.000000
vn -1.000000 0.000000 0.000000
vn -1.000000 0.000000 0.000000
vn -1.000000 0.000000 0.000000
vn 0.000000 -0.000000 -1.000000
vn 0.000000 -0.000000 -1.000000
vn 0.000000 -0.000000 -1.000000
vn 0.000000 -0.000000 -1.000000
vn 1.000000 -0.000000 0.000000
vn 1.000000 -0.000000 0.000000
vn 1.000000 -0.000000 0.000000
vn 1.000000 -0.000000 0.000000
vn 0.000000 -0.000000 -1.000000
vn 0.000000 -0.000000 -1.000000
vn 0.000000 -0.000000 -1.000000
vn 0.000000 -0.000000 -1.000000
vn -0.000000 -0.000000 -1.000000
vn -0.000000 -0.000000 -1.000000
vn -0.000000 -0.000000 -1.000000
vn -0.000000 -0.000000 -1.000000
vn -0.000002 1.000000 0.000000
vn -0.000002 1.000000 0.000000
vn -0.000002 1.000000 0.000000
vn -0.000002 1.000000 0.000000
vn 0.000002 -1.000000 0.000000
vn 0.000002 -1.000000 0.000000
vn 0.000002 -1.000000 0.000000
vn 0.000002 -1.000000 0.000000
vn 0.000000 1.000000 0.000002
vn 0.000000 1.000000 0.000002
vn 0.000000 1.000000 0.000002
vn 0.000000 1.000000 0.000002
vn -0.000001 -1.000000 0.000000
vn -0.000001 -1.000000 0.000000
vn -0.000001 -1.000000 0.000000
vn -0.000001 -1.000000 0.000000
vn 0.000002 1.000000 0.000000
vn 0.000002 1.000000 0.000000
vn 0.000002 1.000000 0.000000
vn 0.000002 1.000000 0.000000
vn -0.000003 -1.000000 0.000000
vn -0.000003 -1.000000 0.000000
vn -0.000003 -1.000000 0.000000
vn -0.000003 -1.000000 0.000000
vn 0.000000 1.000000 0.000002
vn 0.000000 1.000000 0.000002
vn 0.000000 1.000000 0.000002
vn 0.000000 1.000000 0.000002
vn 0.000000 -0.000000 -1.000000
vn 0.000000 -0.000000 -1.000000
vn 0.000000 -0.000000 -1.000000
vn 0.000000 -0.000000 -1.000000
vn 0.000000 1.000000 -0.000000
vn 0.000000 1.000000 -0.000000
vn 0.000000 1.000000 -0.000000
vn 0.000000 1.000000 -0.000000
vn 0.000000 -0.000000 -1.000000
vn 0.000000 -0.000000 -1.000000
vn 0.000000 -0.000000 -1.000000
vn 0.000000 -0.000000 -1.000000
vn 0.000000 -1.000000 0.000000
vn 0.000000 -1.000000 0.000000
vn 0.000000 -1.000000 0.000000
vn 0.000000 -1.000000 0.000000
vn -0.000000 1.000000 -0.000000
vn -0.000000 1.000000 -0.000000
vn -0.000000 1.000000 -0.000000
vn -0.000000 1.000000 -0.000000
vn 0.000000 -0.000000 -1.000000
vn 0.000000 -0.000000 -1.000000
vn 0.000000 -0.000000 -1.000000
vn 0.000000 -0.000000 -1.000000
vn 0.000000 -1.000000 0.000000
vn 0.000000 -1.000000 0.000000
vn 0.000000 -1.000000 0.000000
vn 0.000000 -1.000000 0.000000
vn 0.000000 -0.000000 -1.000000
vn 0.000000 -0.000000 -1.000000
vn 0.000000 -0.000000 -1.000000
vn 0.000000 -0.000000 -1.000000
vn 0.000000 -0.000000 -1.000000
vn 0.000000 -0.000000 -1.000000
vn 0.000000 -0.000000 -1.000000
vn 0.000000 -0.000000 -1.000000
vn 0.000000 1.000000 -0.000000
vn 0.000000 1.000000 -0.000000
vn 0.000000 1.000000 -0.000000
vn 0.000000 1.000000 -0.000000
vn 0.000002 -1.000000 0.000000
vn 0.000002 -1.000000 0.000000
vn 0.000002 -1.000000 0.000000
vn 0.000002 -1.000000 0.000000
vn 0.000000 -0.000000 -1.000000
vn 0.000000 -0.000000 -1.000000
vn 0.000000 -0.000000 -1.000000
vn 0.000000 -0.000000 -1.000000
vn 0.000000 1.000000 -0.000000
vn 0.000000 1.000000 -0.000000
vn 0.000000 1.000000 -0.000000
vn 0.000000 1.000000 -0.000000
vn 1.000000 0.000000 0.000000
vn 1.000000 0.000000 0.000000
vn 1.000000 0.000000 0.000000
vn 1.000000 0.000000 0.000000
vn 0.000000 -1.000000 0.000000
vn 0.000000 -1.000000 0.000000
vn 0.000000 -1.000000 0.000000
vn 0.000000 -1.000000 0.000000
vn 1.000000 0.000000 0.000000
vn 1.000000 0.000000 0.000000
vn 1.000000 0.000000 0.000000
vn 1.000000 0.000000 0.000000
vn 0.000000 -1.000000 0.000000
vn 0.000000 -1.000000 0.000000
vn 0.000000 -1.000000 0.000000
vn 0.000000 -1.000000 0.000000
vn 1.000000 0.000000 0.000000
vn 1.000000 0.000000 0.000000
vn 1.000000 0.000000 0.000000
vn 1.000000 0.000000 0.000000
vn 0.000000 1.000000 -0.000000
vn 0.000000 1.000000 -0.000000
vn 0.000000 1.000000 -0.000000
vn 0.000000 1.000000 -0.000000
vn 1.000000 0.000000 0.000000
vn 1.000000 0.000000 0.000000
vn 1.000000 0.000000 0.000000
vn 1.000000 0.000000 0.000000
vn 0.000000 -1.000000 0.000000
vn 0.000000 -1.000000 0.000000
vn 0.000000 -1.000000 0.000000
vn 0.000000 -1.000000 0.000000
vn 0.000000 1.000000 -0.000000
vn 0.000000 1.000000 -0.000000
vn 0.000000 1.000000 -0.000000
vn 0.000000 1.000000 -0.000000
vn 0.000000 1.000000 -0.000000
vn 0.000000 1.000000 -0.000000
vn 0.000000 1.000000 -0.000000
vn 0.000000 1.000000 -0.000000
vn 0.000000 -0.000000 -1.000000
vn 0.000000 -0.000000 -1.000000
vn 0.000000 -0.000000 -1.000000
vn 0.000000 -0.000000 -1.000000
vn 0.000000 -1.000000 0.000000
vn 0.000000 -1.000000 0.000000
vn 0.000000 -1.000000 0.000000
vn 0.000000 -1.000000 0.000000
vn 0.000000 -0.000000 -1.000000
vn 0.000000 -0.000000 -1.000000
vn 0.000000 -0.000000 -1.000000
vn 0.000000 -0.000000 -1.000000
vn 0.000000 1.000000 -0.000000
vn 0.000000 1.000000 -0.000000
vn 0.000000 1.000000 -0.000000
vn 0.000000 1.000000 -0.000000
vn 0.000000 -1.000000 0.000000
vn 0.000000 -1.000000 0.000000
vn 0.000000 -1.000000 0.000000
vn 0.000000 -1.000000 0.000000
vn 0.000000 -1.000000 0.000000
vn 0.000000 -1.000000 0.000000
vn 0.000000 -1.000000 0.000000
vn 0.000000 -1.000000 0.000000
vn 1.000000 -0.000000 0.000000
vn 1.000000 -0.000000 0.000000
vn 1.000000 -0.000000 0.000000
vn 1.000000 -0.000000 0.000000
vn 0.000000 -0.000000 -1.000000
vn 0.000000 -0.000000 -1.000000
vn 0.000000 -0.000000 -1.000000
vn 0.000000 -0.000000 -1.000000
vn 0.000001 -1.000000 0.000000
vn 0.000001 -1.000000 0.000000
vn 0.000001 -1.000000 0.000000
vn 0.000001 -1.000000 0.000000
vn -1.000000 0.000000 0.000000
vn -1.000000 0.000000 0.000000
vn -1.000000 0.000000 0.000000
vn -1.000000 0.000000 0.000000
vn 0.000000 0.923880 -0.382682
vn 0.000000 0.923880 -0.382682
vn 0.000000 0.831468 -0.555573
vn 0.000000 0.831468 -0.555573
vn -1.000000 0.000000 0.000000
vn -1.000000 0.000000 0.000000
vn -1.000000 0.000000 0.000000
vn -1.000000 0.000000 0.000000
vn -1.000000 0.000000 0.000000
vn -1.000000 0.000000 0.000000
vn -1.000000 0.000000 0.000000
vn -1.000000 0.000000 0.000000
vn -1.000000 0.000000 0.000000
vn -1.000000 0.000000 0.000000
vn -1.000000 0.000000 0.000000
vn -1.000000 0.000000 0.000000
vn 0.000000 -0.923880 0.382682
vn 0.000000 -0.831468 0.555573
vn 0.000000 -0.831468 0.555573
vn 0.000000 -0.923880 0.382682
vn -1.000000 0.000000 0.000000
vn -1.000000 0.000000 0.000000
vn -1.000000 0.000000 0.000000
vn -1.000000 0.000000 0.000000
vn 0.000000 -0.195077 0.980788
vn 0.000000 -0.049044 0.998797
vn 0.000000 -0.049044 0.998797
vn 0.000000 -0.195077 0.980788
vn -1.000000 0.000000 0.000000
vn -1.000000 0.000000 0.000000
vn -1.000000 0.000000 0.000000
vn -1.000000 0.000000 0.000000
vn 0.000000 0.000000 1.000000
vn 0.000000 0.000000 1.000000
vn 0.000000 0.000000 1.000000
vn 0.000000 0.000000 1.000000
vn -1.000000 0.000000 0.000000
vn -1.000000 0.000000 0.000000
vn -1.000000 0.000000 0.000000
vn -1.000000 0.000000 0.000000
vn -1.000000 0.000000 0.000000
vn -1.000000 0.000000 0.000000
vn -1.000000 0.000000 0.000000
vn -1.000000 0.000000 0.000000
vn 0.000000 -1.000000 0.000000
vn 0.000000 -0.980788 0.195077
vn 0.000000 -0.980788 0.195077
vn 0.000000 -1.000000 0.000000
vn -1.000000 0.000000 0.000000
vn -1.000000 0.000000 0.000000
vn -1.000000 0.000000 0.000000
vn -1.000000 0.000000 0.000000
vn 0.000000 -0.555573 0.831468
vn 0.000000 -0.382681 0.923880
vn 0.000000 -0.382681 0.923880
vn 0.000000 -0.555573 0.831468
vn 0.000000 -0.831468 0.555573
vn 0.000000 -0.707107 0.707107
vn 0.000000 -0.707107 0.707107
vn 0.000000 -0.831468 0.555573
vn 0.000000 -0.980788 0.195077
vn 0.000000 -0.923880 0.382682
vn 0.000000 -0.923880 0.382682
vn 0.000000 -0.980788 0.195077
vn 0.000000 -0.382681 0.923880
vn 0.000000 -0.195077 0.980788
vn 0.000000 -0.195077 0.980788
vn 0.000000 -0.382681 0.923880
vn 0.000000 0.831468 -0.555573
vn 0.000000 0.831468 -0.555573
vn 0.000000 0.707107 -0.707107
vn 0.000000 0.707107 -0.707107
vn 0.000000 0.707107 -0.707107
vn 0.000000 0.707107 -0.707107
vn 0.000000 0.555573 -0.831468
vn 0.000000 0.555573 -0.831468
vn 0.000000 0.555573 -0.831468
vn 0.000000 0.555573 -0.831468
vn 0.000000 0.382681 -0.923880
vn 0.000000 0.382681 -0.923880
vn 0.000000 0.382681 -0.923880
vn 0.000000 0.382681 -0.923880
vn 0.000000 0.196421 -0.980520
vn 0.000000 0.196421 -0.980520
vn -1.000000 0.000000 0.000000
vn -1.000000 0.000000 0.000000
vn -1.000000 0.000000 0.000000
vn -1.000000 0.000000 0.000000
vn 0.000000 -0.707107 0.707107
vn 0.000000 -0.555573 0.831468
vn 0.000000 -0.555573 0.831468
vn 0.000000 -0.707107 0.707107
vn 0.000000 0.196421 -0.980520
vn 0.000000 0.196421 -0.980520
vn 0.000000 0.050508 -0.998724
vn 0.000000 0.067295 -0.997733
vn 0.000000 0.956936 -0.290301
vn 0.000000 0.956936 -0.290301
vn 0.000000 0.923880 -0.382682
vn 0.000000 0.923880 -0.382682
vn 0.000000 0.000122 -1.000000
vn 0.000000 0.000122 -1.000000
vn 0.000000 0.000122 -1.000000
vn 0.000000 0.000122 -1.000000
vn 0.000000 0.980788 -0.195077
vn 0.000000 0.980788 -0.195077
vn 0.000000 0.923880 -0.382682
vn 0.000000 0.923880 -0.382682
vn 0.000000 0.196421 -0.980520
vn 0.000000 0.196421 -0.980520
vn 0.000000 0.050508 -0.998724
vn 0.000000 0.050508 -0.998724
vn 0.000000 0.382681 -0.923880
vn 0.000000 0.382681 -0.923880
vn 0.000000 0.196421 -0.980520
vn 0.000000 0.196421 -0.980520
vn 0.000000 0.555573 -0.831468
vn 0.000000 0.555573 -0.831468
vn 0.000000 0.382681 -0.923880
vn 0.000000 0.382681 -0.923880
vn 0.000000 0.707107 -0.707107
vn 0.000000 0.707107 -0.707107
vn 0.000000 0.555573 -0.831468
vn 0.000000 0.555573 -0.831468
vn 0.000000 0.831468 -0.555573
vn 0.000000 0.831468 -0.555573
vn 0.000000 0.707107 -0.707107
vn 0.000000 0.707107 -0.707107
vn 0.000000 0.923880 -0.382682
vn 0.000000 0.923880 -0.382682
vn 0.000000 0.831468 -0.555573
vn 0.000000 0.831468 -0.555573
vn 0.000000 1.000000 -0.000000
vn 0.000000 0.980788 -0.195077
vn 0.000000 0.980788 -0.195077
vn 0.000000 1.000000 -0.000000
vn -1.000000 0.000000 0.000000
vn -1.000000 0.000000 0.000000
vn -1.000000 0.000000 0.000000
vn -1.000000 0.000000 0.000000
vn -1.000000 0.000000 0.000000
vn -1.000000 0.000000 0.000000
vn -1.000000 0.000000 0.000000
vn -1.000000 0.000000 0.000000
vn -1.000000 0.000000 0.000000
vn -1.000000 0.000000 0.000000
vn -1.000000 0.000000 0.000000
vn -1.000000 0.000000 0.000000
vn -1.000000 0.000000 0.000000
vn -1.000000 0.000000 0.000000
vn -1.000000 0.000000 0.000000
vn -1.000000 0.000000 0.000000
vn -1.000000 0.000000 0.000000
vn -1.000000 0.000000 0.000000
vn -1.000000 0.000000 0.000000
vn -1.000000 0.000000 0.000000
vn -1.000000 0.000000 0.000000
vn -1.000000 0.000000 0.000000
vn -1.000000 0.000000 0.000000
vn -1.000000 0.000000 0.000000
vn -1.000000 0.000000 0.000000
vn -1.000000 0.000000 0.000000
vn -1.000000 0.000000 0.000000
vn -1.000000 0.000000 0.000000
vn -1.000000 0.000000 0.000000
vn -1.000000 0.000000 0.000000
vn -1.000000 0.000000 0.000000
vn -1.000000 0.000000 0.000000
vn -1.000000 0.000000 0.000000
vn -1.000000 0.000000 0.000000
vn -1.000000 0.000000 0.000000
vn -1.000000 0.000000 0.000000
vn 0.000000 1.000000 -0.000000
vn 0.000000 1.000000 -0.000000
vn 0.000000 1.000000 -0.000000
vn 0.000000 1.000000 -0.000000
vn -1.000000 0.000000 0.000000
vn -1.000000 0.000000 0.000000
vn -1.000000 0.000000 0.000000
vn -1.000000 0.000000 0.000000
vn 0.000000 -0.000000 -1.000000
vn 0.000000 -0.000000 -1.000000
vn 0.000000 -0.000000 -1.000000
vn 0.000000 -0.000000 -1.000000
vn -1.000000 0.000000 0.000000
vn -1.000000 0.000000 0.000000
vn -1.000000 0.000000 0.000000
vn -1.000000 0.000000 0.000000
vn 0.000000 0.000122 -1.000000
vn 0.000000 0.000122 -1.000000
vn 0.000000 0.000122 -1.000000
vn 0.000000 0.000122 -1.000000
vn -1.000000 0.000000 0.000000
vn -1.000000 0.000000 0.000000
vn -1.000000 0.000000 0.000000
vn -1.000000 0.000000 0.000000
vn 0.000000 0.000122 -1.000000
vn 0.000000 0.000122 -1.000000
vn 0.000000 0.000122 -1.000000
vn 0.000000 0.000122 -1.000000
vn 0.000000 0.000000 1.000000
vn 0.000000 0.000000 1.000000
vn 0.000000 0.000000 1.000000
vn 0.000000 0.000000 1.000000
vn 0.000000 0.067295 -0.997733
vn 0.000000 0.050508 -0.998724
vn 0.000000 0.000122 -1.000000
vn 0.000000 0.000122 -1.000000
vn 0.000000 0.000122 -1.000000
vn 0.000000 0.000122 -1.000000
vn 0.000000 0.000122 -1.000000
vn 0.000000 0.000122 -1.000000
vn 0.000000 0.000122 -1.000000
vn 0.000000 0.000122 -1.000000
vn 0.000000 0.000122 -1.000000
vn 0.000000 0.000122 -1.000000
vn 0.000000 -0.000000 -1.000000
vn 0.000000 -0.000000 -1.000000
vn 0.000000 -0.000000 -1.000000
vn 0.000000 -0.000000 -1.000000
vn 0.000000 0.000122 -1.000000
vn 0.000000 0.000122 -1.000000
vn 0.000000 0.000122 -1.000000
vn 0.000000 0.000122 -1.000000
vn 0.000000 0.956936 -0.290301
vn 0.000000 0.956936 -0.290301
vn 0.000000 0.923880 -0.382682
vn 0.000000 0.923880 -0.382682
vn 0.000000 0.196421 -0.980520
vn 0.000000 0.196421 -0.980520
vn 0.000000 0.067295 -0.997733
vn 0.000000 0.100742 -0.994913
vn 0.000000 0.382681 -0.923880
vn 0.000000 0.382681 -0.923880
vn 0.000000 0.196421 -0.980520
vn 0.000000 0.196421 -0.980520
vn 0.000000 0.555573 -0.831468
vn 0.000000 0.555573 -0.831468
vn 0.000000 0.382681 -0.923880
vn 0.000000 0.382681 -0.923880
vn 0.000000 0.707107 -0.707107
vn 0.000000 0.707107 -0.707107
vn 0.000000 0.555573 -0.831468
vn 0.000000 0.555573 -0.831468
vn 0.000000 0.831468 -0.555573
vn 0.000000 0.831468 -0.555573
vn 0.000000 0.707107 -0.707107
vn 0.000000 0.707107 -0.707107
vn 0.000000 0.923880 -0.382682
vn 0.000000 0.923880 -0.382682
vn 0.000000 0.831468 -0.555573
vn 0.000000 0.831468 -0.555573
vn 0.000000 -0.049044 0.998797
vn 0.000000 0.000000 1.000000
vn 0.000000 0.000000 1.000000
vn 0.000000 -0.049044 0.998797
vn -1.000000 0.000000 0.000000
vn -1.000000 0.000000 0.000000
vn -1.000000 0.000000 0.000000
vn -1.000000 0.000000 0.000000
vn 0.000000 1.000000 -0.000000
vn 0.000000 1.000000 -0.000000
vn 0.000000 1.000000 -0.000000
vn 0.000000 1.000000 -0.000000
vn 0.000000 0.050508 -0.998724
vn 0.000000 0.050508 -0.998724
vn 0.000000 0.000122 -1.000000
vn 0.000000 0.000122 -1.000000
vn -1.000000 0.000000 0.000000
vn -1.000000 0.000000 0.000000
vn -1.000000 0.000000 0.000000
vn -1.000000 0.000000 0.000000
vn 0.000000 1.000000 0.000122
vn 0.000000 1.000000 0.000122
vn 0.000000 1.000000 0.000122
vn 0.000000 1.000000 0.000122
vn 0.000000 0.000122 -1.000000
vn 0.000000 0.000122 -1.000000
vn 0.000000 0.000122 -1.000000
vn 0.000000 0.000122 -1.000000
vn 0.000000 -1.000000 -0.000122
vn 0.000000 -1.000000 -0.000122
vn 0.000000 -1.000000 -0.000122
vn 0.000000 -1.000000 -0.000122
vn 1.000000 0.000000 0.000000
vn 1.000000 0.000000 0.000000
vn 1.000000 0.000000 0.000000
vn 1.000000 0.000000 0.000000
vn 1.000000 0.000000 0.000000
vn 1.000000 0.000000 0.000000
vn 1.000000 0.000000 0.000000
vn 1.000000 0.000000 0.000000
vn 0.000000 0.923880 -0.382682
vn 0.000000 0.831468 -0.555573
vn 0.000000 0.831468 -0.555573
vn 0.000000 0.923880 -0.382682
vn 1.000000 0.000000 0.000000
vn 1.000000 0.000000 0.000000
vn 1.000000 0.000000 0.000000
vn 1.000000 0.000000 0.000000
vn 1.000000 0.000000 0.000000
vn 1.000000 0.000000 0.000000
vn 1.000000 0.000000 0.000000
vn 1.000000 0.000000 0.000000
vn 1.000000 0.000000 0.000000
vn 1.000000 0.000000 0.000000
vn 1.000000 0.000000 0.000000
vn 1.000000 0.000000 0.000000
vn 0.000000 -0.923880 0.382682
vn 0.000000 -0.923880 0.382682
vn 0.000000 -0.831468 0.555573
vn 0.000000 -0.831468 0.555573
vn 1.000000 0.000000 0.000000
vn 1.000000 0.000000 0.000000
vn 1.000000 0.000000 0.000000
vn 1.000000 0.000000 0.000000
vn 0.000000 -0.195077 0.980788
vn 0.000000 -0.195077 0.980788
vn 0.000000 -0.049044 0.998797
vn 0.000000 -0.049044 0.998797
vn 1.000000 0.000000 0.000000
vn 1.000000 0.000000 0.000000
vn 1.000000 0.000000 0.000000
vn 1.000000 0.000000 0.000000
vn 0.000000 0.000000 1.000000
vn 0.000000 0.000000 1.000000
vn 0.000000 0.000000 1.000000
vn 0.000000 0.000000 1.000000
vn 1.000000 0.000000 0.000000
vn 1.000000 0.000000 0.000000
vn 1.000000 0.000000 0.000000
vn 1.000000 0.000000 0.000000
vn 1.000000 0.000000 0.000000
vn 1.000000 0.000000 0.000000
vn 1.000000 0.000000 0.000000
vn 1.000000 0.000000 0.000000
vn 0.000000 -1.000000 0.000000
vn 0.000000 -1.000000 0.000000
vn 0.000000 -0.980788 0.195077
vn 0.000000 -0.980788 0.195077
vn 1.000000 0.000000 0.000000
vn 1.000000 0.000000 0.000000
vn 1.000000 0.000000 0.000000
vn 1.000000 0.000000 0.000000
vn 0.000000 -0.555573 0.831468
vn 0.000000 -0.555573 0.831468
vn 0.000000 -0.382681 0.923880
vn 0.000000 -0.382681 0.923880
vn 0.000000 -0.831468 0.555573
vn 0.000000 -0.831468 0.555573
vn 0.000000 -0.707107 0.707107
vn 0.000000 -0.707107 0.707107
vn 0.000000 -0.980788 0.195077
vn 0.000000 -0.980788 0.195077
vn 0.000000 -0.923880 0.382682
vn 0.000000 -0.923880 0.382682
vn 0.000000 -0.382681 0.923880
vn 0.000000 -0.382681 0.923880
vn 0.000000 -0.195077 0.980788
vn 0.000000 -0.195077 0.980788
vn 0.000000 0.831468 -0.555573
vn 0.000000 0.707107 -0.707107
vn 0.000000 0.707107 -0.707107
vn 0.000000 0.831468 -0.555573
vn 0.000000 0.707107 -0.707107
vn 0.000000 0.555573 -0.831468
vn 0.000000 0.555573 -0.831468
vn 0.000000 0.707107 -0.707107
vn 0.000000 0.555573 -0.831468
vn 0.000000 0.382681 -0.923880
vn 0.000000 0.382681 -0.923880
vn 0.000000 0.555573 -0.831468
vn 0.000000 0.382681 -0.923880
vn 0.000000 0.196421 -0.980520
vn 0.000000 0.196421 -0.980520
vn 0.000000 0.382681 -0.923880
vn 1.000000 0.000000 0.000000
vn 1.000000 0.000000 0.000000
vn 1.000000 0.000000 0.000000
vn 1.000000 0.000000 0.000000
vn 0.000000 -0.707107 0.707107
vn 0.000000 -0.707107 0.707107
vn 0.000000 -0.555573 0.831468
vn 0.000000 -0.555573 0.831468
vn 0.000000 0.196421 -0.980520
vn 0.000000 0.067295 -0.997733
vn 0.000000 0.050508 -0.998724
vn 0.000000 0.196421 -0.980520
vn 0.000000 0.956936 -0.290301
vn 0.000000 0.923880 -0.382682
vn 0.000000 0.923880 -0.382682
vn 0.000000 0.956936 -0.290301
vn 0.000000 0.000122 -1.000000
vn 0.000000 0.000122 -1.000000
vn 0.000000 0.000122 -1.000000
vn 0.000000 0.000122 -1.000000
vn 0.000000 0.980788 -0.195077
vn 0.000000 0.923880 -0.382682
vn 0.000000 0.923880 -0.382682
vn 0.000000 0.980788 -0.195077
vn 0.000000 0.196421 -0.980520
vn 0.000000 0.050508 -0.998724
vn 0.000000 0.050508 -0.998724
vn 0.000000 0.196421 -0.980520
vn 0.000000 0.382681 -0.923880
vn 0.000000 0.196421 -0.980520
vn 0.000000 0.196421 -0.980520
vn 0.000000 0.382681 -0.923880
vn 0.000000 0.555573 -0.831468
vn 0.000000 0.382681 -0.923880
vn 0.000000 0.382681 -0.923880
vn 0.000000 0.555573 -0.831468
vn 0.000000 0.707107 -0.707107
vn 0.000000 0.555573 -0.831468
vn 0.000000 0.555573 -0.831468
vn 0.000000 0.707107 -0.707107
vn 0.000000 0.831468 -0.555573
vn 0.000000 0.707107 -0.707107
vn 0.000000 0.707107 -0.707107
vn 0.000000 0.831468 -0.555573
vn 0.000000 0.923880 -0.382682
vn 0.000000 0.831468 -0.555573
vn 0.000000 0.831468 -0.555573
vn 0.000000 0.923880 -0.382682
vn 0.000000 1.000000 -0.000000
vn 0.000000 1.000000 -0.000000
vn 0.000000 0.980788 -0.195077
vn 0.000000 0.980788 -0.195077
vn -1.000000 0.000000 0.000000
vn -1.000000 0.000000 0.000000
vn -1.000000 0.000000 0.000000
vn -1.000000 0.000000 0.000000
vn 1.000000 0.000000 0.000000
vn 1.000000 0.000000 0.000000
vn 1.000000 0.000000 0.000000
vn 1.000000 0.000000 0.000000
vn 1.000000 0.000000 0.000000
vn 1.000000 0.000000 0.000000
vn 1.000000 0.000000 0.000000
vn 1.000000 0.000000 0.000000
vn 1.000000 0.000000 0.000000
vn 1.000000 0.000000 0.000000
vn 1.000000 0.000000 0.000000
vn 1.000000 0.000000 0.000000
vn 1.000000 0.000000 0.000000
vn 1.000000 0.000000 0.000000
vn 1.000000 0.000000 0.000000
vn 1.000000 0.000000 0.000000
vn 1.000000 0.000000 0.000000
vn 1.000000 0.000000 0.000000
vn 1.000000 0.000000 0.000000
vn 1.000000 0.000000 0.000000
vn 1.000000 0.000000 0.000000
vn 1.000000 0.000000 0.000000
vn 1.000000 0.000000 0.000000
vn 1.000000 0.000000 0.000000
vn 1.000000 0.000000 0.000000
vn 1.000000 0.000000 0.000000
vn 1.000000 0.000000 0.000000
vn 1.000000 0.000000 0.000000
vn 1.000000 0.000000 0.000000
vn 1.000000 0.000000 0.000000
vn 1.000000 0.000000 0.000000
vn 1.000000 0.000000 0.000000
vn 1.000000 0.000000 0.000000
vn 1.000000 0.000000 0.000000
vn 1.000000 0.000000 0.000000
vn 1.000000 0.000000 0.000000
vn 0.000000 1.000000 -0.000000
vn 0.000000 1.000000 -0.000000
vn 0.000000 1.000000 -0.000000
vn 0.000000 1.000000 -0.000000
vn 1.000000 0.000000 0.000000
vn 1.000000 0.000000 0.000000
vn 1.000000 0.000000 0.000000
vn 1.000000 0.000000 0.000000
vn 0.000000 -0.000000 -1.000000
vn 0.000000 -0.000000 -1.000000
vn 0.000000 -0.000000 -1.000000
vn 0.000000 -0.000000 -1.000000
vn 1.000000 0.000000 0.000000
vn 1.000000 0.000000 0.000000
vn 1.000000 0.000000 0.000000
vn 1.000000 0.000000 0.000000
vn 0.000000 0.000122 -1.000000
vn 0.000000 0.000122 -1.000000
vn 0.000000 0.000122 -1.000000
vn 0.000000 0.000122 -1.000000
vn 1.000000 0.000000 0.000000
vn 1.000000 0.000000 0.000000
vn 1.000000 0.000000 0.000000
vn 1.000000 0.000000 0.000000
vn 0.000000 0.000122 -1.000000
vn 0.000000 0.000122 -1.000000
vn 0.000000 0.000122 -1.000000
vn 0.000000 0.000122 -1.000000
vn 0.000000 0.000000 1.000000
vn 0.000000 0.000000 1.000000
vn 0.000000 0.000000 1.000000
vn 0.000000 0.000000 1.000000
vn 0.000000 0.067295 -0.997733
vn 0.000000 0.000122 -1.000000
vn 0.000000 0.000122 -1.000000
vn 0.000000 0.050508 -0.998724
vn 0.000000 0.000122 -1.000000
vn 0.000000 0.000122 -1.000000
vn 0.000000 0.000122 -1.000000
vn 0.000000 0.000122 -1.000000
vn 0.000000 0.000122 -1.000000
vn 0.000000 0.000122 -1.000000
vn 0.000000 0.000122 -1.000000
vn 0.000000 0.000122 -1.000000
vn 0.000000 -0.000000 -1.000000
vn 0.000000 -0.000000 -1.000000
vn 0.000000 -0.000000 -1.000000
vn 0.000000 -0.000000 -1.000000
vn 0.000000 0.000122 -1.000000
vn 0.000000 0.000122 -1.000000
vn 0.000000 0.000122 -1.000000
vn 0.000000 0.000122 -1.000000
vn 0.000000 0.956936 -0.290301
vn 0.000000 0.923880 -0.382682
vn 0.000000 0.923880 -0.382682
vn 0.000000 0.956936 -0.290301
vn 0.000000 0.196421 -0.980520
vn 0.000000 0.100742 -0.994913
vn 0.000000 0.067295 -0.997733
vn 0.000000 0.196421 -0.980520
vn 0.000000 0.382681 -0.923880
vn 0.000000 0.196421 -0.980520
vn 0.000000 0.196421 -0.980520
vn 0.000000 0.382681 -0.923880
vn 0.000000 0.555573 -0.831468
vn 0.000000 0.382681 -0.923880
vn 0.000000 0.382681 -0.923880
vn 0.000000 0.555573 -0.831468
vn 0.000000 0.707107 -0.707107
vn 0.000000 0.555573 -0.831468
vn 0.000000 0.555573 -0.831468
vn 0.000000 0.707107 -0.707107
vn 0.000000 0.831468 -0.555573
vn 0.000000 0.707107 -0.707107
vn 0.000000 0.707107 -0.707107
vn 0.000000 0.831468 -0.555573
vn 0.000000 0.923880 -0.382682
vn 0.000000 0.831468 -0.555573
vn 0.000000 0.831468 -0.555573
vn 0.000000 0.923880 -0.382682
vn 0.000000 -0.049044 0.998797
vn 0.000000 -0.049044 0.998797
vn 0.000000 0.000000 1.000000
vn 0.000000 0.000000 1.000000
vn 1.000000 0.000000 0.000000
vn 1.000000 0.000000 0.000000
vn 1.000000 0.000000 0.000000
vn 1.000000 0.000000 0.000000
vn 0.000000 1.000000 -0.000000
vn 0.000000 1.000000 -0.000000
vn 0.000000 1.000000 -0.000000
vn 0.000000 1.000000 -0.000000
vn 0.000000 0.050508 -0.998724
vn 0.000000 0.000122 -1.000000
vn 0.000000 0.000122 -1.000000
vn 0.000000 0.050508 -0.998724
vn 1.000000 0.000000 0.000000
vn 1.000000 0.000000 0.000000
vn 1.000000 0.000000 0.000000
vn 1.000000 0.000000 0.000000
vn 0.000000 1.000000 0.000122
vn 0.000000 1.000000 0.000122
vn 0.000000 1.000000 0.000122
vn 0.000000 1.000000 0.000122
vn 0.000000 0.000122 -1.000000
vn 0.000000 0.000122 -1.000000
vn 0.000000 0.000122 -1.000000
vn 0.000000 0.000122 -1.000000
vn 0.000000 -1.000000 -0.000122
vn 0.000000 -1.000000 -0.000122
vn 0.000000 -1.000000 -0.000122
vn 0.000000 -1.000000 -0.000122
vn -1.000000 0.000000 0.000000
vn -1.000000 0.000000 0.000000
vn -1.000000 0.000000 0.000000
vn -1.000000 0.000000 0.000000
vn -1.000000 0.000000 0.000000
vn -1.000000 0.000000 0.000000
vn -1.000000 0.000000 0.000000
vn -1.000000 0.000000 0.000000
vn 0.000000 0.923880 0.382681
vn 0.000000 0.831468 0.555573
vn 0.000000 0.831468 0.555573
vn 0.000000 0.923880 0.382681
vn -1.000000 0.000000 0.000000
vn -1.000000 0.000000 0.000000
vn -1.000000 0.000000 0.000000
vn -1.000000 0.000000 0.000000
vn -1.000000 0.000000 0.000000
vn -1.000000 0.000000 0.000000
vn -1.000000 0.000000 0.000000
vn -1.000000 0.000000 0.000000
vn -1.000000 0.000000 0.000000
vn -1.000000 0.000000 0.000000
vn -1.000000 0.000000 0.000000
vn -1.000000 0.000000 0.000000
vn 0.000000 -0.923880 -0.382681
vn 0.000000 -0.923880 -0.382681
vn 0.000000 -0.831468 -0.555573
vn 0.000000 -0.831468 -0.555573
vn -1.000000 0.000000 0.000000
vn -1.000000 0.000000 0.000000
vn -1.000000 0.000000 0.000000
vn -1.000000 0.000000 0.000000
vn 0.000000 -0.195077 -0.980788
vn 0.000000 -0.195077 -0.980788
vn 0.000000 -0.049044 -0.998797
vn 0.000000 -0.049044 -0.998797
vn -1.000000 0.000000 0.000000
vn -1.000000 0.000000 0.000000
vn -1.000000 0.000000 0.000000
vn -1.000000 0.000000 0.000000
vn 0.000000 -0.000000 -1.000000
vn 0.000000 -0.000000 -1.000000
vn 0.000000 -0.000000 -1.000000
vn 0.000000 -0.000000 -1.000000
vn -1.000000 0.000000 0.000000
vn -1.000000 0.000000 0.000000
vn -1.000000 0.000000 0.000000
vn -1.000000 0.000000 0.000000
vn -1.000000 0.000000 0.000000
vn -1.000000 0.000000 0.000000
vn -1.000000 0.000000 0.000000
vn -1.000000 0.000000 0.000000
vn 0.000000 -1.000000 0.000000
vn 0.000000 -1.000000 0.000000
vn 0.000000 -0.980788 -0.195077
vn 0.000000 -0.980788 -0.195077
vn -1.000000 0.000000 0.000000
vn -1.000000 0.000000 0.000000
vn -1.000000 0.000000 0.000000
vn -1.000000 0.000000 0.000000
vn 0.000000 -0.555573 -0.831468
vn 0.000000 -0.555573 -0.831468
vn 0.000000 -0.382682 -0.923880
vn 0.000000 -0.382682 -0.923880
vn 0.000000 -0.831468 -0.555573
vn 0.000000 -0.831468 -0.555573
vn 0.000000 -0.707107 -0.707107
vn 0.000000 -0.707107 -0.707107
vn 0.000000 -0.980788 -0.195077
vn 0.000000 -0.980788 -0.195077
vn 0.000000 -0.923880 -0.382681
vn 0.000000 -0.923880 -0.382681
vn 0.000000 -0.382682 -0.923880
vn 0.000000 -0.382682 -0.923880
vn 0.000000 -0.195077 -0.980788
vn 0.000000 -0.195077 -0.980788
vn 0.000000 0.831468 0.555573
vn 0.000000 0.707107 0.707107
vn 0.000000 0.707107 0.707107
vn 0.000000 0.831468 0.555573
vn 0.000000 0.707107 0.707107
vn 0.000000 0.555573 0.831468
vn 0.000000 0.555573 0.831468
vn 0.000000 0.707107 0.707107
vn 0.000000 0.555573 0.831468
vn 0.000000 0.382682 0.923880
vn 0.000000 0.382682 0.923880
vn 0.000000 0.555573 0.831468
vn 0.000000 0.382682 0.923880
vn 0.000000 0.196421 0.980519
vn 0.000000 0.196421 0.980519
vn 0.000000 0.382682 0.923880
vn -1.000000 0.000000 0.000000
vn -1.000000 0.000000 0.000000
vn -1.000000 0.000000 0.000000
vn -1.000000 0.000000 0.000000
vn 0.000000 -0.707107 -0.707107
vn 0.000000 -0.707107 -0.707107
vn 0.000000 -0.555573 -0.831468
vn 0.000000 -0.555573 -0.831468
vn 0.000000 0.196421 0.980519
vn 0.000000 0.067295 0.997733
vn 0.000000 0.050509 0.998724
vn 0.000000 0.196421 0.980519
vn 0.000000 0.956936 0.290300
vn 0.000000 0.923880 0.382681
vn 0.000000 0.923880 0.382681
vn 0.000000 0.956936 0.290300
vn 0.000000 0.000122 1.000000
vn 0.000000 0.000122 1.000000
vn 0.000000 0.000122 1.000000
vn 0.000000 0.000122 1.000000
vn 0.000000 0.980788 0.195077
vn 0.000000 0.923880 0.382681
vn 0.000000 0.923880 0.382681
vn 0.000000 0.980788 0.195077
vn 0.000000 0.196421 0.980519
vn 0.000000 0.050509 0.998724
vn 0.000000 0.050509 0.998724
vn 0.000000 0.196421 0.980519
vn 0.000000 0.382682 0.923880
vn 0.000000 0.196421 0.980519
vn 0.000000 0.196421 0.980519
vn 0.000000 0.382682 0.923880
vn 0.000000 0.555573 0.831468
vn 0.000000 0.382682 0.923880
vn 0.000000 0.382682 0.923880
vn 0.000000 0.555573 0.831468
vn 0.000000 0.707107 0.707107
vn 0.000000 0.555573 0.831468
vn 0.000000 0.555573 0.831468
vn 0.000000 0.707107 0.707107
vn 0.000000 0.831468 0.555573
vn 0.000000 0.707107 0.707107
vn 0.000000 0.707107 0.707107
vn 0.000000 0.831468 0.555573
vn 0.000000 0.923880 0.382681
vn 0.000000 0.831468 0.555573
vn 0.000000 0.831468 0.555573
vn 0.000000 0.923880 0.382681
vn 0.000000 1.000000 -0.000000
vn 0.000000 1.000000 -0.000000
vn 0.000000 0.980788 0.195077
vn 0.000000 0.980788 0.195077
vn -1.000000 0.000000 0.000000
vn -1.000000 0.000000 0.000000
vn -1.000000 0.000000 0.000000
vn -1.000000 0.000000 0.000000
vn -1.000000 0.000000 0.000000
vn -1.000000 0.000000 0.000000
vn -1.000000 0.000000 0.000000
vn -1.000000 0.000000 0.000000
vn -1.000000 0.000000 0.000000
vn -1.000000 0.000000 0.000000
vn -1.000000 0.000000 0.000000
vn -1.000000 0.000000 0.000000
vn -1.000000 0.000000 0.000000
vn -1.000000 0.000000 0.000000
vn -1.000000 0.000000 0.000000
vn -1.000000 0.000000 0.000000
vn -1.000000 0.000000 0.000000
vn -1.000000 0.000000 0.000000
vn -1.000000 0.000000 0.000000
vn -1.000000 0.000000 0.000000
vn -1.000000 0.000000 0.000000
vn -1.000000 0.000000 0.000000
vn -1.000000 0.000000 0.000000
vn -1.000000 0.000000 0.000000
vn -1.000000 0.000000 0.000000
vn -1.000000 0.000000 0.000000
vn -1.000000 0.000000 0.000000
vn -1.000000 0.000000 0.000000
vn -1.000000 0.000000 0.000000
vn -1.000000 0.000000 0.000000
vn -1.000000 0.000000 0.000000
vn -1.000000 0.000000 0.000000
vn -1.000000 0.000000 0.000000
vn -1.000000 0.000000 0.000000
vn -1.000000 0.000000 0.000000
vn -1.000000 0.000000 0.000000
vn 0.000000 1.000000 -0.000000
vn 0.000000 1.000000 -0.000000
vn 0.000000 1.000000 -0.000000
vn 0.000000 1.000000 -0.000000
vn -1.000000 0.000000 0.000000
vn -1.000000 0.000000 0.000000
vn -1.000000 0.000000 0.000000
vn -1.000000 0.000000 0.000000
vn 0.000000 0.000000 1.000000
vn 0.000000 0.000000 1.000000
vn 0.000000 0.000000 1.000000
vn 0.000000 0.000000 1.000000
vn -1.000000 0.000000 0.000000
vn -1.000000 0.000000 0.000000
vn -1.000000 0.000000 0.000000
vn -1.000000 0.000000 0.000000
vn 0.000000 0.000122 1.000000
vn 0.000000 0.000122 1.000000
vn 0.000000 0.000122 1.000000
vn 0.000000 0.000122 1.000000
vn -1.000000 0.000000 0.000000
vn -1.000000 0.000000 0.000000
vn -1.000000 0.000000 0.000000
vn -1.000000 0.000000 0.000000
vn 0.000000 0.000122 1.000000
vn 0.000000 0.000122 1.000000
vn 0.000000 0.000122 1.000000
vn 0.000000 0.000122 1.000000
vn 0.000000 -0.000000 -1.000000
vn 0.000000 -0.000000 -1.000000
vn 0.000000 -0.000000 -1.000000
vn 0.000000 -0.000000 -1.000000
vn 0.000000 0.067295 0.997733
vn 0.000000 0.000122 1.000000
vn 0.000000 0.000122 1.000000
vn 0.000000 0.050509 0.998724
vn 0.000000 0.000122 1.000000
vn 0.000000 0.000122 1.000000
vn 0.000000 0.000122 1.000000
vn 0.000000 0.000122 1.000000
vn 0.000000 0.000122 1.000000
vn 0.000000 0.000122 1.000000
vn 0.000000 0.000122 1.000000
vn 0.000000 0.000122 1.000000
vn 0.000000 0.000000 1.000000
vn 0.000000 0.000000 1.000000
vn 0.000000 0.000000 1.000000
vn 0.000000 0.000000 1.000000
vn 0.000000 0.000122 1.000000
vn 0.000000 0.000122 1.000000
vn 0.000000 0.000122 1.000000
vn 0.000000 0.000122 1.000000
vn 0.000000 0.956936 0.290300
vn 0.000000 0.923880 0.382681
vn 0.000000 0.923880 0.382681
vn 0.000000 0.956936 0.290300
vn 0.000000 0.196421 0.980519
vn 0.000000 0.100743 0.994913
vn 0.000000 0.067295 0.997733
vn 0.000000 0.196421 0.980519
vn 0.000000 0.382682 0.923880
vn 0.000000 0.196421 0.980519
vn 0.000000 0.196421 0.980519
vn 0.000000 0.382682 0.923880
vn 0.000000 0.555573 0.831468
vn 0.000000 0.382682 0.923880
vn 0.000000 0.382682 0.923880
vn 0.000000 0.555573 0.831468
vn 0.000000 0.707107 0.707107
vn 0.000000 0.555573 0.831468
vn 0.000000 0.555573 0.831468
vn 0.000000 0.707107 0.707107
vn 0.000000 0.831468 0.555573
vn 0.000000 0.707107 0.707107
vn 0.000000 0.707107 0.707107
vn 0.000000 0.831468 0.555573
vn 0.000000 0.923880 0.382681
vn 0.000000 0.831468 0.555573
vn 0.000000 0.831468 0.555573
vn 0.000000 0.923880 0.382681
vn 0.000000 -0.049044 -0.998797
vn 0.000000 -0.049044 -0.998797
vn 0.000000 -0.000000 -1.000000
vn 0.000000 -0.000000 -1.000000
vn -1.000000 0.000000 0.000000
vn -1.000000 0.000000 0.000000
vn -1.000000 0.000000 0.000000
vn -1.000000 0.000000 0.000000
vn 0.000000 1.000000 -0.000000
vn 0.000000 1.000000 -0.000000
vn 0.000000 1.000000 -0.000000
vn 0.000000 1.000000 -0.000000
vn 0.000000 0.050509 0.998724
vn 0.000000 0.000122 1.000000
vn 0.000000 0.000122 1.000000
vn 0.000000 0.050509 0.998724
vn -1.000000 0.000000 0.000000
vn -1.000000 0.000000 0.000000
vn -1.000000 0.000000 0.000000
vn -1.000000 0.000000 0.000000
vn 0.000000 1.000000 -0.000122
vn 0.000000 1.000000 -0.000122
vn 0.000000 1.000000 -0.000122
vn 0.000000 1.000000 -0.000122
vn 0.000000 0.000122 1.000000
vn 0.000000 0.000122 1.000000
vn 0.000000 0.000122 1.000000
vn 0.000000 0.000122 1.000000
vn 0.000000 -1.000000 0.000122
vn 0.000000 -1.000000 0.000122
vn 0.000000 -1.000000 0.000122
vn 0.000000 -1.000000 0.000122
vn 1.000000 0.000000 0.000000
vn 1.000000 0.000000 0.000000
vn 1.000000 0.000000 0.000000
vn 1.000000 0.000000 0.000000
vn 1.000000 0.000000 0.000000
vn 1.000000 0.000000 0.000000
vn 1.000000 0.000000 0.000000
vn 1.000000 0.000000 0.000000
vn 0.000000 0.923880 0.382681
vn 0.000000 0.923880 0.382681
vn 0.000000 0.831468 0.555573
vn 0.000000 0.831468 0.555573
vn 1.000000 0.000000 0.000000
vn 1.000000 0.000000 0.000000
vn 1.000000 0.000000 0.000000
vn 1.000000 0.000000 0.000000
vn 1.000000 0.000000 0.000000
vn 1.000000 0.000000 0.000000
vn 1.000000 0.000000 0.000000
vn 1.000000 0.000000 0.000000
vn 1.000000 0.000000 0.000000
vn 1.000000 0.000000 0.000000
vn 1.000000 0.000000 0.000000
vn 1.000000 0.000000 0.000000
vn 0.000000 -0.923880 -0.382681
vn 0.000000 -0.831468 -0.555573
vn 0.000000 -0.831468 -0.555573
vn 0.000000 -0.923880 -0.382681
vn 1.000000 0.000000 0.000000
vn 1.000000 0.000000 0.000000
vn 1.000000 0.000000 0.000000
vn 1.000000 0.000000 0.000000
vn 0.000000 -0.195077 -0.980788
vn 0.000000 -0.049044 -0.998797
vn 0.000000 -0.049044 -0.998797
vn 0.000000 -0.195077 -0.980788
vn 1.000000 0.000000 0.000000
vn 1.000000 0.000000 0.000000
vn 1.000000 0.000000 0.000000
vn 1.000000 0.000000 0.000000
vn 0.000000 -0.000000 -1.000000
vn 0.000000 -0.000000 -1.000000
vn 0.000000 -0.000000 -1.000000
vn 0.000000 -0.000000 -1.000000
vn 1.000000 0.000000 0.000000
vn 1.000000 0.000000 0.000000
vn 1.000000 0.000000 0.000000
vn 1.000000 0.000000 0.000000
vn 1.000000 0.000000 0.000000
vn 1.000000 0.000000 0.000000
vn 1.000000 0.000000 0.000000
vn 1.000000 0.000000 0.000000
vn 0.000000 -1.000000 0.000000
vn 0.000000 -0.980788 -0.195077
vn 0.000000 -0.980788 -0.195077
vn 0.000000 -1.000000 0.000000
vn 1.000000 0.000000 0.000000
vn 1.000000 0.000000 0.000000
vn 1.000000 0.000000 0.000000
vn 1.000000 0.000000 0.000000
vn 0.000000 -0.555573 -0.831468
vn 0.000000 -0.382682 -0.923880
vn 0.000000 -0.382682 -0.923880
vn 0.000000 -0.555573 -0.831468
vn 0.000000 -0.831468 -0.555573
vn 0.000000 -0.707107 -0.707107
vn 0.000000 -0.707107 -0.707107
vn 0.000000 -0.831468 -0.555573
vn 0.000000 -0.980788 -0.195077
vn 0.000000 -0.923880 -0.382681
vn 0.000000 -0.923880 -0.382681
vn 0.000000 -0.980788 -0.195077
vn 0.000000 -0.382682 -0.923880
vn 0.000000 -0.195077 -0.980788
vn 0.000000 -0.195077 -0.980788
vn 0.000000 -0.382682 -0.923880
vn 0.000000 0.831468 0.555573
vn 0.000000 0.831468 0.555573
vn 0.000000 0.707107 0.707107
vn 0.000000 0.707107 0.707107
vn 0.000000 0.707107 0.707107
vn 0.000000 0.707107 0.707107
vn 0.000000 0.555573 0.831468
vn 0.000000 0.555573 0.831468
vn 0.000000 0.555573 0.831468
vn 0.000000 0.555573 0.831468
vn 0.000000 0.382682 0.923880
vn 0.000000 0.382682 0.923880
vn 0.000000 0.382682 0.923880
vn 0.000000 0.382682 0.923880
vn 0.000000 0.196421 0.980519
vn 0.000000 0.196421 0.980519
vn 1.000000 0.000000 0.000000
vn 1.000000 0.000000 0.000000
vn 1.000000 0.000000 0.000000
vn 1.000000 0.000000 0.000000
vn 0.000000 -0.707107 -0.707107
vn 0.000000 -0.555573 -0.831468
vn 0.000000 -0.555573 -0.831468
vn 0.000000 -0.707107 -0.707107
vn 0.000000 0.196421 0.980519
vn 0.000000 0.196421 0.980519
vn 0.000000 0.050509 0.998724
vn 0.000000 0.067295 0.997733
vn 0.000000 0.956936 0.290300
vn 0.000000 0.956936 0.290300
vn 0.000000 0.923880 0.382681
vn 0.000000 0.923880 0.382681
vn 0.000000 0.000122 1.000000
vn 0.000000 0.000122 1.000000
vn 0.000000 0.000122 1.000000
vn 0.000000 0.000122 1.000000
vn 0.000000 0.980788 0.195077
vn 0.000000 0.980788 0.195077
vn 0.000000 0.923880 0.382681
vn 0.000000 0.923880 0.382681
vn 0.000000 0.196421 0.980519
vn 0.000000 0.196421 0.980519
vn 0.000000 0.050509 0.998724
vn 0.000000 0.050509 0.998724
vn 0.000000 0.382682 0.923880
vn 0.000000 0.382682 0.923880
vn 0.000000 0.196421 0.980519
vn 0.000000 0.196421 0.980519
vn 0.000000 0.555573 0.831468
vn 0.000000 0.555573 0.831468
vn 0.000000 0.382682 0.923880
vn 0.000000 0.382682 0.923880
vn 0.000000 0.707107 0.707107
vn 0.000000 0.707107 0.707107
vn 0.000000 0.555573 0.831468
vn 0.000000 0.555573 0.831468
vn 0.000000 0.831468 0.555573
vn 0.000000 0.831468 0.555573
vn 0.000000 0.707107 0.707107
vn 0.000000 0.707107 0.707107
vn 0.000000 0.923880 0.382681
vn 0.000000 0.923880 0.382681
vn 0.000000 0.831468 0.555573
vn 0.000000 0.831468 0.555573
vn 0.000000 1.000000 -0.000000
vn 0.000000 0.980788 0.195077
vn 0.000000 0.980788 0.195077
vn 0.000000 1.000000 -0.000000
vn -1.000000 0.000000 0.000000
vn -1.000000 0.000000 0.000000
vn -1.000000 0.000000 0.000000
vn -1.000000 0.000000 0.000000
vn 1.000000 0.000000 0.000000
vn 1.000000 0.000000 0.000000
vn 1.000000 0.000000 0.000000
vn 1.000000 0.000000 0.000000
vn 1.000000 0.000000 0.000000
vn 1.000000 0.000000 0.000000
vn 1.000000 0.000000 0.000000
vn 1.000000 0.000000 0.000000
vn 1.000000 0.000000 0.000000
vn 1.000000 0.000000 0.000000
vn 1.000000 0.000000 0.000000
vn 1.000000 0.000000 0.000000
vn 1.000000 0.000000 0.000000
vn 1.000000 0.000000 0.000000
vn 1.000000 0.000000 0.000000
vn 1.000000 0.000000 0.000000
vn 1.000000 0.000000 0.000000
vn 1.000000 0.000000 0.000000
vn 1.000000 0.000000 0.000000
vn 1.000000 0.000000 0.000000
vn 1.000000 0.000000 0.000000
vn 1.000000 0.000000 0.000000
vn 1.000000 0.000000 0.000000
vn 1.000000 0.000000 0.000000
vn 1.000000 0.000000 0.000000
vn 1.000000 0.000000 0.000000
vn 1.000000 0.000000 0.000000
vn 1.000000 0.000000 0.000000
vn 1.000000 0.000000 0.000000
vn 1.000000 0.000000 0.000000
vn 1.000000 0.000000 0.000000
vn 1.000000 0.000000 0.000000
vn 1.000000 0.000000 0.000000
vn 1.000000 0.000000 0.000000
vn 1.000000 0.000000 0.000000
vn 1.000000 0.000000 0.000000
vn 0.000000 1.000000 -0.000000
vn 0.000000 1.000000 -0.000000
vn 0.000000 1.000000 -0.000000
vn 0.000000 1.000000 -0.000000
vn 1.000000 0.000000 0.000000
vn 1.000000 0.000000 0.000000
vn 1.000000 0.000000 0.000000
vn 1.000000 0.000000 0.000000
vn 0.000000 0.000000 1.000000
vn 0.000000 0.000000 1.000000
vn 0.000000 0.000000 1.000000
vn 0.000000 0.000000 1.000000
vn 1.000000 0.000000 0.000000
vn 1.000000 0.000000 0.000000
vn 1.000000 0.000000 0.000000
vn 1.000000 0.000000 0.000000
vn 0.000000 0.000122 1.000000
vn 0.000000 0.000122 1.000000
vn 0.000000 0.000122 1.000000
vn 0.000000 0.000122 1.000000
vn 1.000000 0.000000 0.000000
vn 1.000000 0.000000 0.000000
vn 1.000000 0.000000 0.000000
vn 1.000000 0.000000 0.000000
vn 0.000000 0.000122 1.000000
vn 0.000000 0.000122 1.000000
vn 0.000000 0.000122 1.000000
vn 0.000000 0.000122 1.000000
vn 0.000000 -0.000000 -1.000000
vn 0.000000 -0.000000 -1.000000
vn 0.000000 -0.000000 -1.000000
vn 0.000000 -0.000000 -1.000000
vn 0.000000 0.067295 0.997733
vn 0.000000 0.050509 0.998724
vn 0.000000 0.000122 1.000000
vn 0.000000 0.000122 1.000000
vn 0.000000 0.000122 1.000000
vn 0.000000 0.000122 1.000000
vn 0.000000 0.000122 1.000000
vn 0.000000 0.000122 1.000000
vn 0.000000 0.000122 1.000000
vn 0.000000 0.000122 1.000000
vn 0.000000 0.000122 1.000000
vn 0.000000 0.000122 1.000000
vn 0.000000 0.000000 1.000000
vn 0.000000 0.000000 1.000000
vn 0.000000 0.000000 1.000000
vn 0.000000 0.000000 1.000000
vn 0.000000 0.000122 1.000000
vn 0.000000 0.000122 1.000000
vn 0.000000 0.000122 1.000000
vn 0.000000 0.000122 1.000000
vn 0.000000 0.956936 0.290300
vn 0.000000 0.956936 0.290300
vn 0.000000 0.923880 0.382681
vn 0.000000 0.923880 0.382681
vn 0.000000 0.196421 0.980519
vn 0.000000 0.196421 0.980519
vn 0.000000 0.067295 0.997733
vn 0.000000 0.100743 0.994913
vn 0.000000 0.382682 0.923880
vn 0.000000 0.382682 0.923880
vn 0.000000 0.196421 0.980519
vn 0.000000 0.196421 0.980519
vn 0.000000 0.555573 0.831468
vn 0.000000 0.555573 0.831468
vn 0.000000 0.382682 0.923880
vn 0.000000 0.382682 0.923880
vn 0.000000 0.707107 0.707107
vn 0.000000 0.707107 0.707107
vn 0.000000 0.555573 0.831468
vn 0.000000 0.555573 0.831468
vn 0.000000 0.831468 0.555573
vn 0.000000 0.831468 0.555573
vn 0.000000 0.707107 0.707107
vn 0.000000 0.707107 0.707107
vn 0.000000 0.923880 0.382681
vn 0.000000 0.923880 0.382681
vn 0.000000 0.831468 0.555573
vn 0.000000 0.831468 0.555573
vn 0.000000 -0.049044 -0.998797
vn 0.000000 -0.000000 -1.000000
vn 0.000000 -0.000000 -1.000000
vn 0.000000 -0.049044 -0.998797
vn 1.000000 0.000000 0.000000
vn 1.000000 0.000000 0.000000
vn 1.000000 0.000000 0.000000
vn 1.000000 0.000000 0.000000
vn 0.000000 1.000000 -0.000000
vn 0.000000 1.000000 -0.000000
vn 0.000000 1.000000 -0.000000
vn 0.000000 1.000000 -0.000000
vn 0.000000 0.050509 0.998724
vn 0.000000 0.050509 0.998724
vn 0.000000 0.000122 1.000000
vn 0.000000 0.000122 1.000000
vn 1.000000 0.000000 0.000000
vn 1.000000 0.000000 0.000000
vn 1.000000 0.000000 0.000000
vn 1.000000 0.000000 0.000000
vn 0.000000 1.000000 -0.000122
vn 0.000000 1.000000 -0.000122
vn 0.000000 1.000000 -0.000122
vn 0.000000 1.000000 -0.000122
vn 0.000000 0.000122 1.000000
vn 0.000000 0.000122 1.000000
vn 0.000000 0.000122 1.000000
vn 0.000000 0.000122 1.000000
vn 0.000000 -1.000000 0.000122
vn 0.000000 -1.000000 0.000122
vn 0.000000 -1.000000 0.000122
vn 0.000000 -1.000000 0.000122
vn -1.000000 0.000000 0.000000
vn -1.000000 0.000000 0.000000
vn -1.000000 0.000000 0.000000
vn -1.000000 0.000000 0.000000
vn -1.000000 0.000000 0.000000
vn -1.000000 0.000000 0.000000
vn -1.000000 0.000000 0.000000
vn -1.000000 0.000000 0.000000
vn 0.000000 1.000000 -0.000000
vn 0.000000 1.000000 -0.000000
vn 0.000000 1.000000 -0.000000
vn 0.000000 1.000000 -0.000000
vn -1.000000 0.000000 0.000000
vn -1.000000 0.000000 0.000000
vn -1.000000 0.000000 0.000000
vn -1.000000 0.000000 0.000000
vn 0.000000 1.000000 -0.000000
vn 0.000000 1.000000 -0.000000
vn 0.000000 1.000000 -0.000000
vn 0.000000 1.000000 -0.000000
vn -1.000000 0.000000 0.000000
vn -1.000000 0.000000 0.000000
vn -1.000000 0.000000 0.000000
vn -1.000000 0.000000 0.000000
vn 0.000000 -1.000000 0.000000
vn 0.000000 -1.000000 0.000000
vn 0.000000 -1.000000 0.000000
vn 0.000000 -1.000000 0.000000
vn 0.000000 1.000000 -0.000000
vn 0.000000 1.000000 -0.000000
vn 0.000000 1.000000 -0.000000
vn 0.000000 1.000000 -0.000000
vn -0.707107 0.707107 -0.000000
vn -0.707107 0.707107 -0.000000
vn -0.923880 0.382682 -0.000000
vn -0.707107 0.707107 -0.000000
vn -0.707107 0.707107 -0.000000
vn -0.707107 0.707107 -0.000000
vn -0.707107 0.707107 -0.000000
vn -0.707107 0.707107 -0.000000
vn -0.707107 0.707107 -0.000000
vn -0.707107 0.707107 -0.000000
vn -0.707107 0.707107 -0.000000
vn -1.000000 0.000000 0.000000
vn -1.000000 0.000000 0.000000
vn -1.000000 0.000000 0.000000
vn -1.000000 0.000000 0.000000
vn 0.000000 1.000000 -0.000000
vn 0.000000 1.000000 -0.000000
vn 0.000000 1.000000 -0.000000
vn 0.000000 1.000000 -0.000000
vn 0.000000 0.000000 1.000000
vn 0.000000 0.000000 1.000000
vn 0.000000 0.000000 1.000000
vn 0.000000 0.000000 1.000000
vn -1.000000 0.000000 0.000000
vn -1.000000 0.000000 0.000000
vn -1.000000 0.000000 0.000000
vn -1.000000 0.000000 0.000000
vn 0.000000 1.000000 -0.000000
vn 0.000000 1.000000 -0.000000
vn 0.000000 1.000000 -0.000000
vn 0.000000 1.000000 -0.000000
vn -1.000000 0.000000 0.000000
vn -1.000000 0.000000 0.000000
vn -1.000000 0.000000 0.000000
vn -1.000000 0.000000 0.000000
vn 0.000000 -1.000000 0.000000
vn 0.000000 -1.000000 0.000000
vn 0.000000 -1.000000 0.000000
vn 0.000000 -1.000000 0.000000
vn 0.000000 1.000000 -0.000000
vn 0.000000 1.000000 -0.000000
vn 0.000000 1.000000 -0.000000
vn 0.000000 1.000000 -0.000000
vn -0.707107 0.707107 -0.000000
vn -0.707107 0.707107 -0.000000
vn -0.707107 0.707107 -0.000000
vn -0.707107 0.707107 -0.000000
vn -0.707107 0.707107 -0.000000
vn -0.707107 0.707107 -0.000000
vn -0.707107 0.707107 -0.000000
vn -0.707107 0.707107 -0.000000
vn -0.707107 0.707107 -0.000000
vn -0.923880 0.382682 -0.000000
vn -0.707107 0.707107 -0.000000
vn -1.000000 0.000000 0.000000
vn -1.000000 0.000000 0.000000
vn -1.000000 0.000000 0.000000
vn -1.000000 0.000000 0.000000
vn -1.000000 0.000000 0.000000
vn -1.000000 0.000000 0.000000
vn -1.000000 0.000000 0.000000
vn -1.000000 0.000000 0.000000
vn -1.000000 0.000000 0.000000
vn -1.000000 0.000000 0.000000
vn -1.000000 0.000000 0.000000
vn -1.000000 0.000000 0.000000
vn -1.000000 0.000000 0.000000
vn -1.000000 0.000000 0.000000
vn -1.000000 0.000000 0.000000
vn -1.000000 0.000000 0.000000
vn -1.000000 0.000000 0.000000
vn -0.923880 0.382682 -0.000000
vn -0.923880 0.382682 -0.000000
vn 0.000000 -1.000000 0.000000
vn 0.000000 -1.000000 0.000000
vn 0.000000 -1.000000 0.000000
vn 0.000000 -1.000000 0.000000
vn -1.000000 0.000000 0.000000
vn -1.000000 0.000000 0.000000
vn -1.000000 0.000000 0.000000
vn -1.000000 0.000000 0.000000
vn -1.000000 0.000000 0.000000
vn -1.000000 0.000000 0.000000
vn -1.000000 0.000000 0.000000
vn 0.000000 1.000000 -0.000000
vn 0.000000 1.000000 -0.000000
vn 0.000000 1.000000 -0.000000
vn 0.000000 1.000000 -0.000000
vn 0.000000 1.000000 -0.000000
vn 0.000000 1.000000 -0.000000
vn 0.000000 1.000000 -0.000000
vn 0.000000 1.000000 -0.000000
vn 0.000000 1.000000 -0.000000
vn 0.000000 1.000000 -0.000000
vn 0.000000 1.000000 -0.000000
vn 0.000000 1.000000 -0.000000
vn -1.000000 0.000000 0.000000
vn -1.000000 0.000000 0.000000
vn -1.000000 0.000000 0.000000
vn -1.000000 0.000000 0.000000
vn 0.000000 0.000000 1.000000
vn 0.000000 0.000000 1.000000
vn 0.000000 0.000000 1.000000
vn 0.000000 0.000000 1.000000
vn 0.000000 1.000000 -0.000000
vn 0.000000 1.000000 -0.000000
vn 0.000000 1.000000 -0.000000
vn 0.000000 1.000000 -0.000000
vn 0.000000 1.000000 -0.000000
vn 0.000000 1.000000 -0.000000
vn 0.000000 1.000000 -0.000000
vn 0.000000 1.000000 -0.000000
vn 0.000000 1.000000 -0.000000
vn 0.000000 1.000000 -0.000000
vn 0.000000 1.000000 -0.000000
vn 0.000000 1.000000 -0.000000
vn 0.000000 -1.000000 0.000000
vn 0.000000 -1.000000 0.000000
vn 0.000000 -1.000000 0.000000
vn 0.000000 -1.000000 0.000000
vn 0.000000 -1.000000 0.000000
vn 0.000000 -1.000000 0.000000
vn 0.000000 -1.000000 0.000000
vn 0.000000 -1.000000 0.000000
vn -1.000000 0.000000 0.000000
vn -1.000000 0.000000 0.000000
vn -1.000000 0.000000 0.000000
vn -1.000000 0.000000 0.000000
vn -1.000000 0.000000 0.000000
vn -1.000000 0.000000 0.000000
vn -1.000000 0.000000 0.000000
vn -1.000000 0.000000 0.000000
vn -1.000000 0.000000 0.000000
vn -1.000000 0.000000 0.000000
vn -1.000000 0.000000 0.000000
vn -1.000000 0.000000 0.000000
vn 0.000000 -1.000000 0.000000
vn 0.000000 -1.000000 0.000000
vn 0.000000 -1.000000 0.000000
vn 0.000000 -1.000000 0.000000
vn -1.000000 0.000000 0.000000
vn -1.000000 0.000000 0.000000
vn -1.000000 0.000000 0.000000
vn -1.000000 0.000000 0.000000
vn -1.000000 0.000000 0.000000
vn -1.000000 0.000000 0.000000
vn -1.000000 0.000000 0.000000
vn 0.000000 1.000000 -0.000000
vn 0.000000 1.000000 -0.000000
vn 0.000000 1.000000 -0.000000
vn 0.000000 1.000000 -0.000000
vn 0.000000 1.000000 -0.000000
vn 0.000000 1.000000 -0.000000
vn 0.000000 1.000000 -0.000000
vn 0.000000 1.000000 -0.000000
vn 0.000000 1.000000 -0.000000
vn 0.000000 1.000000 -0.000000
vn 0.000000 1.000000 -0.000000
vn 0.000000 1.000000 -0.000000
vn -1.000000 0.000000 0.000000
vn -1.000000 0.000000 0.000000
vn -1.000000 0.000000 0.000000
vn -1.000000 0.000000 0.000000
vn 0.000000 1.000000 -0.000000
vn 0.000000 1.000000 -0.000000
vn 0.000000 1.000000 -0.000000
vn 0.000000 1.000000 -0.000000
vn 0.000000 1.000000 -0.000000
vn 0.000000 1.000000 -0.000000
vn 0.000000 1.000000 -0.000000
vn 0.000000 1.000000 -0.000000
vn 0.000000 1.000000 -0.000000
vn 0.000000 1.000000 -0.000000
vn 0.000000 1.000000 -0.000000
vn 0.000000 1.000000 -0.000000
vn 0.000000 -1.000000 0.000000
vn 0.000000 -1.000000 0.000000
vn 0.000000 -1.000000 0.000000
vn 0.000000 -1.000000 0.000000
vn 0.000000 -1.000000 0.000000
vn 0.000000 -1.000000 0.000000
vn 0.000000 -1.000000 0.000000
vn 0.000000 -1.000000 0.000000
vn -1.000000 0.000000 0.000000
vn -1.000000 0.000000 0.000000
vn -1.000000 0.000000 0.000000
vn -1.000000 0.000000 0.000000
vn -1.000000 0.000000 0.000000
vn -1.000000 0.000000 0.000000
vn -1.000000 0.000000 0.000000
vn -1.000000 0.000000 0.000000
vn -1.000000 0.000000 0.000000
vn -1.000000 0.000000 0.000000
vn -1.000000 0.000000 0.000000
vn -1.000000 0.000000 0.000000
vn -1.000000 0.000000 0.000000
vn -1.000000 0.000000 0.000000
vn -1.000000 0.000000 0.000000
vn -1.000000 0.000000 0.000000
vn -1.000000 0.000000 0.000000
vn -1.000000 0.000000 0.000000
vn -1.000000 0.000000 0.000000
vn -1.000000 0.000000 0.000000
vn -1.000000 0.000000 0.000000
vn -1.000000 0.000000 0.000000
vn -1.000000 0.000000 0.000000
vn -1.000000 0.000000 0.000000
vn -1.000000 0.000000 0.000000
vn -1.000000 0.000000 0.000000
vn -1.000000 0.000000 0.000000
vn -1.000000 0.000000 0.000000
vn -1.000000 0.000000 0.000000
vn -1.000000 0.000000 0.000000
vn -1.000000 0.000000 0.000000
vn -1.000000 0.000000 0.000000
vn -1.000000 0.000000 0.000000
vn -1.000000 0.000000 0.000000
vn -1.000000 0.000000 0.000000
vn -1.000000 0.000000 0.000000
vn -1.000000 0.000000 0.000000
vn -1.000000 0.000000 0.000000
vn -1.000000 0.000000 0.000000
vn -1.000000 0.000000 0.000000
vn 0.000000 -1.000000 0.000000
vn 0.000000 -1.000000 0.000000
vn 0.000000 -1.000000 0.000000
vn 0.000000 -1.000000 0.000000
vn 0.000000 -1.000000 0.000000
vn 0.000000 -1.000000 0.000000
vn 0.000000 -1.000000 0.000000
vn 0.000000 -1.000000 0.000000
vn 0.000000 -1.000000 0.000000
vn 0.000000 -1.000000 0.000000
vn 0.000000 -1.000000 0.000000
vn 0.000000 -1.000000 0.000000
vn 0.000000 -1.000000 0.000000
vn 0.000000 -1.000000 0.000000
vn 0.000000 -1.000000 0.000000
vn 0.000000 -1.000000 0.000000
vn 0.000000 -1.000000 0.000000
vn 0.000000 -1.000000 0.000000
vn 0.000000 -1.000000 0.000000
vn 0.000000 -1.000000 0.000000
vn 0.000000 -1.000000 0.000000
vn 0.000000 -1.000000 0.000000
vn 0.000000 -1.000000 0.000000
vn 0.000000 -1.000000 0.000000
vn 0.000000 1.000000 -0.000000
vn 0.000000 1.000000 -0.000000
vn 0.000000 1.000000 -0.000000
vn 0.000000 1.000000 -0.000000
vn 0.000000 1.000000 -0.000000
vn 0.000000 1.000000 -0.000000
vn 0.000000 1.000000 -0.000000
vn 0.000000 1.000000 -0.000000
vn 0.000000 1.000000 -0.000000
vn 0.000000 1.000000 -0.000000
vn 0.000000 1.000000 -0.000000
vn 0.000000 1.000000 -0.000000
vn 0.000000 1.000000 -0.000000
vn 0.000000 1.000000 -0.000000
vn 0.000000 1.000000 -0.000000
vn 0.000000 1.000000 -0.000000
vn 0.000000 1.000000 -0.000000
vn 0.000000 1.000000 -0.000000
vn 0.000000 1.000000 -0.000000
vn 0.000000 1.000000 -0.000000
vn 0.000000 1.000000 -0.000000
vn 0.000000 1.000000 -0.000000
vn 0.000000 1.000000 -0.000000
vn 0.000000 1.000000 -0.000000
vn 0.000000 1.000000 -0.000000
vn 0.000000 1.000000 -0.000000
vn 0.000000 1.000000 -0.000000
vn 0.000000 1.000000 -0.000000
vn 0.000000 1.000000 -0.000000
vn 0.000000 1.000000 -0.000000
vn 0.000000 1.000000 -0.000000
vn 0.000000 1.000000 -0.000000
vn 0.000000 1.000000 -0.000000
vn 0.000000 1.000000 -0.000000
vn 0.000000 1.000000 -0.000000
vn 0.000000 1.000000 -0.000000
vn -1.000000 0.000000 0.000000
vn -1.000000 0.000000 0.000000
vn -1.000000 0.000000 0.000000
vn -1.000000 0.000000 0.000000
vn -1.000000 0.000000 0.000000
vn -1.000000 0.000000 0.000000
vn -1.000000 0.000000 0.000000
vn -1.000000 0.000000 0.000000
vn 0.000000 1.000000 -0.000000
vn 0.000000 1.000000 -0.000000
vn 0.000000 1.000000 -0.000000
vn 0.000000 1.000000 -0.000000
vn 0.000000 1.000000 -0.000000
vn 0.000000 1.000000 -0.000000
vn 0.000000 1.000000 -0.000000
vn 0.000000 1.000000 -0.000000
vn 0.000000 1.000000 -0.000000
vn 0.000000 1.000000 -0.000000
vn 0.000000 1.000000 -0.000000
vn 0.000000 1.000000 -0.000000
vn 0.000000 1.000000 -0.000000
vn 0.000000 1.000000 -0.000000
vn 0.000000 1.000000 -0.000000
vn 0.000000 1.000000 -0.000000
vn 0.000000 1.000000 -0.000000
vn 0.000000 1.000000 -0.000000
vn 0.000000 1.000000 -0.000000
vn 0.000000 1.000000 -0.000000
vn 0.000000 1.000000 -0.000000
vn 0.000000 1.000000 -0.000000
vn 0.000000 1.000000 -0.000000
vn 0.000000 1.000000 -0.000000
vn 0.000000 1.000000 -0.000000
vn 0.000000 1.000000 -0.000000
vn 0.000000 1.000000 -0.000000
vn 0.000000 1.000000 -0.000000
vn 0.000000 1.000000 -0.000000
vn 0.000000 1.000000 -0.000000
vn 0.000000 1.000000 -0.000000
vn 0.000000 1.000000 -0.000000
vn 0.000000 1.000000 -0.000000
vn 0.000000 1.000000 -0.000000
vn 0.000000 1.000000 -0.000000
vn 0.000000 1.000000 -0.000000
vn -1.000000 0.000000 0.000000
vn -1.000000 0.000000 0.000000
vn -1.000000 0.000000 0.000000
vn -1.000000 0.000000 0.000000
vn -1.000000 0.000000 0.000000
vn -1.000000 0.000000 0.000000
vn -1.000000 0.000000 0.000000
vn -1.000000 0.000000 0.000000
vn -1.000000 0.000000 0.000000
vn -1.000000 0.000000 0.000000
vn -1.000000 0.000000 0.000000
vn -1.000000 0.000000 0.000000
vn 0.000000 -1.000000 0.000000
vn 0.000000 -1.000000 0.000000
vn 0.000000 -1.000000 0.000000
vn 0.000000 -1.000000 0.000000
vn 0.000000 -1.000000 0.000000
vn 0.000000 -1.000000 0.000000
vn 0.000000 -1.000000 0.000000
vn 0.000000 -1.000000 0.000000
vn 0.000000 -1.000000 0.000000
vn 0.000000 -1.000000 0.000000
vn 0.000000 -1.000000 0.000000
vn 0.000000 -1.000000 0.000000
vn -1.000000 0.000000 0.000000
vn -1.000000 0.000000 0.000000
vn -1.000000 0.000000 0.000000
vn -1.000000 0.000000 0.000000
vn -1.000000 0.000000 0.000000
vn -1.000000 0.000000 0.000000
vn -1.000000 0.000000 0.000000
vn -1.000000 0.000000 0.000000
vn -1.000000 0.000000 0.000000
vn -1.000000 0.000000 0.000000
vn -1.000000 0.000000 0.000000
vn -1.000000 0.000000 0.000000
vn -1.000000 0.000000 0.000000
vn -1.000000 0.000000 0.000000
vn -1.000000 0.000000 0.000000
vn -1.000000 0.000000 0.000000
vn -1.000000 0.000000 0.000000
vn -1.000000 0.000000 0.000000
vn -1.000000 0.000000 0.000000
vn -1.000000 0.000000 0.000000
vn -1.000000 0.000000 0.000000
vn -1.000000 0.000000 0.000000
vn -1.000000 0.000000 0.000000
vn -1.000000 0.000000 0.000000
vn -1.000000 0.000000 0.000000
vn -1.000000 0.000000 0.000000
vn -1.000000 0.000000 0.000000
vn -1.000000 0.000000 0.000000
vn 0.000000 -1.000000 0.000000
vn 0.000000 -1.000000 0.000000
vn 0.000000 -1.000000 0.000000
vn 0.000000 -1.000000 0.000000
vn 0.000000 -1.000000 0.000000
vn 0.000000 -1.000000 0.000000
vn 0.000000 -1.000000 0.000000
vn 0.000000 -1.000000 0.000000
vn 0.000000 -1.000000 0.000000
vn 0.000000 -1.000000 0.000000
vn 0.000000 -1.000000 0.000000
vn 0.000000 -1.000000 0.000000
vn 0.000000 -1.000000 0.000000
vn 0.000000 -1.000000 0.000000
vn 0.000000 -1.000000 0.000000
vn 0.000000 -1.000000 0.000000
vn 0.000000 -1.000000 0.000000
vn 0.000000 -1.000000 0.000000
vn 0.000000 -1.000000 0.000000
vn 0.000000 -1.000000 0.000000
vn 0.000000 -1.000000 0.000000
vn 0.000000 -1.000000 0.000000
vn 0.000000 -1.000000 0.000000
vn 0.000000 -1.000000 0.000000
vn 0.000000 1.000000 -0.000000
vn 0.000000 1.000000 -0.000000
vn 0.000000 1.000000 -0.000000
vn 0.000000 1.000000 -0.000000
vn 0.000000 1.000000 -0.000000
vn 0.000000 1.000000 -0.000000
vn 0.000000 1.000000 -0.000000
vn 0.000000 1.000000 -0.000000
vn 0.000000 1.000000 -0.000000
vn 0.000000 1.000000 -0.000000
vn 0.000000 1.000000 -0.000000
vn 0.000000 1.000000 -0.000000
vn 0.000000 1.000000 -0.000000
vn 0.000000 1.000000 -0.000000
vn 0.000000 1.000000 -0.000000
vn 0.000000 1.000000 -0.000000
vn 0.000000 1.000000 -0.000000
vn 0.000000 1.000000 -0.000000
vn 0.000000 1.000000 -0.000000
vn 0.000000 1.000000 -0.000000
vn 0.000000 1.000000 -0.000000
vn 0.000000 1.000000 -0.000000
vn 0.000000 1.000000 -0.000000
vn 0.000000 1.000000 -0.000000
vn 0.000000 1.000000 -0.000000
vn 0.000000 1.000000 -0.000000
vn 0.000000 1.000000 -0.000000
vn 0.000000 1.000000 -0.000000
vn 0.000000 1.000000 -0.000000
vn 0.000000 1.000000 -0.000000
vn 0.000000 1.000000 -0.000000
vn 0.000000 1.000000 -0.000000
vn 0.000000 1.000000 -0.000000
vn 0.000000 1.000000 -0.000000
vn 0.000000 1.000000 -0.000000
vn 0.000000 1.000000 -0.000000
vn 0.000000 0.000000 1.000000
vn 0.000000 0.000000 1.000000
vn 0.000000 0.000000 1.000000
vn 0.000000 0.000000 1.000000
vn 0.000000 0.000000 1.000000
vn 0.000000 0.000000 1.000000
vn 0.000000 0.000000 1.000000
vn 0.000000 0.000000 1.000000
vn 0.000000 0.000000 1.000000
vn 0.000000 0.000000 1.000000
vn 0.000000 0.000000 1.000000
vn 0.000000 0.000000 1.000000
vn -1.000000 0.000000 0.000000
vn -1.000000 0.000000 0.000000
vn -1.000000 0.000000 0.000000
vn -1.000000 0.000000 0.000000
vn -1.000000 0.000000 0.000000
vn -1.000000 0.000000 0.000000
vn -1.000000 0.000000 0.000000
vn -1.000000 0.000000 0.000000
vn 0.000000 1.000000 -0.000000
vn 0.000000 1.000000 -0.000000
vn 0.000000 1.000000 -0.000000
vn 0.000000 1.000000 -0.000000
vn 0.000000 1.000000 -0.000000
vn 0.000000 1.000000 -0.000000
vn 0.000000 1.000000 -0.000000
vn 0.000000 1.000000 -0.000000
vn 0.000000 1.000000 -0.000000
vn 0.000000 1.000000 -0.000000
vn 0.000000 1.000000 -0.000000
vn 0.000000 1.000000 -0.000000
vn 0.000000 1.000000 -0.000000
vn 0.000000 1.000000 -0.000000
vn 0.000000 1.000000 -0.000000
vn 0.000000 1.000000 -0.000000
vn 0.000000 1.000000 -0.000000
vn 0.000000 1.000000 -0.000000
vn 0.000000 1.000000 -0.000000
vn 0.000000 1.000000 -0.000000
vn 0.000000 1.000000 -0.000000
vn 0.000000 1.000000 -0.000000
vn 0.000000 1.000000 -0.000000
vn 0.000000 1.000000 -0.000000
vn 0.000000 1.000000 -0.000000
vn 0.000000 1.000000 -0.000000
vn 0.000000 1.000000 -0.000000
vn 0.000000 1.000000 -0.000000
vn 0.000000 1.000000 -0.000000
vn 0.000000 1.000000 -0.000000
vn 0.000000 1.000000 -0.000000
vn 0.000000 1.000000 -0.000000
vn 0.000000 1.000000 -0.000000
vn 0.000000 1.000000 -0.000000
vn 0.000000 1.000000 -0.000000
vn 0.000000 1.000000 -0.000000
vn -1.000000 0.000000 0.000000
vn -1.000000 0.000000 0.000000
vn -1.000000 0.000000 0.000000
vn -1.000000 0.000000 0.000000
vn -1.000000 0.000000 0.000000
vn -1.000000 0.000000 0.000000
vn -1.000000 0.000000 0.000000
vn -1.000000 0.000000 0.000000
vn -1.000000 0.000000 0.000000
vn -1.000000 0.000000 0.000000
vn -1.000000 0.000000 0.000000
vn -1.000000 0.000000 0.000000
vn 0.000000 -1.000000 0.000000
vn 0.000000 -1.000000 0.000000
vn 0.000000 -1.000000 0.000000
vn 0.000000 -1.000000 0.000000
vn 0.000000 -1.000000 0.000000
vn 0.000000 -1.000000 0.000000
vn 0.000000 -1.000000 0.000000
vn 0.000000 -1.000000 0.000000
vn 0.000000 -1.000000 0.000000
vn 0.000000 -1.000000 0.000000
vn 0.000000 -1.000000 0.000000
vn 0.000000 -1.000000 0.000000
vn 0.000000 -1.000000 0.000000
vn 0.000000 -1.000000 0.000000
vn 0.000000 -1.000000 0.000000
vn 0.000000 -1.000000 0.000000
vn 0.000000 -1.000000 0.000000
vn 0.000000 -1.000000 0.000000
vn 0.000000 -1.000000 0.000000
vn 0.000000 -1.000000 0.000000
vn 0.000000 -1.000000 0.000000
vn 0.000000 -1.000000 0.000000
vn 0.000000 -1.000000 0.000000
vn 0.000000 -1.000000 0.000000
vn -1.000000 0.000000 0.000000
vn -1.000000 0.000000 0.000000
vn -1.000000 0.000000 0.000000
vn -1.000000 0.000000 0.000000
vn -1.000000 0.000000 0.000000
vn -1.000000 0.000000 0.000000
vn -1.000000 0.000000 0.000000
vn -1.000000 0.000000 0.000000
vn -1.000000 0.000000 0.000000
vn -1.000000 0.000000 0.000000
vn -1.000000 0.000000 0.000000
vn -1.000000 0.000000 0.000000
vn 0.000000 1.000000 -0.000000
vn 0.000000 1.000000 -0.000000
vn 0.000000 1.000000 -0.000000
vn 0.000000 1.000000 -0.000000
vn 0.000000 1.000000 -0.000000
vn 0.000000 1.000000 -0.000000
vn 0.000000 1.000000 -0.000000
vn 0.000000 1.000000 -0.000000
vn 0.000000 1.000000 -0.000000
vn 0.000000 1.000000 -0.000000
vn 0.000000 1.000000 -0.000000
vn 0.000000 1.000000 -0.000000
vn -1.000000 0.000000 0.000000
vn -1.000000 0.000000 0.000000
vn -1.000000 0.000000 0.000000
vn -1.000000 0.000000 0.000000
vn -1.000000 0.000000 0.000000
vn -1.000000 0.000000 0.000000
vn -1.000000 0.000000 0.000000
vn -1.000000 0.000000 0.000000
vn -1.000000 0.000000 0.000000
vn -1.000000 0.000000 0.000000
vn -1.000000 0.000000 0.000000
vn -1.000000 0.000000 0.000000
vn 0.000000 0.000000 1.000000
vn 0.000000 0.000000 1.000000
vn 0.000000 0.000000 1.000000
vn 0.000000 0.000000 1.000000
vn 0.000000 0.000000 1.000000
vn 0.000000 0.000000 1.000000
vn 0.000000 0.000000 1.000000
vn 0.000000 0.000000 1.000000
vn 0.000000 0.000000 1.000000
vn 0.000000 0.000000 1.000000
vn 0.000000 0.000000 1.000000
vn 0.000000 0.000000 1.000000
vn 0.000000 1.000000 -0.000000
vn 0.000000 1.000000 -0.000000
vn 0.000000 1.000000 -0.000000
vn 0.000000 1.000000 -0.000000
vn 0.000000 1.000000 -0.000000
vn 0.000000 1.000000 -0.000000
vn 0.000000 1.000000 -0.000000
vn 0.000000 1.000000 -0.000000
vn 0.000000 1.000000 -0.000000
vn 0.000000 1.000000 -0.000000
vn 0.000000 1.000000 -0.000000
vn 0.000000 1.000000 -0.000000
vn -1.000000 0.000000 0.000000
vn -1.000000 0.000000 0.000000
vn -1.000000 0.000000 0.000000
vn -1.000000 0.000000 0.000000
vn -1.000000 0.000000 0.000000
vn -1.000000 0.000000 0.000000
vn -1.000000 0.000000 0.000000
vn -1.000000 0.000000 0.000000
vn -1.000000 0.000000 0.000000
vn -1.000000 0.000000 0.000000
vn -1.000000 0.000000 0.000000
vn -1.000000 0.000000 0.000000
vn 0.000000 -1.000000 0.000000
vn 0.000000 -1.000000 0.000000
vn 0.000000 -1.000000 0.000000
vn 0.000000 -1.000000 0.000000
vn 0.000000 -1.000000 0.000000
vn 0.000000 -1.000000 0.000000
vn 0.000000 -1.000000 0.000000
vn 0.000000 -1.000000 0.000000
vn 0.000000 -1.000000 0.000000
vn 0.000000 -1.000000 0.000000
vn 0.000000 -1.000000 0.000000
vn 0.000000 -1.000000 0.000000
vn -1.000000 0.000000 0.000000
vn -1.000000 0.000000 0.000000
vn -1.000000 0.000000 0.000000
vn -1.000000 0.000000 0.000000
vn -1.000000 0.000000 0.000000
vn -1.000000 0.000000 0.000000
vn -1.000000 0.000000 0.000000
vn -1.000000 0.000000 0.000000
vn -1.000000 0.000000 0.000000
vn -1.000000 0.000000 0.000000
vn -1.000000 0.000000 0.000000
vn -1.000000 0.000000 0.000000
vn 0.000000 1.000000 -0.000000
vn 0.000000 1.000000 -0.000000
vn 0.000000 1.000000 -0.000000
vn 0.000000 1.000000 -0.000000
vn 0.000000 1.000000 -0.000000
vn 0.000000 1.000000 -0.000000
vn 0.000000 1.000000 -0.000000
vn 0.000000 1.000000 -0.000000
vn 0.000000 1.000000 -0.000000
vn 0.000000 1.000000 -0.000000
vn 0.000000 1.000000 -0.000000
vn 0.000000 1.000000 -0.000000
vn -1.000000 0.000000 0.000000
vn -1.000000 0.000000 0.000000
vn -1.000000 0.000000 0.000000
vn -1.000000 0.000000 0.000000
vn -1.000000 0.000000 0.000000
vn -1.000000 0.000000 0.000000
vn -1.000000 0.000000 0.000000
vn -1.000000 0.000000 0.000000
vn -1.000000 0.000000 0.000000
vn -1.000000 0.000000 0.000000
vn -1.000000 0.000000 0.000000
vn -1.000000 0.000000 0.000000
vn 0.000000 1.000000 -0.000000
vn 0.000000 1.000000 -0.000000
vn 0.000000 1.000000 -0.000000
vn 0.000000 1.000000 -0.000000
vn 0.000000 1.000000 -0.000000
vn 0.000000 1.000000 -0.000000
vn 0.000000 1.000000 -0.000000
vn 0.000000 1.000000 -0.000000
vn 0.000000 1.000000 -0.000000
vn 0.000000 1.000000 -0.000000
vn 0.000000 1.000000 -0.000000
vn 0.000000 1.000000 -0.000000
vn -1.000000 0.000000 0.000000
vn -1.000000 0.000000 0.000000
vn -1.000000 0.000000 0.000000
vn -1.000000 0.000000 0.000000
vn -1.000000 0.000000 0.000000
vn -1.000000 0.000000 0.000000
vn -1.000000 0.000000 0.000000
vn -1.000000 0.000000 0.000000
vn -1.000000 0.000000 0.000000
vn -1.000000 0.000000 0.000000
vn -1.000000 0.000000 0.000000
vn -1.000000 0.000000 0.000000
vn 0.000000 1.000000 -0.000000
vn 0.000000 1.000000 -0.000000
vn 0.000000 1.000000 -0.000000
vn 0.000000 1.000000 -0.000000
vn 0.000000 1.000000 -0.000000
vn 0.000000 1.000000 -0.000000
vn 0.000000 1.000000 -0.000000
vn 0.000000 1.000000 -0.000000
vn 0.000000 1.000000 -0.000000
vn 0.000000 1.000000 -0.000000
vn 0.000000 1.000000 -0.000000
vn 0.000000 1.000000 -0.000000
vn 0.000000 1.000000 -0.000000
vn 0.000000 1.000000 -0.000000
vn 0.000000 1.000000 -0.000000
vn 0.000000 1.000000 -0.000000
vn 0.000000 1.000000 -0.000000
vn -1.000000 0.000000 0.000000
vn -1.000000 0.000000 0.000000
vn -1.000000 0.000000 0.000000
vn -1.000000 0.000000 0.000000
vn -1.000000 0.000000 0.000000
vn -1.000000 0.000000 0.000000
vn -1.000000 0.000000 0.000000
vn -1.000000 0.000000 0.000000
vn -1.000000 0.000000 0.000000
vn -1.000000 0.000000 0.000000
vn -1.000000 0.000000 0.000000
vn -1.000000 0.000000 0.000000
vn -1.000000 0.000000 0.000000
vn -1.000000 0.000000 0.000000
vn -1.000000 0.000000 0.000000
vn -1.000000 0.000000 0.000000
vn -1.000000 0.000000 0.000000
vn -1.000000 0.000000 0.000000
vn -1.000000 0.000000 0.000000
vn -1.000000 0.000000 0.000000
vn -1.000000 0.000000 0.000000
vn -1.000000 0.000000 0.000000
vn -1.000000 0.000000 0.000000
vn -1.000000 0.000000 0.000000
vn -1.000000 0.000000 0.000000
vn -1.000000 0.000000 0.000000
vn -1.000000 0.000000 0.000000
vn -1.000000 0.000000 0.000000
vn -1.000000 0.000000 0.000000
vn -1.000000 0.000000 0.000000
vn -1.000000 0.000000 0.000000
vn -1.000000 0.000000 0.000000
vn -1.000000 0.000000 0.000000
vn -1.000000 0.000000 0.000000
vn -1.000000 0.000000 0.000000
vn -1.000000 0.000000 0.000000
vn -1.000000 0.000000 0.000000
vn -1.000000 0.000000 0.000000
vn -1.000000 0.000000 0.000000
vn 0.000000 0.000000 1.000000
vn 0.000000 0.000000 1.000000
vn 0.000000 0.000000 1.000000
vn 0.000000 0.000000 1.000000
vn 0.000000 0.000000 1.000000
vn -1.000000 0.000000 0.000000
vn -1.000000 0.000000 0.000000
vn -1.000000 0.000000 0.000000
vn -1.000000 0.000000 0.000000
vn -1.000000 0.000000 0.000000
vn -1.000000 0.000000 0.000000
vn -1.000000 0.000000 0.000000
vn -1.000000 0.000000 0.000000
vn -1.000000 0.000000 0.000000
vn -1.000000 0.000000 0.000000
vn -1.000000 0.000000 0.000000
vn -1.000000 0.000000 0.000000
vn -1.000000 0.000000 0.000000
vn 0.000000 -1.000000 0.000000
vn 0.000000 -1.000000 0.000000
vn 0.000000 -1.000000 0.000000
vn 0.000000 -1.000000 0.000000
vn -1.000000 0.000000 0.000000
vn -1.000000 0.000000 0.000000
vn -1.000000 0.000000 0.000000
vn -1.000000 0.000000 0.000000
vn 0.000000 1.000000 -0.000000
vn 0.000000 1.000000 -0.000000
vn 0.000000 1.000000 -0.000000
vn 0.000000 1.000000 -0.000000
vn -1.000000 0.000000 0.000000
vn -1.000000 0.000000 0.000000
vn -1.000000 0.000000 0.000000
vn -1.000000 0.000000 0.000000
vn -1.000000 0.000000 0.000000
vn -1.000000 0.000000 0.000000
vn -1.000000 0.000000 0.000000
vn -1.000000 0.000000 0.000000
vn -1.000000 0.000000 0.000000
vn -1.000000 0.000000 0.000000
vn -1.000000 0.000000 0.000000
vn -1.000000 0.000000 0.000000
vn -1.000000 0.000000 0.000000
vn -1.000000 0.000000 0.000000
vn -1.000000 0.000000 0.000000
vn -1.000000 0.000000 0.000000
vn -1.000000 0.000000 0.000000
vn -1.000000 0.000000 0.000000
vn -1.000000 0.000000 0.000000
vn -1.000000 0.000000 0.000000
vn -1.000000 0.000000 0.000000
vn -1.000000 0.000000 0.000000
vn -1.000000 0.000000 0.000000
vn 0.000000 0.000000 1.000000
vn 0.000000 0.000000 1.000000
vn 0.000000 0.000000 1.000000
vn 0.000000 0.000000 1.000000
vn 0.000000 0.000000 1.000000
vn -1.000000 0.000000 0.000000
vn -1.000000 0.000000 0.000000
vn -1.000000 0.000000 0.000000
vn -1.000000 0.000000 0.000000
vn -1.000000 0.000000 0.000000
vn -1.000000 0.000000 0.000000
vn -1.000000 0.000000 0.000000
vn -1.000000 0.000000 0.000000
vn 0.000000 -1.000000 0.000000
vn 0.000000 -1.000000 0.000000
vn 0.000000 -1.000000 0.000000
vn 0.000000 -1.000000 0.000000
vn -1.000000 0.000000 0.000000
vn -1.000000 0.000000 0.000000
vn -1.000000 0.000000 0.000000
vn -1.000000 0.000000 0.000000
vn -1.000000 0.000000 0.000000
vn -1.000000 0.000000 0.000000
vn -1.000000 0.000000 0.000000
vn -1.000000 0.000000 0.000000
vn -1.000000 0.000000 0.000000
vn 0.000000 -1.000000 0.000000
vn 0.000000 -1.000000 0.000000
vn 0.000000 -1.000000 0.000000
vn 0.000000 -1.000000 0.000000
vn -1.000000 0.000000 0.000000
vn -1.000000 0.000000 0.000000
vn -1.000000 0.000000 0.000000
vn -1.000000 0.000000 0.000000
vn -1.000000 0.000000 0.000000
vn -1.000000 0.000000 0.000000
vn -1.000000 0.000000 0.000000
vn -1.000000 0.000000 0.000000
vn -1.000000 0.000000 0.000000
vn -1.000000 0.000000 0.000000
vn -1.000000 0.000000 0.000000
vn -1.000000 0.000000 0.000000
vn -1.000000 0.000000 0.000000
vn -1.000000 0.000000 0.000000
vn -1.000000 0.000000 0.000000
vn -1.000000 0.000000 0.000000
vn -1.000000 0.000000 0.000000
vn -1.000000 0.000000 0.000000
vn -1.000000 0.000000 0.000000
vn -1.000000 0.000000 0.000000
vn -1.000000 0.000000 0.000000
vn -1.000000 0.000000 0.000000
vn -1.000000 0.000000 0.000000
vn -1.000000 0.000000 0.000000
vn -1.000000 0.000000 0.000000
vn -1.000000 0.000000 0.000000
vn -1.000000 0.000000 0.000000
vn 0.000000 0.000000 1.000000
vn 0.000000 0.000000 1.000000
vn 0.000000 0.000000 1.000000
vn 0.000000 0.000000 1.000000
vn -1.000000 0.000000 0.000000
vn -1.000000 0.000000 0.000000
vn -1.000000 0.000000 0.000000
vn 0.000000 -1.000000 0.000000
vn 0.000000 -1.000000 0.000000
vn 0.000000 -1.000000 0.000000
vn 0.000000 -1.000000 0.000000
vn -1.000000 0.000000 0.000000
vn -1.000000 0.000000 0.000000
vn -1.000000 0.000000 0.000000
vn -1.000000 0.000000 0.000000
vn -1.000000 0.000000 0.000000
vn -1.000000 0.000000 0.000000
vn -1.000000 0.000000 0.000000
vn -1.000000 0.000000 0.000000
vn 0.000000 0.000000 1.000000
vn 0.000000 0.000000 1.000000
vn 0.000000 0.000000 1.000000
vn 0.000000 0.000000 1.000000
vn 0.000000 -1.000000 0.000000
vn 0.000000 -1.000000 0.000000
vn 0.000000 -1.000000 0.000000
vn 0.000000 -1.000000 0.000000
vn -1.000000 0.000000 0.000000
vn -1.000000 0.000000 0.000000
vn -1.000000 0.000000 0.000000
vn -1.000000 0.000000 0.000000
vn -1.000000 0.000000 0.000000
vn -1.000000 0.000000 0.000000
vn -1.000000 0.000000 0.000000
vn -1.000000 0.000000 0.000000
vn -1.000000 0.000000 0.000000
vn -1.000000 0.000000 0.000000
vn -1.000000 0.000000 0.000000
vn -1.000000 0.000000 0.000000
vn -1.000000 0.000000 0.000000
vn -1.000000 0.000000 0.000000
vn -1.000000 0.000000 0.000000
vn -1.000000 0.000000 0.000000
vn -1.000000 0.000000 0.000000
vn -1.000000 0.000000 0.000000
vn -1.000000 0.000000 0.000000
vn -1.000000 0.000000 0.000000
vn 0.000000 -1.000000 0.000000
vn 0.000000 -1.000000 0.000000
vn 0.000000 -1.000000 0.000000
vn 0.000000 -1.000000 0.000000
vn -1.000000 0.000000 0.000000
vn -1.000000 0.000000 0.000000
vn -1.000000 0.000000 0.000000
vn -1.000000 0.000000 0.000000
vn -1.000000 0.000000 0.000000
vn -1.000000 0.000000 0.000000
vn -1.000000 0.000000 0.000000
vn -1.000000 0.000000 0.000000
vn -1.000000 0.000000 0.000000
vn -1.000000 0.000000 0.000000
vn -1.000000 0.000000 0.000000
vn -1.000000 0.000000 0.000000
vn -1.000000 0.000000 0.000000
vn 0.000000 -1.000000 0.000000
vn 0.000000 -1.000000 0.000000
vn 0.000000 -1.000000 0.000000
vn 0.000000 -1.000000 0.000000
vn -1.000000 0.000000 0.000000
vn -1.000000 0.000000 0.000000
vn -1.000000 0.000000 0.000000
vn -1.000000 0.000000 0.000000
vn 0.000000 -1.000000 0.000000
vn 0.000000 -1.000000 0.000000
vn 0.000000 -1.000000 0.000000
vn 0.000000 -1.000000 0.000000
vn -1.000000 0.000000 0.000000
vn -1.000000 0.000000 0.000000
vn -1.000000 0.000000 0.000000
vn -1.000000 0.000000 0.000000
vn -1.000000 0.000000 0.000000
vn -1.000000 0.000000 0.000000
vn -1.000000 0.000000 0.000000
vn -1.000000 0.000000 0.000000
vn -1.000000 0.000000 0.000000
vn 0.000000 1.000000 -0.000000
vn 0.000000 1.000000 -0.000000
vn 0.000000 1.000000 -0.000000
vn 0.000000 1.000000 -0.000000
vn 1.000000 0.000000 0.000000
vn 1.000000 0.000000 0.000000
vn 1.000000 0.000000 0.000000
vn 1.000000 0.000000 0.000000
vn 0.000000 1.000000 -0.000000
vn 0.000000 1.000000 -0.000000
vn 0.000000 1.000000 -0.000000
vn 0.000000 1.000000 -0.000000
vn 1.000000 0.000000 0.000000
vn 1.000000 0.000000 0.000000
vn 1.000000 0.000000 0.000000
vn 1.000000 0.000000 0.000000
vn 0.000000 1.000000 -0.000000
vn 0.000000 1.000000 -0.000000
vn 0.000000 1.000000 -0.000000
vn 0.000000 1.000000 -0.000000
vn 1.000000 0.000000 0.000000
vn 1.000000 0.000000 0.000000
vn 1.000000 0.000000 0.000000
vn 1.000000 0.000000 0.000000
vn 0.000000 -1.000000 0.000000
vn 0.000000 -1.000000 0.000000
vn 0.000000 -1.000000 0.000000
vn 0.000000 -1.000000 0.000000
vn 0.000000 1.000000 -0.000000
vn 0.000000 1.000000 -0.000000
vn 0.000000 1.000000 -0.000000
vn 0.000000 1.000000 -0.000000
vn 0.707107 0.707107 -0.000000
vn 0.707107 0.707107 -0.000000
vn 0.707107 0.707107 -0.000000
vn 0.707107 0.707107 -0.000000
vn 0.707107 0.707107 -0.000000
vn 0.707107 0.707107 -0.000000
vn 0.707107 0.707107 -0.000000
vn 0.707107 0.707107 -0.000000
vn 0.707107 0.707107 -0.000000
vn 0.923880 0.382682 -0.000000
vn 0.707107 0.707107 -0.000000
vn 1.000000 0.000000 0.000000
vn 1.000000 0.000000 0.000000
vn 1.000000 0.000000 0.000000
vn 1.000000 0.000000 0.000000
vn 0.000000 1.000000 -0.000000
vn 0.000000 1.000000 -0.000000
vn 0.000000 1.000000 -0.000000
vn 0.000000 1.000000 -0.000000
vn 0.000000 0.000000 1.000000
vn 0.000000 0.000000 1.000000
vn 0.000000 0.000000 1.000000
vn 0.000000 0.000000 1.000000
vn 1.000000 0.000000 0.000000
vn 1.000000 0.000000 0.000000
vn 1.000000 0.000000 0.000000
vn 1.000000 0.000000 0.000000
vn 0.000000 1.000000 -0.000000
vn 0.000000 1.000000 -0.000000
vn 0.000000 1.000000 -0.000000
vn 0.000000 1.000000 -0.000000
vn 1.000000 0.000000 0.000000
vn 1.000000 0.000000 0.000000
vn 1.000000 0.000000 0.000000
vn 1.000000 0.000000 0.000000
vn 0.000000 -1.000000 0.000000
vn 0.000000 -1.000000 0.000000
vn 0.000000 -1.000000 0.000000
vn 0.000000 -1.000000 0.000000
vn 0.000000 1.000000 -0.000000
vn 0.000000 1.000000 -0.000000
vn 0.000000 1.000000 -0.000000
vn 0.000000 1.000000 -0.000000
vn 0.707107 0.707107 -0.000000
vn 0.707107 0.707107 -0.000000
vn 0.923880 0.382682 -0.000000
vn 0.707107 0.707107 -0.000000
vn 0.707107 0.707107 -0.000000
vn 0.707107 0.707107 -0.000000
vn 0.707107 0.707107 -0.000000
vn 0.707107 0.707107 -0.000000
vn 0.707107 0.707107 -0.000000
vn 0.707107 0.707107 -0.000000
vn 0.707107 0.707107 -0.000000
vn 1.000000 0.000000 0.000000
vn 1.000000 0.000000 0.000000
vn 1.000000 0.000000 0.000000
vn 1.000000 0.000000 0.000000
vn 1.000000 0.000000 0.000000
vn 1.000000 0.000000 0.000000
vn 1.000000 0.000000 0.000000
vn 1.000000 0.000000 0.000000
vn 1.000000 0.000000 0.000000
vn 1.000000 0.000000 0.000000
vn 1.000000 0.000000 0.000000
vn 1.000000 0.000000 0.000000
vn 1.000000 0.000000 0.000000
vn 1.000000 0.000000 0.000000
vn 1.000000 0.000000 0.000000
vn 1.000000 0.000000 0.000000
vn 0.923880 0.382682 -0.000000
vn 0.923880 0.382682 -0.000000
vn 1.000000 0.000000 0.000000
vn 0.000000 -1.000000 0.000000
vn 0.000000 -1.000000 0.000000
vn 0.000000 -1.000000 0.000000
vn 0.000000 -1.000000 0.000000
vn 1.000000 0.000000 0.000000
vn 1.000000 0.000000 0.000000
vn 1.000000 0.000000 0.000000
vn 1.000000 0.000000 0.000000
vn 1.000000 0.000000 0.000000
vn 1.000000 0.000000 0.000000
vn 1.000000 0.000000 0.000000
vn 0.000000 1.000000 -0.000000
vn 0.000000 1.000000 -0.000000
vn 0.000000 1.000000 -0.000000
vn 0.000000 1.000000 -0.000000
vn 0.000000 1.000000 -0.000000
vn 0.000000 1.000000 -0.000000
vn 0.000000 1.000000 -0.000000
vn 0.000000 1.000000 -0.000000
vn 0.000000 1.000000 -0.000000
vn 0.000000 1.000000 -0.000000
vn 0.000000 1.000000 -0.000000
vn 0.000000 1.000000 -0.000000
vn 1.000000 0.000000 0.000000
vn 1.000000 0.000000 0.000000
vn 1.000000 0.000000 0.000000
vn 1.000000 0.000000 0.000000
vn 0.000000 0.000000 1.000000
vn 0.000000 0.000000 1.000000
vn 0.000000 0.000000 1.000000
vn 0.000000 0.000000 1.000000
vn 0.000000 1.000000 -0.000000
vn 0.000000 1.000000 -0.000000
vn 0.000000 1.000000 -0.000000
vn 0.000000 1.000000 -0.000000
vn 0.000000 1.000000 -0.000000
vn 0.000000 1.000000 -0.000000
vn 0.000000 1.000000 -0.000000
vn 0.000000 1.000000 -0.000000
vn 0.000000 1.000000 -0.000000
vn 0.000000 1.000000 -0.000000
vn 0.000000 1.000000 -0.000000
vn 0.000000 1.000000 -0.000000
vn 0.000000 -1.000000 0.000000
vn 0.000000 -1.000000 0.000000
vn 0.000000 -1.000000 0.000000
vn 0.000000 -1.000000 0.000000
vn 0.000000 -1.000000 0.000000
vn 0.000000 -1.000000 0.000000
vn 0.000000 -1.000000 0.000000
vn 0.000000 -1.000000 0.000000
vn 1.000000 0.000000 0.000000
vn 1.000000 0.000000 0.000000
vn 1.000000 0.000000 0.000000
vn 1.000000 0.000000 0.000000
vn 1.000000 0.000000 0.000000
vn 1.000000 0.000000 0.000000
vn 1.000000 0.000000 0.000000
vn 1.000000 0.000000 0.000000
vn 1.000000 0.000000 0.000000
vn 1.000000 0.000000 0.000000
vn 1.000000 0.000000 0.000000
vn 1.000000 0.000000 0.000000
vn 0.000000 -1.000000 0.000000
vn 0.000000 -1.000000 0.000000
vn 0.000000 -1.000000 0.000000
vn 0.000000 -1.000000 0.000000
vn 1.000000 0.000000 0.000000
vn 1.000000 0.000000 0.000000
vn 1.000000 0.000000 0.000000
vn 1.000000 0.000000 0.000000
vn 1.000000 0.000000 0.000000
vn 1.000000 0.000000 0.000000
vn 1.000000 0.000000 0.000000
vn 0.000000 1.000000 -0.000000
vn 0.000000 1.000000 -0.000000
vn 0.000000 1.000000 -0.000000
vn 0.000000 1.000000 -0.000000
vn 0.000000 1.000000 -0.000000
vn 0.000000 1.000000 -0.000000
vn 0.000000 1.000000 -0.000000
vn 0.000000 1.000000 -0.000000
vn 0.000000 1.000000 -0.000000
vn 0.000000 1.000000 -0.000000
vn 0.000000 1.000000 -0.000000
vn 0.000000 1.000000 -0.000000
vn 1.000000 0.000000 0.000000
vn 1.000000 0.000000 0.000000
vn 1.000000 0.000000 0.000000
vn 1.000000 0.000000 0.000000
vn 0.000000 1.000000 -0.000000
vn 0.000000 1.000000 -0.000000
vn 0.000000 1.000000 -0.000000
vn 0.000000 1.000000 -0.000000
vn 0.000000 1.000000 -0.000000
vn 0.000000 1.000000 -0.000000
vn 0.000000 1.000000 -0.000000
vn 0.000000 1.000000 -0.000000
vn 0.000000 1.000000 -0.000000
vn 0.000000 1.000000 -0.000000
vn 0.000000 1.000000 -0.000000
vn 0.000000 1.000000 -0.000000
vn 0.000000 -1.000000 0.000000
vn 0.000000 -1.000000 0.000000
vn 0.000000 -1.000000 0.000000
vn 0.000000 -1.000000 0.000000
vn 0.000000 -1.000000 0.000000
vn 0.000000 -1.000000 0.000000
vn 0.000000 -1.000000 0.000000
vn 0.000000 -1.000000 0.000000
vn 1.000000 0.000000 0.000000
vn 1.000000 0.000000 0.000000
vn 1.000000 0.000000 0.000000
vn 1.000000 0.000000 0.000000
vn 1.000000 0.000000 0.000000
vn 1.000000 0.000000 0.000000
vn 1.000000 0.000000 0.000000
vn 1.000000 0.000000 0.000000
vn 1.000000 0.000000 0.000000
vn 1.000000 0.000000 0.000000
vn 1.000000 0.000000 0.000000
vn 1.000000 0.000000 0.000000
vn 1.000000 0.000000 0.000000
vn 1.000000 0.000000 0.000000
vn 1.000000 0.000000 0.000000
vn 1.000000 0.000000 0.000000
vn 1.000000 0.000000 0.000000
vn 1.000000 0.000000 0.000000
vn 1.000000 0.000000 0.000000
vn 1.000000 0.000000 0.000000
vn 1.000000 0.000000 0.000000
vn 1.000000 0.000000 0.000000
vn 1.000000 0.000000 0.000000
vn 1.000000 0.000000 0.000000
vn 1.000000 0.000000 0.000000
vn 1.000000 0.000000 0.000000
vn 1.000000 0.000000 0.000000
vn 1.000000 0.000000 0.000000
vn 1.000000 0.000000 0.000000
vn 1.000000 0.000000 0.000000
vn 1.000000 0.000000 0.000000
vn 1.000000 0.000000 0.000000
vn 1.000000 0.000000 0.000000
vn 1.000000 0.000000 0.000000
vn 1.000000 0.000000 0.000000
vn 1.000000 0.000000 0.000000
vn 1.000000 0.000000 0.000000
vn 1.000000 0.000000 0.000000
vn 1.000000 0.000000 0.000000
vn 1.000000 0.000000 0.000000
vn 0.000000 -1.000000 0.000000
vn 0.000000 -1.000000 0.000000
vn 0.000000 -1.000000 0.000000
vn 0.000000 -1.000000 0.000000
vn 0.000000 -1.000000 0.000000
vn 0.000000 -1.000000 0.000000
vn 0.000000 -1.000000 0.000000
vn 0.000000 -1.000000 0.000000
vn 0.000000 -1.000000 0.000000
vn 0.000000 -1.000000 0.000000
vn 0.000000 -1.000000 0.000000
vn 0.000000 -1.000000 0.000000
vn 0.000000 -1.000000 0.000000
vn 0.000000 -1.000000 0.000000
vn 0.000000 -1.000000 0.000000
vn 0.000000 -1.000000 0.000000
vn 0.000000 -1.000000 0.000000
vn 0.000000 -1.000000 0.000000
vn 0.000000 -1.000000 0.000000
vn 0.000000 -1.000000 0.000000
vn 0.000000 -1.000000 0.000000
vn 0.000000 -1.000000 0.000000
vn 0.000000 -1.000000 0.000000
vn 0.000000 -1.000000 0.000000
vn 0.000000 1.000000 -0.000000
vn 0.000000 1.000000 -0.000000
vn 0.000000 1.000000 -0.000000
vn 0.000000 1.000000 -0.000000
vn 0.000000 1.000000 -0.000000
vn 0.000000 1.000000 -0.000000
vn 0.000000 1.000000 -0.000000
vn 0.000000 1.000000 -0.000000
vn 0.000000 1.000000 -0.000000
vn 0.000000 1.000000 -0.000000
vn 0.000000 1.000000 -0.000000
vn 0.000000 1.000000 -0.000000
vn 0.000000 1.000000 -0.000000
vn 0.000000 1.000000 -0.000000
vn 0.000000 1.000000 -0.000000
vn 0.000000 1.000000 -0.000000
vn 0.000000 1.000000 -0.000000
vn 0.000000 1.000000 -0.000000
vn 0.000000 1.000000 -0.000000
vn 0.000000 1.000000 -0.000000
vn 0.000000 1.000000 -0.000000
vn 0.000000 1.000000 -0.000000
vn 0.000000 1.000000 -0.000000
vn 0.000000 1.000000 -0.000000
vn 0.000000 1.000000 -0.000000
vn 0.000000 1.000000 -0.000000
vn 0.000000 1.000000 -0.000000
vn 0.000000 1.000000 -0.000000
vn 0.000000 1.000000 -0.000000
vn 0.000000 1.000000 -0.000000
vn 0.000000 1.000000 -0.000000
vn 0.000000 1.000000 -0.000000
vn 0.000000 1.000000 -0.000000
vn 0.000000 1.000000 -0.000000
vn 0.000000 1.000000 -0.000000
vn 0.000000 1.000000 -0.000000
vn 1.000000 0.000000 0.000000
vn 1.000000 0.000000 0.000000
vn 1.000000 0.000000 0.000000
vn 1.000000 0.000000 0.000000
vn 1.000000 0.000000 0.000000
vn 1.000000 0.000000 0.000000
vn 1.000000 0.000000 0.000000
vn 1.000000 0.000000 0.000000
vn 0.000000 1.000000 -0.000000
vn 0.000000 1.000000 -0.000000
vn 0.000000 1.000000 -0.000000
vn 0.000000 1.000000 -0.000000
vn 0.000000 1.000000 -0.000000
vn 0.000000 1.000000 -0.000000
vn 0.000000 1.000000 -0.000000
vn 0.000000 1.000000 -0.000000
vn 0.000000 1.000000 -0.000000
vn 0.000000 1.000000 -0.000000
vn 0.000000 1.000000 -0.000000
vn 0.000000 1.000000 -0.000000
vn 0.000000 1.000000 -0.000000
vn 0.000000 1.000000 -0.000000
vn 0.000000 1.000000 -0.000000
vn 0.000000 1.000000 -0.000000
vn 0.000000 1.000000 -0.000000
vn 0.000000 1.000000 -0.000000
vn 0.000000 1.000000 -0.000000
vn 0.000000 1.000000 -0.000000
vn 0.000000 1.000000 -0.000000
vn 0.000000 1.000000 -0.000000
vn 0.000000 1.000000 -0.000000
vn 0.000000 1.000000 -0.000000
vn 0.000000 1.000000 -0.000000
vn 0.000000 1.000000 -0.000000
vn 0.000000 1.000000 -0.000000
vn 0.000000 1.000000 -0.000000
vn 0.000000 1.000000 -0.000000
vn 0.000000 1.000000 -0.000000
vn 0.000000 1.000000 -0.000000
vn 0.000000 1.000000 -0.000000
vn 0.000000 1.000000 -0.000000
vn 0.000000 1.000000 -0.000000
vn 0.000000 1.000000 -0.000000
vn 0.000000 1.000000 -0.000000
vn 1.000000 0.000000 0.000000
vn 1.000000 0.000000 0.000000
vn 1.000000 0.000000 0.000000
vn 1.000000 0.000000 0.000000
vn 1.000000 0.000000 0.000000
vn 1.000000 0.000000 0.000000
vn 1.000000 0.000000 0.000000
vn 1.000000 0.000000 0.000000
vn 1.000000 0.000000 0.000000
vn 1.000000 0.000000 0.000000
vn 1.000000 0.000000 0.000000
vn 1.000000 0.000000 0.000000
vn 0.000000 -1.000000 0.000000
vn 0.000000 -1.000000 0.000000
vn 0.000000 -1.000000 0.000000
vn 0.000000 -1.000000 0.000000
vn 0.000000 -1.000000 0.000000
vn 0.000000 -1.000000 0.000000
vn 0.000000 -1.000000 0.000000
vn 0.000000 -1.000000 0.000000
vn 0.000000 -1.000000 0.000000
vn 0.000000 -1.000000 0.000000
vn 0.000000 -1.000000 0.000000
vn 0.000000 -1.000000 0.000000
vn 1.000000 0.000000 0.000000
vn 1.000000 0.000000 0.000000
vn 1.000000 0.000000 0.000000
vn 1.000000 0.000000 0.000000
vn 1.000000 0.000000 0.000000
vn 1.000000 0.000000 0.000000
vn 1.000000 0.000000 0.000000
vn 1.000000 0.000000 0.000000
vn 1.000000 0.000000 0.000000
vn 1.000000 0.000000 0.000000
vn 1.000000 0.000000 0.000000
vn 1.000000 0.000000 0.000000
vn 1.000000 0.000000 0.000000
vn 1.000000 0.000000 0.000000
vn 1.000000 0.000000 0.000000
vn 1.000000 0.000000 0.000000
vn 1.000000 0.000000 0.000000
vn 1.000000 0.000000 0.000000
vn 1.000000 0.000000 0.000000
vn 1.000000 0.000000 0.000000
vn 1.000000 0.000000 0.000000
vn 1.000000 0.000000 0.000000
vn 1.000000 0.000000 0.000000
vn 1.000000 0.000000 0.000000
vn 1.000000 0.000000 0.000000
vn 1.000000 0.000000 0.000000
vn 1.000000 0.000000 0.000000
vn 1.000000 0.000000 0.000000
vn 0.000000 -1.000000 0.000000
vn 0.000000 -1.000000 0.000000
vn 0.000000 -1.000000 0.000000
vn 0.000000 -1.000000 0.000000
vn 0.000000 -1.000000 0.000000
vn 0.000000 -1.000000 0.000000
vn 0.000000 -1.000000 0.000000
vn 0.000000 -1.000000 0.000000
vn 0.000000 -1.000000 0.000000
vn 0.000000 -1.000000 0.000000
vn 0.000000 -1.000000 0.000000
vn 0.000000 -1.000000 0.000000
vn 0.000000 -1.000000 0.000000
vn 0.000000 -1.000000 0.000000
vn 0.000000 -1.000000 0.000000
vn 0.000000 -1.000000 0.000000
vn 0.000000 -1.000000 0.000000
vn 0.000000 -1.000000 0.000000
vn 0.000000 -1.000000 0.000000
vn 0.000000 -1.000000 0.000000
vn 0.000000 -1.000000 0.000000
vn 0.000000 -1.000000 0.000000
vn 0.000000 -1.000000 0.000000
vn 0.000000 -1.000000 0.000000
vn 0.000000 1.000000 -0.000000
vn 0.000000 1.000000 -0.000000
vn 0.000000 1.000000 -0.000000
vn 0.000000 1.000000 -0.000000
vn 0.000000 1.000000 -0.000000
vn 0.000000 1.000000 -0.000000
vn 0.000000 1.000000 -0.000000
vn 0.000000 1.000000 -0.000000
vn 0.000000 1.000000 -0.000000
vn 0.000000 1.000000 -0.000000
vn 0.000000 1.000000 -0.000000
vn 0.000000 1.000000 -0.000000
vn 0.000000 1.000000 -0.000000
vn 0.000000 1.000000 -0.000000
vn 0.000000 1.000000 -0.000000
vn 0.000000 1.000000 -0.000000
vn 0.000000 1.000000 -0.000000
vn 0.000000 1.000000 -0.000000
vn 0.000000 1.000000 -0.000000
vn 0.000000 1.000000 -0.000000
vn 0.000000 1.000000 -0.000000
vn 0.000000 1.000000 -0.000000
vn 0.000000 1.000000 -0.000000
vn 0.000000 1.000000 -0.000000
vn 0.000000 1.000000 -0.000000
vn 0.000000 1.000000 -0.000000
vn 0.000000 1.000000 -0.000000
vn 0.000000 1.000000 -0.000000
vn 0.000000 1.000000 -0.000000
vn 0.000000 1.000000 -0.000000
vn 0.000000 1.000000 -0.000000
vn 0.000000 1.000000 -0.000000
vn 0.000000 1.000000 -0.000000
vn 0.000000 1.000000 -0.000000
vn 0.000000 1.000000 -0.000000
vn 0.000000 1.000000 -0.000000
vn 0.000000 0.000000 1.000000
vn 0.000000 0.000000 1.000000
vn 0.000000 0.000000 1.000000
vn 0.000000 0.000000 1.000000
vn 0.000000 0.000000 1.000000
vn 0.000000 0.000000 1.000000
vn 0.000000 0.000000 1.000000
vn 0.000000 0.000000 1.000000
vn 0.000000 0.000000 1.000000
vn 0.000000 0.000000 1.000000
vn 0.000000 0.000000 1.000000
vn 0.000000 0.000000 1.000000
vn 1.000000 0.000000 0.000000
vn 1.000000 0.000000 0.000000
vn 1.000000 0.000000 0.000000
vn 1.000000 0.000000 0.000000
vn 1.000000 0.000000 0.000000
vn 1.000000 0.000000 0.000000
vn 1.000000 0.000000 0.000000
vn 1.000000 0.000000 0.000000
vn 0.000000 1.000000 -0.000000
vn 0.000000 1.000000 -0.000000
vn 0.000000 1.000000 -0.000000
vn 0.000000 1.000000 -0.000000
vn 0.000000 1.000000 -0.000000
vn 0.000000 1.000000 -0.000000
vn 0.000000 1.000000 -0.000000
vn 0.000000 1.000000 -0.000000
vn 0.000000 1.000000 -0.000000
vn 0.000000 1.000000 -0.000000
vn 0.000000 1.000000 -0.000000
vn 0.000000 1.000000 -0.000000
vn 0.000000 1.000000 -0.000000
vn 0.000000 1.000000 -0.000000
vn 0.000000 1.000000 -0.000000
vn 0.000000 1.000000 -0.000000
vn 0.000000 1.000000 -0.000000
vn 0.000000 1.000000 -0.000000
vn 0.000000 1.000000 -0.000000
vn 0.000000 1.000000 -0.000000
vn 0.000000 1.000000 -0.000000
vn 0.000000 1.000000 -0.000000
vn 0.000000 1.000000 -0.000000
vn 0.000000 1.000000 -0.000000
vn 0.000000 1.000000 -0.000000
vn 0.000000 1.000000 -0.000000
vn 0.000000 1.000000 -0.000000
vn 0.000000 1.000000 -0.000000
vn 0.000000 1.000000 -0.000000
vn 0.000000 1.000000 -0.000000
vn 0.000000 1.000000 -0.000000
vn 0.000000 1.000000 -0.000000
vn 0.000000 1.000000 -0.000000
vn 0.000000 1.000000 -0.000000
vn 0.000000 1.000000 -0.000000
vn 0.000000 1.000000 -0.000000
vn 1.000000 0.000000 0.000000
vn 1.000000 0.000000 0.000000
vn 1.000000 0.000000 0.000000
vn 1.000000 0.000000 0.000000
vn 1.000000 0.000000 0.000000
vn 1.000000 0.000000 0.000000
vn 1.000000 0.000000 0.000000
vn 1.000000 0.000000 0.000000
vn 1.000000 0.000000 0.000000
vn 1.000000 0.000000 0.000000
vn 1.000000 0.000000 0.000000
vn 1.000000 0.000000 0.000000
vn 0.000000 -1.000000 0.000000
vn 0.000000 -1.000000 0.000000
vn 0.000000 -1.000000 0.000000
vn 0.000000 -1.000000 0.000000
vn 0.000000 -1.000000 0.000000
vn 0.000000 -1.000000 0.000000
vn 0.000000 -1.000000 0.000000
vn 0.000000 -1.000000 0.000000
vn 0.000000 -1.000000 0.000000
vn 0.000000 -1.000000 0.000000
vn 0.000000 -1.000000 0.000000
vn 0.000000 -1.000000 0.000000
vn 0.000000 -1.000000 0.000000
vn 0.000000 -1.000000 0.000000
vn 0.000000 -1.000000 0.000000
vn 0.000000 -1.000000 0.000000
vn 0.000000 -1.000000 0.000000
vn 0.000000 -1.000000 0.000000
vn 0.000000 -1.000000 0.000000
vn 0.000000 -1.000000 0.000000
vn 0.000000 -1.000000 0.000000
vn 0.000000 -1.000000 0.000000
vn 0.000000 -1.000000 0.000000
vn 0.000000 -1.000000 0.000000
vn 1.000000 0.000000 0.000000
vn 1.000000 0.000000 0.000000
vn 1.000000 0.000000 0.000000
vn 1.000000 0.000000 0.000000
vn 1.000000 0.000000 0.000000
vn 1.000000 0.000000 0.000000
vn 1.000000 0.000000 0.000000
vn 1.000000 0.000000 0.000000
vn 1.000000 0.000000 0.000000
vn 1.000000 0.000000 0.000000
vn 1.000000 0.000000 0.000000
vn 1.000000 0.000000 0.000000
vn 0.000000 1.000000 -0.000000
vn 0.000000 1.000000 -0.000000
vn 0.000000 1.000000 -0.000000
vn 0.000000 1.000000 -0.000000
vn 0.000000 1.000000 -0.000000
vn 0.000000 1.000000 -0.000000
vn 0.000000 1.000000 -0.000000
vn 0.000000 1.000000 -0.000000
vn 0.000000 1.000000 -0.000000
vn 0.000000 1.000000 -0.000000
vn 0.000000 1.000000 -0.000000
vn 0.000000 1.000000 -0.000000
vn 1.000000 0.000000 0.000000
vn 1.000000 0.000000 0.000000
vn 1.000000 0.000000 0.000000
vn 1.000000 0.000000 0.000000
vn 1.000000 0.000000 0.000000
vn 1.000000 0.000000 0.000000
vn 1.000000 0.000000 0.000000
vn 1.000000 0.000000 0.000000
vn 1.000000 0.000000 0.000000
vn 1.000000 0.000000 0.000000
vn 1.000000 0.000000 0.000000
vn 1.000000 0.000000 0.000000
vn 0.000000 0.000000 1.000000
vn 0.000000 0.000000 1.000000
vn 0.000000 0.000000 1.000000
vn 0.000000 0.000000 1.000000
vn 0.000000 0.000000 1.000000
vn 0.000000 0.000000 1.000000
vn 0.000000 0.000000 1.000000
vn 0.000000 0.000000 1.000000
vn 0.000000 0.000000 1.000000
vn 0.000000 0.000000 1.000000
vn 0.000000 0.000000 1.000000
vn 0.000000 0.000000 1.000000
vn 0.000000 1.000000 -0.000000
vn 0.000000 1.000000 -0.000000
vn 0.000000 1.000000 -0.000000
vn 0.000000 1.000000 -0.000000
vn 0.000000 1.000000 -0.000000
vn 0.000000 1.000000 -0.000000
vn 0.000000 1.000000 -0.000000
vn 0.000000 1.000000 -0.000000
vn 0.000000 1.000000 -0.000000
vn 0.000000 1.000000 -0.000000
vn 0.000000 1.000000 -0.000000
vn 0.000000 1.000000 -0.000000
vn 1.000000 0.000000 0.000000
vn 1.000000 0.000000 0.000000
vn 1.000000 0.000000 0.000000
vn 1.000000 0.000000 0.000000
vn 1.000000 0.000000 0.000000
vn 1.000000 0.000000 0.000000
vn 1.000000 0.000000 0.000000
vn 1.000000 0.000000 0.000000
vn 1.000000 0.000000 0.000000
vn 1.000000 0.000000 0.000000
vn 1.000000 0.000000 0.000000
vn 1.000000 0.000000 0.000000
vn 0.000000 -1.000000 0.000000
vn 0.000000 -1.000000 0.000000
vn 0.000000 -1.000000 0.000000
vn 0.000000 -1.000000 0.000000
vn 0.000000 -1.000000 0.000000
vn 0.000000 -1.000000 0.000000
vn 0.000000 -1.000000 0.000000
vn 0.000000 -1.000000 0.000000
vn 0.000000 -1.000000 0.000000
vn 0.000000 -1.000000 0.000000
vn 0.000000 -1.000000 0.000000
vn 0.000000 -1.000000 0.000000
vn 1.000000 0.000000 0.000000
vn 1.000000 0.000000 0.000000
vn 1.000000 0.000000 0.000000
vn 1.000000 0.000000 0.000000
vn 1.000000 0.000000 0.000000
vn 1.000000 0.000000 0.000000
vn 1.000000 0.000000 0.000000
vn 1.000000 0.000000 0.000000
vn 1.000000 0.000000 0.000000
vn 1.000000 0.000000 0.000000
vn 1.000000 0.000000 0.000000
vn 1.000000 0.000000 0.000000
vn 0.000000 1.000000 -0.000000
vn 0.000000 1.000000 -0.000000
vn 0.000000 1.000000 -0.000000
vn 0.000000 1.000000 -0.000000
vn 0.000000 1.000000 -0.000000
vn 0.000000 1.000000 -0.000000
vn 0.000000 1.000000 -0.000000
vn 0.000000 1.000000 -0.000000
vn 0.000000 1.000000 -0.000000
vn 0.000000 1.000000 -0.000000
vn 0.000000 1.000000 -0.000000
vn 0.000000 1.000000 -0.000000
vn 1.000000 0.000000 0.000000
vn 1.000000 0.000000 0.000000
vn 1.000000 0.000000 0.000000
vn 1.000000 0.000000 0.000000
vn 1.000000 0.000000 0.000000
vn 1.000000 0.000000 0.000000
vn 1.000000 0.000000 0.000000
vn 1.000000 0.000000 0.000000
vn 1.000000 0.000000 0.000000
vn 1.000000 0.000000 0.000000
vn 1.000000 0.000000 0.000000
vn 1.000000 0.000000 0.000000
vn 0.000000 1.000000 -0.000000
vn 0.000000 1.000000 -0.000000
vn 0.000000 1.000000 -0.000000
vn 0.000000 1.000000 -0.000000
vn 0.000000 1.000000 -0.000000
vn 0.000000 1.000000 -0.000000
vn 0.000000 1.000000 -0.000000
vn 0.000000 1.000000 -0.000000
vn 0.000000 1.000000 -0.000000
vn 0.000000 1.000000 -0.000000
vn 0.000000 1.000000 -0.000000
vn 0.000000 1.000000 -0.000000
vn 1.000000 0.000000 0.000000
vn 1.000000 0.000000 0.000000
vn 1.000000 0.000000 0.000000
vn 1.000000 0.000000 0.000000
vn 1.000000 0.000000 0.000000
vn 1.000000 0.000000 0.000000
vn 1.000000 0.000000 0.000000
vn 1.000000 0.000000 0.000000
vn 1.000000 0.000000 0.000000
vn 1.000000 0.000000 0.000000
vn 1.000000 0.000000 0.000000
vn 1.000000 0.000000 0.000000
vn 0.000000 1.000000 -0.000000
vn 0.000000 1.000000 -0.000000
vn 0.000000 1.000000 -0.000000
vn 0.000000 1.000000 -0.000000
vn 0.000000 1.000000 -0.000000
vn 0.000000 1.000000 -0.000000
vn 0.000000 1.000000 -0.000000
vn 0.000000 1.000000 -0.000000
vn 0.000000 1.000000 -0.000000
vn 0.000000 1.000000 -0.000000
vn 0.000000 1.000000 -0.000000
vn 0.000000 1.000000 -0.000000
vn 0.000000 1.000000 -0.000000
vn 0.000000 1.000000 -0.000000
vn 0.000000 1.000000 -0.000000
vn 0.000000 1.000000 -0.000000
vn 0.000000 1.000000 -0.000000
vn 1.000000 0.000000 0.000000
vn 1.000000 0.000000 0.000000
vn 1.000000 0.000000 0.000000
vn 1.000000 0.000000 0.000000
vn 1.000000 0.000000 0.000000
vn 1.000000 0.000000 0.000000
vn 1.000000 0.000000 0.000000
vn 1.000000 0.000000 0.000000
vn 1.000000 0.000000 0.000000
vn 1.000000 0.000000 0.000000
vn 1.000000 0.000000 0.000000
vn 1.000000 0.000000 0.000000
vn 1.000000 0.000000 0.000000
vn 1.000000 0.000000 0.000000
vn 1.000000 0.000000 0.000000
vn 1.000000 0.000000 0.000000
vn 1.000000 0.000000 0.000000
vn 1.000000 0.000000 0.000000
vn 1.000000 0.000000 0.000000
vn 1.000000 0.000000 0.000000
vn 1.000000 0.000000 0.000000
vn 1.000000 0.000000 0.000000
vn 1.000000 0.000000 0.000000
vn 1.000000 0.000000 0.000000
vn 1.000000 0.000000 0.000000
vn 1.000000 0.000000 0.000000
vn 1.000000 0.000000 0.000000
vn 1.000000 0.000000 0.000000
vn 1.000000 0.000000 0.000000
vn 1.000000 0.000000 0.000000
vn 1.000000 0.000000 0.000000
vn 1.000000 0.000000 0.000000
vn 1.000000 0.000000 0.000000
vn 1.000000 0.000000 0.000000
vn 1.000000 0.000000 0.000000
vn 1.000000 0.000000 0.000000
vn 1.000000 0.000000 0.000000
vn 1.000000 0.000000 0.000000
vn 1.000000 0.000000 0.000000
vn 0.000000 0.000000 1.000000
vn 0.000000 0.000000 1.000000
vn 0.000000 0.000000 1.000000
vn 0.000000 0.000000 1.000000
vn 0.000000 0.000000 1.000000
vn 1.000000 0.000000 0.000000
vn 1.000000 0.000000 0.000000
vn 1.000000 0.000000 0.000000
vn 1.000000 0.000000 0.000000
vn 1.000000 0.000000 0.000000
vn 1.000000 0.000000 0.000000
vn 1.000000 0.000000 0.000000
vn 1.000000 0.000000 0.000000
vn 1.000000 0.000000 0.000000
vn 1.000000 0.000000 0.000000
vn 1.000000 0.000000 0.000000
vn 1.000000 0.000000 0.000000
vn 1.000000 0.000000 0.000000
vn 0.000000 -1.000000 0.000000
vn 0.000000 -1.000000 0.000000
vn 0.000000 -1.000000 0.000000
vn 0.000000 -1.000000 0.000000
vn 1.000000 0.000000 0.000000
vn 1.000000 0.000000 0.000000
vn 1.000000 0.000000 0.000000
vn 1.000000 0.000000 0.000000
vn 0.000000 1.000000 -0.000000
vn 0.000000 1.000000 -0.000000
vn 0.000000 1.000000 -0.000000
vn 0.000000 1.000000 -0.000000
vn 1.000000 0.000000 0.000000
vn 1.000000 0.000000 0.000000
vn 1.000000 0.000000 0.000000
vn 1.000000 0.000000 0.000000
vn 1.000000 0.000000 0.000000
vn 1.000000 0.000000 0.000000
vn 1.000000 0.000000 0.000000
vn 1.000000 0.000000 0.000000
vn 1.000000 0.000000 0.000000
vn 1.000000 0.000000 0.000000
vn 1.000000 0.000000 0.000000
vn 1.000000 0.000000 0.000000
vn 1.000000 0.000000 0.000000
vn 1.000000 0.000000 0.000000
vn 1.000000 0.000000 0.000000
vn 1.000000 0.000000 0.000000
vn 1.000000 0.000000 0.000000
vn 1.000000 0.000000 0.000000
vn 1.000000 0.000000 0.000000
vn 1.000000 0.000000 0.000000
vn 1.000000 0.000000 0.000000
vn 1.000000 0.000000 0.000000
vn 1.000000 0.000000 0.000000
vn 0.000000 0.000000 1.000000
vn 0.000000 0.000000 1.000000
vn 0.000000 0.000000 1.000000
vn 0.000000 0.000000 1.000000
vn 0.000000 0.000000 1.000000
vn 1.000000 0.000000 0.000000
vn 1.000000 0.000000 0.000000
vn 1.000000 0.000000 0.000000
vn 1.000000 0.000000 0.000000
vn 1.000000 0.000000 0.000000
vn 1.000000 0.000000 0.000000
vn 1.000000 0.000000 0.000000
vn 1.000000 0.000000 0.000000
vn 0.000000 -1.000000 0.000000
vn 0.000000 -1.000000 0.000000
vn 0.000000 -1.000000 0.000000
vn 0.000000 -1.000000 0.000000
vn 1.000000 0.000000 0.000000
vn 1.000000 0.000000 0.000000
vn 1.000000 0.000000 0.000000
vn 1.000000 0.000000 0.000000
vn 1.000000 0.000000 0.000000
vn 1.000000 0.000000 0.000000
vn 1.000000 0.000000 0.000000
vn 1.000000 0.000000 0.000000
vn 1.000000 0.000000 0.000000
vn 0.000000 -1.000000 0.000000
vn 0.000000 -1.000000 0.000000
vn 0.000000 -1.000000 0.000000
vn 0.000000 -1.000000 0.000000
vn 1.000000 0.000000 0.000000
vn 1.000000 0.000000 0.000000
vn 1.000000 0.000000 0.000000
vn 1.000000 0.000000 0.000000
vn 1.000000 0.000000 0.000000
vn 1.000000 0.000000 0.000000
vn 1.000000 0.000000 0.000000
vn 1.000000 0.000000 0.000000
vn 1.000000 0.000000 0.000000
vn 1.000000 0.000000 0.000000
vn 1.000000 0.000000 0.000000
vn 1.000000 0.000000 0.000000
vn 1.000000 0.000000 0.000000
vn 1.000000 0.000000 0.000000
vn 1.000000 0.000000 0.000000
vn 1.000000 0.000000 0.000000
vn 1.000000 0.000000 0.000000
vn 1.000000 0.000000 0.000000
vn 1.000000 0.000000 0.000000
vn 1.000000 0.000000 0.000000
vn 1.000000 0.000000 0.000000
vn 1.000000 0.000000 0.000000
vn 1.000000 0.000000 0.000000
vn 1.000000 0.000000 0.000000
vn 1.000000 0.000000 0.000000
vn 1.000000 0.000000 0.000000
vn 1.000000 0.000000 0.000000
vn 0.000000 0.000000 1.000000
vn 0.000000 0.000000 1.000000
vn 0.000000 0.000000 1.000000
vn 0.000000 0.000000 1.000000
vn 1.000000 0.000000 0.000000
vn 1.000000 0.000000 0.000000
vn 1.000000 0.000000 0.000000
vn 0.000000 -1.000000 0.000000
vn 0.000000 -1.000000 0.000000
vn 0.000000 -1.000000 0.000000
vn 0.000000 -1.000000 0.000000
vn 1.000000 0.000000 0.000000
vn 1.000000 0.000000 0.000000
vn 1.000000 0.000000 0.000000
vn 1.000000 0.000000 0.000000
vn 1.000000 0.000000 0.000000
vn 1.000000 0.000000 0.000000
vn 1.000000 0.000000 0.000000
vn 1.000000 0.000000 0.000000
vn 0.000000 0.000000 1.000000
vn 0.000000 0.000000 1.000000
vn 0.000000 0.000000 1.000000
vn 0.000000 0.000000 1.000000
vn 0.000000 -1.000000 0.000000
vn 0.000000 -1.000000 0.000000
vn 0.000000 -1.000000 0.000000
vn 0.000000 -1.000000 0.000000
vn 1.000000 0.000000 0.000000
vn 1.000000 0.000000 0.000000
vn 1.000000 0.000000 0.000000
vn 1.000000 0.000000 0.000000
vn 1.000000 0.000000 0.000000
vn 1.000000 0.000000 0.000000
vn 1.000000 0.000000 0.000000
vn 1.000000 0.000000 0.000000
vn 1.000000 0.000000 0.000000
vn 1.000000 0.000000 0.000000
vn 1.000000 0.000000 0.000000
vn 1.000000 0.000000 0.000000
vn 1.000000 0.000000 0.000000
vn 1.000000 0.000000 0.000000
vn 1.000000 0.000000 0.000000
vn 1.000000 0.000000 0.000000
vn 1.000000 0.000000 0.000000
vn 1.000000 0.000000 0.000000
vn 1.000000 0.000000 0.000000
vn 1.000000 0.000000 0.000000
vn 0.000000 -1.000000 0.000000
vn 0.000000 -1.000000 0.000000
vn 0.000000 -1.000000 0.000000
vn 0.000000 -1.000000 0.000000
vn 1.000000 0.000000 0.000000
vn 1.000000 0.000000 0.000000
vn 1.000000 0.000000 0.000000
vn 1.000000 0.000000 0.000000
vn 1.000000 0.000000 0.000000
vn 1.000000 0.000000 0.000000
vn 1.000000 0.000000 0.000000
vn 1.000000 0.000000 0.000000
vn 1.000000 0.000000 0.000000
vn 1.000000 0.000000 0.000000
vn 1.000000 0.000000 0.000000
vn 1.000000 0.000000 0.000000
vn 1.000000 0.000000 0.000000
vn 0.000000 -1.000000 0.000000
vn 0.000000 -1.000000 0.000000
vn 0.000000 -1.000000 0.000000
vn 0.000000 -1.000000 0.000000
vn 1.000000 0.000000 0.000000
vn 1.000000 0.000000 0.000000
vn 1.000000 0.000000 0.000000
vn 1.000000 0.000000 0.000000
vn 0.000000 -1.000000 0.000000
vn 0.000000 -1.000000 0.000000
vn 0.000000 -1.000000 0.000000
vn 0.000000 -1.000000 0.000000
vn 1.000000 0.000000 0.000000
vn 1.000000 0.000000 0.000000
vn 1.000000 0.000000 0.000000
vn 1.000000 0.000000 0.000000
vn 1.000000 0.000000 0.000000
vn 1.000000 0.000000 0.000000
vn 1.000000 0.000000 0.000000
vn 1.000000 0.000000 0.000000
vn 1.000000 0.000000 0.000000
vn 0.000000 1.000000 -0.000000
vn 0.000000 1.000000 -0.000000
vn 0.000000 1.000000 -0.000000
vn 0.000000 1.000000 -0.000000
vn -0.000000 -1.000000 0.000000
vn -0.000000 -1.000000 0.000000
vn -0.000000 -1.000000 0.000000
vn -0.000000 -1.000000 0.000000
vn 0.000000 -0.000001 1.000000
vn 0.000000 -0.000001 1.000000
vn 0.000000 -0.000001 1.000000
vn 0.000000 -0.000001 1.000000
vn -1.000000 0.000000 0.000000
vn -1.000000 0.000000 0.000000
vn -1.000000 0.000000 0.000000
vn -1.000000 0.000000 0.000000
vn 0.000000 0.000000 1.000000
vn 0.000000 0.000000 1.000000
vn 0.000000 0.000000 1.000000
vn 0.000000 0.000000 1.000000
vn -1.000000 0.000000 0.000000
vn -1.000000 0.000000 0.000000
vn -1.000000 0.000000 0.000000
vn -1.000000 0.000000 0.000000
vn 0.000000 -0.000000 -1.000000
vn 0.000000 -0.000000 -1.000000
vn 0.000000 -0.000000 -1.000000
vn 0.000000 -0.000000 -1.000000
vn 0.000000 -0.000000 -1.000000
vn 0.000000 -0.000000 -1.000000
vn 0.000000 -0.000000 -1.000000
vn 0.000000 -0.000000 -1.000000
vn 0.000000 -0.000000 -1.000000
vn 0.000000 -0.000000 -1.000000
vn 0.000000 -0.000000 -1.000000
vn 0.000000 -0.000000 -1.000000
vn 0.000000 -0.000000 -1.000000
vn 0.000000 -0.000000 -1.000000
vn 0.000000 -0.000000 -1.000000
vn 0.000000 -0.000000 -1.000000
vn 0.000000 -0.000000 -1.000000
vn -1.000000 0.000000 0.000000
vn -1.000000 0.000000 0.000000
vn -1.000000 0.000000 0.000000
vn -1.000000 0.000000 0.000000
vn 0.000000 -0.000000 -1.000000
vn 0.000000 -0.000000 -1.000000
vn 0.000000 -0.000000 -1.000000
vn 0.000000 -0.000000 -1.000000
vn 0.000000 -0.000000 -1.000000
vn 0.000000 -0.000000 -1.000000
vn 0.000000 -0.000000 -1.000000
vn 0.000000 -0.000000 -1.000000
vn 0.000000 -0.000000 -1.000000
vn 0.000000 -0.000000 -1.000000
vn 0.000000 -0.000000 -1.000000
vn 0.000000 -0.000000 -1.000000
vn 0.000000 -0.000000 -1.000000
vn 0.000000 -0.000000 -1.000000
vn 0.000000 -0.000000 -1.000000
vn 0.000000 -0.000000 -1.000000
vn 0.000000 -0.000000 -1.000000
vn 0.000000 -0.000000 -1.000000
vn 0.000000 -0.000000 -1.000000
vn 0.000000 -0.000000 -1.000000
vn 0.000000 0.000000 1.000000
vn 0.000000 0.000000 1.000000
vn 0.000000 0.000000 1.000000
vn 0.000000 0.000000 1.000000
vn 0.000000 1.000000 -0.000000
vn 0.000000 1.000000 -0.000000
vn 0.000000 1.000000 -0.000000
vn 0.000000 1.000000 -0.000000
vn 0.000000 1.000000 -0.000000
vn 0.000000 1.000000 -0.000000
vn 0.000000 1.000000 -0.000000
vn 0.000000 1.000000 -0.000000
vn 0.000000 0.000000 1.000000
vn 0.000000 0.000000 1.000000
vn 0.000000 0.000000 1.000000
vn 0.000000 0.000000 1.000000
vn 0.000000 0.000000 1.000000
vn 0.000000 0.000000 1.000000
vn 0.000000 0.000000 1.000000
vn 0.000000 0.000000 1.000000
vn 0.000000 1.000000 -0.000000
vn 0.000000 1.000000 -0.000000
vn 0.000000 1.000000 -0.000000
vn 0.000000 1.000000 -0.000000
vn 0.000000 -0.000001 1.000000
vn 0.000000 -0.000001 1.000000
vn 0.000000 -0.000001 1.000000
vn 0.000000 -0.000001 1.000000
vn 0.000000 -0.000001 1.000000
vn 0.000000 -0.000001 1.000000
vn 0.000000 -0.000001 1.000000
vn 0.000000 -0.000001 1.000000
vn 0.000000 0.000000 1.000000
vn 0.000000 0.000000 1.000000
vn 0.000000 0.000000 1.000000
vn 0.000000 0.000000 1.000000
vn 0.000000 -1.000000 0.000000
vn 0.000000 -1.000000 0.000000
vn 0.000000 -1.000000 0.000000
vn 0.000000 -1.000000 0.000000
vn 0.000000 -0.000000 -1.000000
vn 0.000000 -0.000000 -1.000000
vn 0.000000 -0.000000 -1.000000
vn 0.000000 -0.000000 -1.000000
vn 0.000000 0.000000 1.000000
vn 0.000000 0.000000 1.000000
vn 0.000000 0.000000 1.000000
vn 0.000000 0.000000 1.000000
vn 0.000000 -0.000001 -1.000000
vn 0.000000 -0.000001 -1.000000
vn 0.000000 -0.000001 -1.000000
vn 0.000000 -0.000001 -1.000000
vn 0.000000 -0.000000 -1.000000
vn 0.000000 -0.000000 -1.000000
vn 0.000000 -0.000000 -1.000000
vn 0.000000 -0.000000 -1.000000
vn 0.000000 -0.000001 1.000000
vn 0.000000 -0.000001 1.000000
vn 0.000000 -0.000001 1.000000
vn 0.000000 -0.000001 1.000000
vn 0.000000 -0.000000 -1.000000
vn 0.000000 -0.000000 -1.000000
vn 0.000000 -0.000000 -1.000000
vn 0.000000 -0.000000 -1.000000
vn 0.000000 -0.000001 1.000000
vn 0.000000 -0.000001 1.000000
vn 0.000000 -0.000001 1.000000
vn 0.000000 -0.000001 1.000000
vn 0.000000 1.000000 -0.000000
vn 0.000000 1.000000 -0.000000
vn 0.000000 1.000000 -0.000000
vn 0.000000 1.000000 -0.000000
vn 0.000000 -1.000000 0.000000
vn 0.000000 -1.000000 0.000000
vn 0.000000 -1.000000 0.000000
vn 0.000000 -1.000000 0.000000
vn 0.000000 0.000001 -1.000000
vn 0.000000 0.000001 -1.000000
vn 0.000000 0.000001 -1.000000
vn 0.000000 0.000001 -1.000000
vn 0.000000 -0.000000 -1.000000
vn 0.000000 -0.000000 -1.000000
vn 0.000000 -0.000000 -1.000000
vn 0.000000 -0.000000 -1.000000
vn 0.000000 1.000000 -0.000000
vn 0.000000 1.000000 -0.000000
vn 0.000000 1.000000 -0.000000
vn 0.000000 1.000000 -0.000000
vn 0.000000 0.000000 1.000000
vn 0.000000 0.000000 1.000000
vn 0.000000 0.000000 1.000000
vn 0.000000 0.000000 1.000000
vn -0.000000 -1.000000 0.000000
vn -0.000000 -1.000000 0.000000
vn -0.000000 -1.000000 0.000000
vn -0.000000 -1.000000 0.000000
vn -0.000000 -1.000000 0.000000
vn -0.000000 -1.000000 0.000000
vn -0.000000 -1.000000 0.000000
vn -0.000000 -1.000000 0.000000
vn 0.000000 0.000000 1.000000
vn 0.000000 0.000000 1.000000
vn 0.000000 0.000000 1.000000
vn 0.000000 0.000000 1.000000
vn 0.000000 -0.000000 -1.000000
vn 0.000000 -0.000000 -1.000000
vn 0.000000 -0.000000 -1.000000
vn 0.000000 -0.000000 -1.000000
vn 0.000000 -1.000000 0.000000
vn 0.000000 -1.000000 0.000000
vn 0.000000 -1.000000 0.000000
vn 0.000000 -1.000000 0.000000
vn 0.000000 0.000001 -1.000000
vn 0.000000 0.000001 -1.000000
vn 0.000000 0.000001 -1.000000
vn 0.000000 0.000001 -1.000000
vn 0.000000 0.000000 1.000000
vn 0.000000 0.000000 1.000000
vn 0.000000 0.000000 1.000000
vn 0.000000 0.000000 1.000000
vn -1.000000 0.000000 0.000000
vn -1.000000 0.000000 0.000000
vn -1.000000 0.000000 0.000000
vn -1.000000 0.000000 0.000000
vn 0.000000 0.000001 -1.000000
vn 0.000000 0.000001 -1.000000
vn 0.000000 0.000001 -1.000000
vn 0.000000 0.000001 -1.000000
vn -1.000000 0.000000 0.000000
vn -1.000000 0.000000 0.000000
vn -1.000000 0.000000 0.000000
vn -1.000000 0.000000 0.000000
vn 0.000000 -1.000000 0.000000
vn 0.000000 -1.000000 0.000000
vn 0.000000 -1.000000 0.000000
vn 0.000000 -1.000000 0.000000
vn 0.000000 1.000000 -0.000000
vn 0.000000 1.000000 -0.000000
vn 0.000000 1.000000 -0.000000
vn 0.000000 1.000000 -0.000000
vn 0.000000 0.000000 1.000000
vn 0.000000 0.000000 1.000000
vn 0.000000 0.000000 1.000000
vn 0.000000 0.000000 1.000000
vn 0.000000 -0.000000 -1.000000
vn 0.000000 -0.000000 -1.000000
vn 0.000000 -0.000000 -1.000000
vn 0.000000 -0.000000 -1.000000
vn 0.000000 -0.000000 -1.000000
vn 0.000000 -0.000000 -1.000000
vn 0.000000 -0.000000 -1.000000
vn 0.000000 -0.000000 -1.000000
vn 0.000000 -0.000000 -1.000000
vn 0.000000 -0.000000 -1.000000
vn 0.000000 -0.000000 -1.000000
vn 0.000000 -0.000000 -1.000000
vn 0.000000 -0.000000 -1.000000
vn 0.000000 -0.000000 -1.000000
vn 0.000000 -0.000000 -1.000000
vn 0.000000 -0.000000 -1.000000
vn 0.000000 -0.000000 -1.000000
vn 0.000000 -0.000000 -1.000000
vn 0.000000 -0.000000 -1.000000
vn 0.000000 -0.000000 -1.000000
vn 0.000000 -0.000000 -1.000000
vn 0.000000 -0.000000 -1.000000
vn 0.000000 -0.000000 -1.000000
vn 0.000000 -0.000000 -1.000000
vn 1.000000 0.000000 0.000000
vn 1.000000 0.000000 0.000000
vn 1.000000 0.000000 0.000000
vn 1.000000 0.000000 0.000000
vn 0.000000 0.000000 1.000000
vn 0.000000 0.000000 1.000000
vn 0.000000 0.000000 1.000000
vn 0.000000 0.000000 1.000000
vn 0.000000 -0.000000 -1.000000
vn 0.000000 -0.000000 -1.000000
vn 0.000000 -0.000000 -1.000000
vn 0.000000 -0.000000 -1.000000
vn 0.000000 0.000000 1.000000
vn 0.000000 0.000000 1.000000
vn 0.000000 0.000000 1.000000
vn 0.000000 0.000000 1.000000
vn 0.000000 0.000000 1.000000
vn 0.000000 0.000000 1.000000
vn 0.000000 0.000000 1.000000
vn 0.000000 0.000000 1.000000
vn 0.000000 0.000000 1.000000
vn 0.000000 0.000000 1.000000
vn 0.000000 0.000000 1.000000
vn 0.000000 0.000000 1.000000
vn 0.000000 0.000000 1.000000
vn 0.000000 0.000000 1.000000
vn 0.000000 0.000000 1.000000
vn 0.000000 0.000000 1.000000
vn 0.000000 0.000000 1.000000
vn 0.000000 0.000000 1.000000
vn 0.000000 0.000000 1.000000
vn 0.000000 0.000000 1.000000
vn 0.000000 0.000000 1.000000
vn 0.000000 0.000000 1.000000
vn 0.000000 0.000000 1.000000
vn 0.000000 0.000000 1.000000
vn 1.000000 0.000000 0.000000
vn 1.000000 0.000000 0.000000
vn 1.000000 0.000000 0.000000
vn 1.000000 0.000000 0.000000
vn 0.000000 -0.000000 -1.000000
vn 0.000000 -0.000000 -1.000000
vn 0.000000 -0.000000 -1.000000
vn 0.000000 -0.000000 -1.000000
vn 0.000000 1.000000 -0.000000
vn 0.000000 1.000000 -0.000000
vn 0.000000 1.000000 -0.000000
vn 0.000000 1.000000 -0.000000
vn 0.000000 -1.000000 0.000000
vn 0.000000 -1.000000 0.000000
vn 0.000000 -1.000000 0.000000
vn 0.000000 -1.000000 0.000000
vn 0.000000 1.000000 -0.000000
vn 0.000000 1.000000 -0.000000
vn 0.000000 1.000000 -0.000000
vn 0.000000 1.000000 -0.000000
vn 0.000000 0.000000 1.000000
vn 0.000000 0.000000 1.000000
vn 0.000000 0.000000 1.000000
vn 0.000000 0.000000 1.000000
vn 0.000000 -0.000000 -1.000000
vn 0.000000 -0.000000 -1.000000
vn 0.000000 -0.000000 -1.000000
vn 0.000000 -0.000000 -1.000000
vn 0.000000 -0.000000 -1.000000
vn 0.000000 -0.000000 -1.000000
vn 0.000000 -0.000000 -1.000000
vn 0.000000 -0.000000 -1.000000
vn 0.000000 0.000000 1.000000
vn 0.000000 0.000000 1.000000
vn 0.000000 0.000000 1.000000
vn 0.000000 0.000000 1.000000
vn 0.000000 1.000000 -0.000000
vn 0.000000 1.000000 -0.000000
vn 0.000000 1.000000 -0.000000
vn 0.000000 1.000000 -0.000000
vn 1.000000 0.000000 0.000000
vn 1.000000 0.000000 0.000000
vn 1.000000 0.000000 0.000000
vn 1.000000 0.000000 0.000000
vn 0.000000 0.000000 1.000000
vn 0.000000 0.000000 1.000000
vn 0.000000 0.000000 1.000000
vn 0.000000 0.000000 1.000000
vn 0.000000 -1.000000 0.000000
vn 0.000000 -1.000000 0.000000
vn 0.000000 -1.000000 0.000000
vn 0.000000 -1.000000 0.000000
vn 0.000000 -0.000000 -1.000000
vn 0.000000 -0.000000 -1.000000
vn 0.000000 -0.000000 -1.000000
vn 0.000000 -0.000000 -1.000000
vn 0.000000 -0.000000 -1.000000
vn 0.000000 -0.000000 -1.000000
vn 0.000000 -0.000000 -1.000000
vn 0.000000 -0.000000 -1.000000
vn 0.000000 0.000000 1.000000
vn 0.000000 0.000000 1.000000
vn 0.000000 0.000000 1.000000
vn 0.000000 0.000000 1.000000
vn 0.000000 0.000000 1.000000
vn 0.000000 0.000000 1.000000
vn 0.000000 0.000000 1.000000
vn 0.000000 0.000000 1.000000
vn 0.000000 -0.000000 -1.000000
vn 0.000000 -0.000000 -1.000000
vn 0.000000 -0.000000 -1.000000
vn 0.000000 -0.000000 -1.000000
vn 1.000000 0.000000 0.000000
vn 1.000000 0.000000 0.000000
vn 1.000000 0.000000 0.000000
vn 1.000000 0.000000 0.000000
vn 0.000000 -0.000000 -1.000000
vn 0.000000 -0.000000 -1.000000
vn 0.000000 -0.000000 -1.000000
vn 0.000000 -0.000000 -1.000000
vn 0.000000 -1.000000 0.000000
vn 0.000000 -1.000000 0.000000
vn 0.000000 -1.000000 0.000000
vn 0.000000 -1.000000 0.000000
vn 0.000000 -0.000000 -1.000000
vn 0.000000 -0.000000 -1.000000
vn 0.000000 -0.000000 -1.000000
vn 0.000000 -0.000000 -1.000000
vn 0.000000 0.000000 1.000000
vn 0.000000 0.000000 1.000000
vn 0.000000 0.000000 1.000000
vn 0.000000 0.000000 1.000000
vn 1.000000 0.000000 0.000000
vn 1.000000 0.000000 0.000000
vn 1.000000 0.000000 0.000000
vn 1.000000 0.000000 0.000000
vn 0.000000 0.000000 1.000000
vn 0.000000 0.000000 1.000000
vn 0.000000 0.000000 1.000000
vn 0.000000 0.000000 1.000000
vn 0.000000 1.000000 -0.000000
vn 0.000000 1.000000 -0.000000
vn 0.000000 1.000000 -0.000000
vn 0.000000 1.000000 -0.000000
vn 0.000000 -1.000000 0.000000
vn 0.000000 -1.000000 0.000000
vn 0.000000 -1.000000 0.000000
vn 0.000000 -1.000000 0.000000
vn -0.325058 0.325057 0.888074
vn -0.325058 0.325057 0.888074
vn -0.325058 0.325057 0.888074
vn -0.325058 0.325057 0.888074
vn -0.888076 0.325053 0.325057
vn -0.888076 0.325053 0.325057
vn -0.888076 0.325053 0.325057
vn -0.888076 0.325053 0.325057
vn -0.325053 0.888076 0.325056
vn -0.325053 0.888076 0.325056
vn -0.325053 0.888076 0.325056
vn -0.325053 0.888076 0.325056
vn -0.382687 -0.653281 -0.653280
vn -0.382687 -0.653281 -0.653280
vn -0.382687 -0.653281 -0.653280
vn -0.382687 -0.653281 -0.653280
vn -0.325055 0.888075 -0.325057
vn -0.325055 0.888075 -0.325057
vn -0.325055 0.888075 -0.325057
vn -0.325055 0.888075 -0.325057
vn -0.888077 0.325052 -0.325056
vn -0.888077 0.325052 -0.325056
vn -0.888077 0.325052 -0.325056
vn -0.888077 0.325052 -0.325056
vn -0.325057 0.325054 -0.888075
vn -0.325057 0.325054 -0.888075
vn -0.325057 0.325054 -0.888075
vn -0.325057 0.325054 -0.888075
vn -0.325059 0.325059 0.888073
vn -0.325059 0.325059 0.888073
vn -0.325059 0.325059 0.888073
vn -0.325059 0.325059 0.888073
vn -0.888071 0.325063 0.325060
vn -0.888071 0.325063 0.325060
vn -0.888071 0.325063 0.325060
vn -0.888071 0.325063 0.325060
vn -0.325058 0.888074 0.325058
vn -0.325058 0.888074 0.325058
vn -0.325058 0.888074 0.325058
vn -0.325058 0.888074 0.325058
vn -0.325060 0.325057 -0.888073
vn -0.325060 0.325057 -0.888073
vn -0.325060 0.325057 -0.888073
vn -0.325060 0.325057 -0.888073
vn -0.325059 0.888073 -0.325059
vn -0.325059 0.888073 -0.325059
vn -0.325059 0.888073 -0.325059
vn -0.325059 0.888073 -0.325059
vn -0.888070 0.325063 -0.325062
vn -0.888070 0.325063 -0.325062
vn -0.888070 0.325063 -0.325062
vn -0.888070 0.325063 -0.325062
vn -0.325057 0.888074 0.325056
vn -0.325057 0.888074 0.325056
vn -0.325057 0.888074 0.325056
vn -0.325057 0.888074 0.325056
vn -0.325060 0.325059 0.888073
vn -0.325060 0.325059 0.888073
vn -0.325060 0.325059 0.888073
vn -0.325060 0.325059 0.888073
vn -0.888074 0.325052 0.325061
vn -0.888074 0.325052 0.325061
vn -0.888074 0.325052 0.325061
vn -0.888074 0.325052 0.325061
vn -0.325058 0.888074 -0.325058
vn -0.325058 0.888074 -0.325058
vn -0.325058 0.888074 -0.325058
vn -0.325058 0.888074 -0.325058
vn -0.888074 0.325052 -0.325063
vn -0.888074 0.325052 -0.325063
vn -0.888074 0.325052 -0.325063
vn -0.888074 0.325052 -0.325063
vn -0.325060 0.325057 -0.888074
vn -0.325060 0.325057 -0.888074
vn -0.325060 0.325057 -0.888074
vn -0.325060 0.325057 -0.888074
vn -0.325057 0.325057 0.888074
vn -0.325057 0.325057 0.888074
vn -0.325057 0.325057 0.888074
vn -0.325057 0.325057 0.888074
vn -0.888071 0.325063 0.325060
vn -0.888071 0.325063 0.325060
vn -0.888071 0.325063 0.325060
vn -0.888071 0.325063 0.325060
vn -0.325057 0.888075 0.325056
vn -0.325057 0.888075 0.325056
vn -0.325057 0.888075 0.325056
vn -0.325057 0.888075 0.325056
vn -0.325057 0.325054 -0.888075
vn -0.325057 0.325054 -0.888075
vn -0.325057 0.325054 -0.888075
vn -0.325057 0.325054 -0.888075
vn -0.325058 0.888074 -0.325058
vn -0.325058 0.888074 -0.325058
vn -0.325058 0.888074 -0.325058
vn -0.325058 0.888074 -0.325058
vn -0.888070 0.325063 -0.325062
vn -0.888070 0.325063 -0.325062
vn -0.888070 0.325063 -0.325062
vn -0.888070 0.325063 -0.325062
vn -0.325059 0.325059 0.888073
vn -0.325059 0.325059 0.888073
vn -0.325059 0.325059 0.888073
vn -0.325059 0.325059 0.888073
vn -0.888073 0.325056 0.325061
vn -0.888073 0.325056 0.325061
vn -0.888073 0.325056 0.325061
vn -0.888073 0.325056 0.325061
vn -0.325057 0.888073 0.325060
vn -0.325057 0.888073 0.325060
vn -0.325057 0.888073 0.325060
vn -0.325057 0.888073 0.325060
vn -0.325060 0.325057 -0.888073
vn -0.325060 0.325057 -0.888073
vn -0.325060 0.325057 -0.888073
vn -0.325060 0.325057 -0.888073
vn -0.325058 0.888072 -0.325061
vn -0.325058 0.888072 -0.325061
vn -0.325058 0.888072 -0.325061
vn -0.325058 0.888072 -0.325061
vn -0.888073 0.325055 -0.325063
vn -0.888073 0.325055 -0.325063
vn -0.888073 0.325055 -0.325063
vn -0.888073 0.325055 -0.325063
vn 0.000000 0.923879 -0.382685
vn 0.000000 0.923879 -0.382685
vn 0.000000 0.923879 -0.382685
vn 0.000000 0.923879 -0.382685
vn 0.000000 0.382689 -0.923877
vn 0.000000 0.382689 -0.923877
vn 0.000000 0.382689 -0.923877
vn 0.000000 0.382689 -0.923877
vn 0.000000 0.923880 0.382684
vn 0.000000 0.923880 0.382684
vn 0.000000 0.923880 0.382684
vn 0.000000 0.923880 0.382684
vn 0.000000 0.382687 0.923878
vn 0.000000 0.382687 0.923878
vn 0.000000 0.382687 0.923878
vn 0.000000 0.382687 0.923878
vn -0.382680 -0.000000 -0.923881
vn -0.382680 -0.000000 -0.923881
vn -0.382680 -0.000000 -0.923881
vn -0.382680 -0.000000 -0.923881
vn -0.923882 -0.000001 -0.382678
vn -0.923882 -0.000001 -0.382678
vn -0.923882 -0.000001 -0.382678
vn -0.923882 -0.000001 -0.382678
vn -0.382681 0.923881 -0.000000
vn -0.382681 0.923881 -0.000000
vn -0.382681 0.923881 -0.000000
vn -0.382681 0.923881 -0.000000
vn -0.923882 0.382677 -0.000000
vn -0.923882 0.382677 -0.000000
vn -0.923882 0.382677 -0.000000
vn -0.923882 0.382677 -0.000000
vn -0.382681 0.000000 0.923881
vn -0.382681 0.000000 0.923881
vn -0.382681 0.000000 0.923881
vn -0.382681 0.000000 0.923881
vn -0.923882 -0.000000 0.382678
vn -0.923882 -0.000000 0.382678
vn -0.923882 -0.000000 0.382678
vn -0.923882 -0.000000 0.382678
vn -0.382686 0.000000 0.923878
vn -0.382686 0.000000 0.923878
vn -0.382686 0.000000 0.923878
vn -0.382686 0.000000 0.923878
vn -0.923876 0.000001 0.382691
vn -0.923876 0.000001 0.382691
vn -0.923876 0.000001 0.382691
vn -0.923876 0.000001 0.382691
vn -0.382686 -0.000000 -0.923879
vn -0.382686 -0.000000 -0.923879
vn -0.382686 -0.000000 -0.923879
vn -0.382686 -0.000000 -0.923879
vn -0.923876 0.000000 -0.382693
vn -0.923876 0.000000 -0.382693
vn -0.923876 0.000000 -0.382693
vn -0.923876 0.000000 -0.382693
vn -0.923877 0.382689 -0.000000
vn -0.923877 0.382689 -0.000000
vn -0.923877 0.382689 -0.000000
vn -0.923877 0.382689 -0.000000
vn -0.382684 0.923879 -0.000000
vn -0.382684 0.923879 -0.000000
vn -0.382684 0.923879 -0.000000
vn -0.382684 0.923879 -0.000000
vn 0.000000 0.382683 -0.923880
vn 0.000000 0.382683 -0.923880
vn 0.000000 0.382683 -0.923880
vn 0.000000 0.382683 -0.923880
vn 0.000000 0.923880 -0.382684
vn 0.000000 0.923880 -0.382684
vn 0.000000 0.923880 -0.382684
vn 0.000000 0.923880 -0.382684
vn 0.000000 0.382686 0.923879
vn 0.000000 0.382686 0.923879
vn 0.000000 0.382686 0.923879
vn 0.000000 0.382686 0.923879
vn 0.000000 0.923879 0.382684
vn 0.000000 0.923879 0.382684
vn 0.000000 0.923879 0.382684
vn 0.000000 0.923879 0.382684
vn 0.000000 0.382685 0.923879
vn 0.000000 0.382685 0.923879
vn 0.000000 0.382685 0.923879
vn 0.000000 0.382685 0.923879
vn -0.000000 0.923880 0.382683
vn -0.000000 0.923880 0.382683
vn -0.000000 0.923880 0.382683
vn -0.000000 0.923880 0.382683
vn 0.000000 0.382687 -0.923878
vn 0.000000 0.382687 -0.923878
vn 0.000000 0.382687 -0.923878
vn 0.000000 0.382687 -0.923878
vn -0.000000 0.923880 -0.382683
vn -0.000000 0.923880 -0.382683
vn -0.000000 0.923880 -0.382683
vn -0.000000 0.923880 -0.382683
vn -0.382679 0.000000 0.923882
vn -0.382679 0.000000 0.923882
vn -0.382679 0.000000 0.923882
vn -0.382679 0.000000 0.923882
vn -0.923885 -0.000000 0.382670
vn -0.923885 -0.000000 0.382670
vn -0.923885 -0.000000 0.382670
vn -0.923885 -0.000000 0.382670
vn -0.382679 -0.000000 -0.923881
vn -0.382679 -0.000000 -0.923881
vn -0.382679 -0.000000 -0.923881
vn -0.382679 -0.000000 -0.923881
vn -0.923883 -0.000001 -0.382674
vn -0.923883 -0.000001 -0.382674
vn -0.923883 -0.000001 -0.382674
vn -0.923883 -0.000001 -0.382674
vn -0.923882 0.382677 -0.000000
vn -0.923882 0.382677 -0.000000
vn -0.923882 0.382677 -0.000000
vn -0.923882 0.382677 -0.000000
vn -0.382681 0.923881 -0.000000
vn -0.382681 0.923881 -0.000000
vn -0.382681 0.923881 -0.000000
vn -0.382681 0.923881 -0.000000
vn -0.382684 0.000000 0.923879
vn -0.382684 0.000000 0.923879
vn -0.382684 0.000000 0.923879
vn -0.382684 0.000000 0.923879
vn -0.923880 0.000001 0.382682
vn -0.923880 0.000001 0.382682
vn -0.923880 0.000001 0.382682
vn -0.923880 0.000001 0.382682
vn -0.382683 -0.000000 -0.923880
vn -0.382683 -0.000000 -0.923880
vn -0.382683 -0.000000 -0.923880
vn -0.382683 -0.000000 -0.923880
vn -0.923879 0.000000 -0.382685
vn -0.923879 0.000000 -0.382685
vn -0.923879 0.000000 -0.382685
vn -0.923879 0.000000 -0.382685
vn -0.923877 0.382689 -0.000000
vn -0.923877 0.382689 -0.000000
vn -0.923877 0.382689 -0.000000
vn -0.923877 0.382689 -0.000000
vn -0.382685 0.923879 -0.000000
vn -0.382685 0.923879 -0.000000
vn -0.382685 0.923879 -0.000000
vn -0.382685 0.923879 -0.000000
vn 0.000000 0.382686 0.923878
vn 0.000000 0.382686 0.923878
vn 0.000000 0.382686 0.923878
vn 0.000000 0.382686 0.923878
vn 0.000000 0.923880 0.382684
vn 0.000000 0.923880 0.382684
vn 0.000000 0.923880 0.382684
vn 0.000000 0.923880 0.382684
vn 0.000000 0.382687 -0.923878
vn 0.000000 0.382687 -0.923878
vn 0.000000 0.382687 -0.923878
vn 0.000000 0.382687 -0.923878
vn 0.000000 0.923879 -0.382684
vn 0.000000 0.923879 -0.382684
vn 0.000000 0.923879 -0.382684
vn 0.000000 0.923879 -0.382684
vn -0.382681 0.000000 0.923880
vn -0.382681 0.000000 0.923880
vn -0.382681 0.000000 0.923880
vn -0.382681 0.000000 0.923880
vn -0.923882 0.000000 0.382679
vn -0.923882 0.000000 0.382679
vn -0.923882 0.000000 0.382679
vn -0.923882 0.000000 0.382679
vn -0.382681 -0.000000 -0.923880
vn -0.382681 -0.000000 -0.923880
vn -0.382681 -0.000000 -0.923880
vn -0.382681 -0.000000 -0.923880
vn -0.923882 -0.000000 -0.382679
vn -0.923882 -0.000000 -0.382679
vn -0.923882 -0.000000 -0.382679
vn -0.923882 -0.000000 -0.382679
vn -0.923880 0.382683 -0.000000
vn -0.923880 0.382683 -0.000000
vn -0.923880 0.382683 -0.000000
vn -0.923880 0.382683 -0.000000
vn -0.382682 0.923880 -0.000000
vn -0.382682 0.923880 -0.000000
vn -0.382682 0.923880 -0.000000
vn -0.382682 0.923880 -0.000000
vn -0.000000 0.923880 -0.382683
vn -0.000000 0.923880 -0.382683
vn -0.000000 0.923880 -0.382683
vn -0.000000 0.923880 -0.382683
vn -0.000000 0.382684 -0.923880
vn -0.000000 0.382684 -0.923880
vn -0.000000 0.382684 -0.923880
vn -0.000000 0.382684 -0.923880
vn -0.000000 0.923880 0.382682
vn -0.000000 0.923880 0.382682
vn -0.000000 0.923880 0.382682
vn -0.000000 0.923880 0.382682
vn -0.000000 0.382687 0.923878
vn -0.000000 0.382687 0.923878
vn -0.000000 0.382687 0.923878
vn -0.000000 0.382687 0.923878
vn 0.000000 0.000000 1.000000
vn 0.000000 0.000000 1.000000
vn 0.000000 0.000000 1.000000
vn 0.000000 0.000000 1.000000
vn -1.000000 0.000000 0.000000
vn -1.000000 0.000000 0.000000
vn -1.000000 0.000000 0.000000
vn -1.000000 0.000000 0.000000
vn 0.000000 -1.000000 0.000000
vn 0.000000 -1.000000 0.000000
vn 0.000000 -1.000000 0.000000
vn 0.000000 -1.000000 0.000000
vn 0.000000 1.000000 -0.000000
vn 0.000000 1.000000 -0.000000
vn 0.000000 1.000000 -0.000000
vn 0.000000 1.000000 -0.000000
vn -1.000000 0.000000 0.000000
vn -1.000000 0.000000 0.000000
vn -1.000000 0.000000 0.000000
vn -1.000000 0.000000 0.000000
vn 0.000000 1.000000 -0.000000
vn 0.000000 1.000000 -0.000000
vn 0.000000 1.000000 -0.000000
vn 0.000000 1.000000 -0.000000
vn -1.000000 0.000000 0.000000
vn -1.000000 0.000000 0.000000
vn -1.000000 0.000000 0.000000
vn -1.000000 0.000000 0.000000
vn 0.000000 -1.000000 0.000000
vn 0.000000 -1.000000 0.000000
vn 0.000000 -1.000000 0.000000
vn 0.000000 -1.000000 0.000000
vn -1.000000 0.000000 0.000000
vn -1.000000 0.000000 0.000000
vn -1.000000 0.000000 0.000000
vn -1.000000 0.000000 0.000000
vn 0.000000 -1.000000 0.000000
vn 0.000000 -1.000000 0.000000
vn 0.000000 -1.000000 0.000000
vn 0.000000 -1.000000 0.000000
vn 0.000000 1.000000 -0.000000
vn 0.000000 1.000000 -0.000000
vn 0.000000 1.000000 -0.000000
vn 0.000000 1.000000 -0.000000
vn -1.000000 0.000000 0.000000
vn -1.000000 0.000000 0.000000
vn -1.000000 0.000000 0.000000
vn -1.000000 0.000000 0.000000
vn 0.000000 1.000000 -0.000000
vn 0.000000 1.000000 -0.000000
vn 0.000000 1.000000 -0.000000
vn 0.000000 1.000000 -0.000000
vn -1.000000 0.000000 0.000000
vn -1.000000 0.000000 0.000000
vn -1.000000 0.000000 0.000000
vn -1.000000 0.000000 0.000000
vn 0.000000 -1.000000 0.000000
vn 0.000000 -1.000000 0.000000
vn 0.000000 -1.000000 0.000000
vn 0.000000 -1.000000 0.000000
vn 0.000000 -1.000000 0.000000
vn 0.000000 -1.000000 0.000000
vn 0.000000 -1.000000 0.000000
vn 0.000000 -1.000000 0.000000
vn -1.000000 0.000000 0.000000
vn -1.000000 0.000000 0.000000
vn -1.000000 0.000000 0.000000
vn -1.000000 0.000000 0.000000
vn 0.000000 1.000000 -0.000000
vn 0.000000 1.000000 -0.000000
vn 0.000000 1.000000 -0.000000
vn 0.000000 1.000000 -0.000000
vn -1.000000 0.000000 0.000000
vn -1.000000 0.000000 0.000000
vn -1.000000 0.000000 0.000000
vn -1.000000 0.000000 0.000000
vn 0.000000 1.000000 -0.000000
vn 0.000000 1.000000 -0.000000
vn 0.000000 1.000000 -0.000000
vn 0.000000 1.000000 -0.000000
vn 0.000000 -1.000000 0.000000
vn 0.000000 -1.000000 0.000000
vn 0.000000 -1.000000 0.000000
vn 0.000000 -1.000000 0.000000
vn -1.000000 0.000000 0.000000
vn -1.000000 0.000000 0.000000
vn -1.000000 0.000000 0.000000
vn -1.000000 0.000000 0.000000
vn 0.000000 -1.000000 0.000000
vn 0.000000 -1.000000 0.000000
vn 0.000000 -1.000000 0.000000
vn 0.000000 -1.000000 0.000000
vn -1.000000 0.000000 0.000000
vn -1.000000 0.000000 0.000000
vn -1.000000 0.000000 0.000000
vn -1.000000 0.000000 0.000000
vn 0.000000 1.000000 -0.000000
vn 0.000000 1.000000 -0.000000
vn 0.000000 1.000000 -0.000000
vn 0.000000 1.000000 -0.000000
vn -1.000000 0.000000 0.000000
vn -1.000000 0.000000 0.000000
vn -1.000000 0.000000 0.000000
vn -1.000000 0.000000 0.000000
vn 0.000000 1.000000 -0.000000
vn 0.000000 1.000000 -0.000000
vn 0.000000 1.000000 -0.000000
vn 0.000000 1.000000 -0.000000
vn 0.000000 -1.000000 0.000000
vn 0.000000 -1.000000 0.000000
vn 0.000000 -1.000000 0.000000
vn 0.000000 -1.000000 0.000000
vn -1.000000 0.000000 0.000000
vn -1.000000 0.000000 0.000000
vn -1.000000 0.000000 0.000000
vn -1.000000 0.000000 0.000000
vn 1.000000 0.000000 0.000000
vn 1.000000 0.000000 0.000000
vn 1.000000 0.000000 0.000000
vn 1.000000 0.000000 0.000000
vn 0.000000 -1.000000 0.000000
vn 0.000000 -1.000000 0.000000
vn 0.000000 -1.000000 0.000000
vn 0.000000 -1.000000 0.000000
vn 0.000000 1.000000 -0.000000
vn 0.000000 1.000000 -0.000000
vn 0.000000 1.000000 -0.000000
vn 0.000000 1.000000 -0.000000
vn 1.000000 0.000000 0.000000
vn 1.000000 0.000000 0.000000
vn 1.000000 0.000000 0.000000
vn 1.000000 0.000000 0.000000
vn 0.000000 1.000000 -0.000000
vn 0.000000 1.000000 -0.000000
vn 0.000000 1.000000 -0.000000
vn 0.000000 1.000000 -0.000000
vn 1.000000 0.000000 0.000000
vn 1.000000 0.000000 0.000000
vn 1.000000 0.000000 0.000000
vn 1.000000 0.000000 0.000000
vn 0.000000 -1.000000 0.000000
vn 0.000000 -1.000000 0.000000
vn 0.000000 -1.000000 0.000000
vn 0.000000 -1.000000 0.000000
vn 1.000000 0.000000 0.000000
vn 1.000000 0.000000 0.000000
vn 1.000000 0.000000 0.000000
vn 1.000000 0.000000 0.000000
vn 0.000000 -1.000000 0.000000
vn 0.000000 -1.000000 0.000000
vn 0.000000 -1.000000 0.000000
vn 0.000000 -1.000000 0.000000
vn 0.000000 1.000000 -0.000000
vn 0.000000 1.000000 -0.000000
vn 0.000000 1.000000 -0.000000
vn 0.000000 1.000000 -0.000000
vn 1.000000 0.000000 0.000000
vn 1.000000 0.000000 0.000000
vn 1.000000 0.000000 0.000000
vn 1.000000 0.000000 0.000000
vn 0.000000 1.000000 -0.000000
vn 0.000000 1.000000 -0.000000
vn 0.000000 1.000000 -0.000000
vn 0.000000 1.000000 -0.000000
vn 1.000000 0.000000 0.000000
vn 1.000000 0.000000 0.000000
vn 1.000000 0.000000 0.000000
vn 1.000000 0.000000 0.000000
vn 0.000000 -1.000000 0.000000
vn 0.000000 -1.000000 0.000000
vn 0.000000 -1.000000 0.000000
vn 0.000000 -1.000000 0.000000
vn 0.000000 -1.000000 0.000000
vn 0.000000 -1.000000 0.000000
vn 0.000000 -1.000000 0.000000
vn 0.000000 -1.000000 0.000000
vn 1.000000 0.000000 0.000000
vn 1.000000 0.000000 0.000000
vn 1.000000 0.000000 0.000000
vn 1.000000 0.000000 0.000000
vn 0.000000 1.000000 -0.000000
vn 0.000000 1.000000 -0.000000
vn 0.000000 1.000000 -0.000000
vn 0.000000 1.000000 -0.000000
vn 1.000000 0.000000 0.000000
vn 1.000000 0.000000 0.000000
vn 1.000000 0.000000 0.000000
vn 1.000000 0.000000 0.000000
vn 0.000000 1.000000 -0.000000
vn 0.000000 1.000000 -0.000000
vn 0.000000 1.000000 -0.000000
vn 0.000000 1.000000 -0.000000
vn 0.000000 -1.000000 0.000000
vn 0.000000 -1.000000 0.000000
vn 0.000000 -1.000000 0.000000
vn 0.000000 -1.000000 0.000000
vn 1.000000 0.000000 0.000000
vn 1.000000 0.000000 0.000000
vn 1.000000 0.000000 0.000000
vn 1.000000 0.000000 0.000000
vn 0.000000 -1.000000 0.000000
vn 0.000000 -1.000000 0.000000
vn 0.000000 -1.000000 0.000000
vn 0.000000 -1.000000 0.000000
vn 1.000000 0.000000 0.000000
vn 1.000000 0.000000 0.000000
vn 1.000000 0.000000 0.000000
vn 1.000000 0.000000 0.000000
vn 0.000000 1.000000 -0.000000
vn 0.000000 1.000000 -0.000000
vn 0.000000 1.000000 -0.000000
vn 0.000000 1.000000 -0.000000
vn 1.000000 0.000000 0.000000
vn 1.000000 0.000000 0.000000
vn 1.000000 0.000000 0.000000
vn 1.000000 0.000000 0.000000
vn 0.000000 1.000000 -0.000000
vn 0.000000 1.000000 -0.000000
vn 0.000000 1.000000 -0.000000
vn 0.000000 1.000000 -0.000000
vn 0.000000 -1.000000 0.000000
vn 0.000000 -1.000000 0.000000
vn 0.000000 -1.000000 0.000000
vn 0.000000 -1.000000 0.000000
vn 1.000000 0.000000 0.000000
vn 1.000000 0.000000 0.000000
vn 1.000000 0.000000 0.000000
vn 1.000000 0.000000 0.000000
s off
g Arch_Door_L
usemtl Arch_Door_LSG
f 1535/1294/1 1524/1612/2 1522/876/3 1520/1706/4
f 80/38/5 1625/2041/6 1523/1976/7 1525/163/8
f 2173/517/9 1626/1675/10 4/1310/11 20/526/12
f 1563/809/13 1529/1634/14 5/2406/15 81/2129/16
f 1564/440/17 1537/463/18 1533/555/19 1531/2368/20
f 83/316/21 1532/1998/22 7/593/23 2481/865/24
f 1558/785/25 1534/186/26 1521/1245/27 1557/1152/28
f 1553/2230/29 1538/92/30 1540/831/31 1542/1566/32
f 1546/485/33 86/683/34 1541/1931/35 1547/1588/36
f 2176/883/37 29/2014/38 64/824/39 43/502/40
f 1573/372/41 88/1423/42 2172/1960/43 1575/1105/44
f 1565/1544/45 1549/2322/46 1551/510/47 1555/418/48
f 90/2152/49 85/1051/50 14/2429/51 1550/1953/52
f 1562/2252/53 1561/67/54 1539/1198/55 1552/139/56
f 88/1423/57 2171/2329/58 2170/1228/59 81/2129/60
f 30/1651/61 63/1191/62 1530/1270/63 21/1628/64
f 64/824/65 29/2014/66 20/526/67 4/1310/68
f 1550/1953/69 14/2429/70 25/548/71 1554/1865/72
f 9/1336/73 32/2382/74 33/1924/75 13/251/76
f 1574/2546/77 63/1191/78 30/1651/79 1576/738/80
f 1547/1588/81 1541/1931/82 1559/1888/83 1560/1522/84
f 15/985/85 31/203/86 26/178/87 12/1699/88
f 1532/1998/89 1536/920/90 16/616/91 7/593/92
f 1/939/93 6/2040/94 24/1991/95 23/2361/96
f 1528/533/97 1527/899/98 21/1628/99 1530/1270/100
f 1625/2041/101 18/2338/102 1556/45/103 1523/1976/104
f 8/226/105 3/1674/106 17/156/107 22/1262/108
f 2172/1960/109 88/1423/110 81/2129/111 5/2406/112
f 1552/139/113 1539/1198/114 89/2516/115 91/708/116
f 1571/2182/117 2171/2329/118 88/1423/119 1573/372/120
f 25/548/121 14/2429/122 85/1051/123 92/341/124
f 1534/186/125 84/2492/126 82/1763/127 1521/1245/128
f 56/433/129 1563/809/130 81/2129/131 2170/1228/132
f 16/616/133 93/1447/134 2481/865/135 7/593/136
f 1548/1221/137 1566/1174/138 1568/1909/139 87/1787/140
f 1544/2299/141 100/1716/142 1587/1408/143 1543/115/144
f 87/1787/145 1568/1909/146 1631/1700/147 1545/853/148
f 27/1286/149 1569/1453/150 1567/2276/151 10/962/152
f 1644/1791/153 1578/1631/154 1580/2207/155 1598/2159/156
f 1591/324/157 44/132/158 2178/52/159 1600/348/160
f 1598/2159/161 1580/2207/162 1581/762/163 1592/2499/164
f 1593/1058/165 1583/1500/166 1579/23/167 116/933/168
f 1647/914/169 1585/667/170 1570/1082/171 49/1145/172
f 1599/715/173 2179/1159/174 1577/1842/175 50/778/176
f 1630/594/177 96/1812/178 101/268/179 41/2315/180
f 1634/503/181 1589/2136/182 1588/1034/183 1632/1337/184
f 1586/300/185 1630/594/186 41/2315/187 34/1559/188
f 102/2446/189 36/2292/190 1572/1820/191 98/979/192
f 99/2079/193 1582/396/194 37/846/195 38/478/196
f 1582/396/197 102/2446/198 98/979/199 37/846/200
f 36/2292/201 1584/1130/202 2177/425/203 1572/1820/204
f 1590/1769/205 2174/146/206 110/292/207 35/108/208
f 39/1581/209 1594/690/210 48/1605/211 97/1354/212
f 40/1214/213 1646/2362/214 1627/227/215 1629/963/216
f 2180/792/217 1650/2270/218 1636/1239/219 1638/1970/220
f 1635/1606/221 1595/1795/222 1596/1430/223 1633/870/224
f 95/2175/225 1597/2522/226 2175/1253/227 42/1946/228
f 1640/157/229 1642/893/230 2182/1529/231 2181/1895/232
f 45/1238/233 104/635/234 114/196/235 111/1400/236
f 103/1002/237 105/1739/238 52/1515/239 1645/179/240
f 107/2469/241 1641/1263/242 53/60/243 113/564/244
f 1643/1992/245 106/1377/246 115/1304/247 54/2245/248
f 1641/1263/249 47/1969/250 112/1027/251 53/60/252
f 46/869/253 1643/1992/254 54/2245/255 51/1881/256
f 1535/1294/257 1601/2430/258 1603/617/259 1524/1612/260
f 80/38/261 1525/163/262 1604/252/263 2/569/264
f 1564/440/265 1605/1361/266 1607/2086/267 1537/463/268
f 83/316/269 2481/865/270 59/2269/271 1606/986/272
f 1621/570/273 1620/2015/274 1602/2063/275 1608/1723/276
f 1553/2230/277 1542/1566/278 1612/643/279 1610/2453/280
f 1546/485/281 11/2062/282 1613/1747/283 86/683/284
f 1565/1544/285 1555/418/286 1616/2113/287 1614/1384/288
f 90/2152/289 1615/2476/290 66/2539/291 85/1051/292
f 1624/940/293 1617/1652/294 1611/1011/295 1623/1311/296
f 1615/2476/297 1618/1287/298 73/754/299 66/2539/300
f 61/456/301 65/365/302 77/2223/303 76/1122/304
f 11/2062/305 28/913/306 1622/204/307 1613/1747/308
f 67/1098/309 62/85/310 74/389/311 75/1492/312
f 1606/986/313 59/2269/314 68/731/315 1609/275/316
f 55/801/317 71/16/318 72/2200/319 58/1167/320
f 2/569/321 1604/252/322 1619/2383/323 19/892/324
f 60/1902/325 70/1470/326 69/1836/327 57/1537/328
f 1617/1652/329 91/708/330 89/2516/331 1611/1011/332
f 73/754/333 92/341/334 85/1051/335 66/2539/336
f 1608/1723/337 1602/2063/338 82/1763/339 84/2492/340
f 68/731/341 59/2269/342 2481/865/343 93/1447/344
f 1634/504/345 1632/1338/346 101/268/347 96/1812/348
f 1635/1606/349 94/1075/350 1628/2407/351 1595/1795/352
f 1648/549/353 1639/527/354 1637/2339/355 1649/86/356
f 108/2105/357 1648/549/358 1649/86/359 109/659/360
f 107/2469/361 113/564/362 114/197/363 104/634/364
f 103/1003/365 1645/180/366 115/1304/367 106/1377/368
f 1666/1493/369 1651/825/370 1653/1560/371 1655/2293/372
f 1658/109/373 1656/1925/374 1654/1192/375 1659/1215/376
f 1685/2540/377 135/1986/378 120/2400/379 1660/847/380
f 1692/1837/381 1662/1582/382 1664/2316/383 1668/2224/384
f 194/1394/385 2483/1601/386 122/586/387 1663/133/388
f 1687/732/389 1686/2176/390 1652/457/391 1665/1859/392
f 1681/1076/393 1673/2246/394 1671/1516/395 1669/779/396
f 1674/1882/397 1675/434/398 1672/1146/399 197/677/400
f 1760/174/401 1758/1987/402 174/2263/403 143/2377/404
f 1700/660/405 1697/293/406 173/78/407 199/1417/408
f 1695/1123/409 1683/1813/410 1679/1903/411 1677/1168/412
f 201/2146/413 1678/802/414 129/2332/415 196/2123/416
f 1691/2201/417 1680/1538/418 1670/412/419 1690/1099/420
f 199/1417/421 192/2217/422 1661/1947/423 1757/2356/424
f 144/2008/425 136/1622/426 167/427/427 1743/1331/428
f 174/2263/429 120/2400/430 135/1986/431 143/2377/432
f 1678/802/433 1682/709/434 140/543/435 129/2332/436
f 124/1330/437 128/245/438 147/2286/439 146/1185/440
f 1696/755/441 1698/2470/442 144/2008/443 1743/1331/444
f 1675/434/445 1689/1471/446 1688/366/447 1672/1146/448
f 130/1963/449 127/610/450 141/1644/451 145/1553/452
f 1663/133/453 122/586/454 131/520/455 1667/39/456
f 117/2034/457 138/2355/458 139/908/459 121/956/460
f 1727/2106/461 167/427/462 136/1622/463 2183/76/464
f 1659/1215/465 1654/1192/466 1684/1448/467 133/1256/468
f 123/1692/469 137/173/470 132/149/471 119/220/472
f 1680/1538/473 202/1780/474 200/1045/475 1670/412/476
f 140/543/477 203/335/478 196/2123/479 129/2332/480
f 1665/1859/481 1652/457/482 193/1757/483 195/2486/484
f 118/1668/485 1661/1947/486 192/2217/487 191/33/488
f 131/520/489 122/586/490 2483/1601/491 204/2510/492
f 1676/61/493 198/310/494 1752/2333/495 1754/521/496
f 1694/17/497 185/382/498 2186/447/499 214/2073/500
f 198/310/501 1693/390/502 1750/1599/503 1752/2333/504
f 142/1280/505 125/2423/506 1753/887/507 1755/1623/508
f 1709/2153/509 1718/611/510 2187/1551/511 153/1940/512
f 1714/1693/513 1710/1788/514 1707/1424/515 1706/317/516
f 2190/1916/517 1770/2287/518 1766/819/519 1768/1554/520
f 228/559/521 156/2309/522 1756/1257/523 1705/684/524
f 1717/980/525 157/862/526 1699/1028/527 2188/1183/528
f 1701/1764/529 216/262/530 215/628/531 207/1806/532
f 1763/450/533 1751/150/534 149/472/535 1764/79/536
f 1704/2130/537 206/701/538 216/262/539 1701/1764/540
f 211/1710/541 151/1207/542 150/102/543 1708/1052/544
f 1708/1052/545 150/102/546 210/604/547 217/1371/548
f 1765/1186/549 2185/816/550 158/496/551 1715/246/552
f 1769/103/553 1761/2264/554 155/125/555 2189/2284/556
f 152/840/557 1702/1401/558 1777/1487/559 1778/1117/560
f 2191/470/561 1720/1355/562 1784/773/563 1785/1876/564
f 1703/2493/565 1762/1898/566 1712/2517/567 1711/342/568
f 205/1069/569 213/2440/570 1716/2424/571 1713/2057/572
f 148/1918/573 1703/2493/574 1711/342/575 1776/1941/576
f 1719/1717/577 1721/2447/578 1782/34/579 1783/1140/580
f 223/1021/581 1779/2218/582 230/1298/583 154/1575/584
f 219/2097/585 232/2026/586 161/772/587 222/2463/588
f 225/190/589 229/1662/590 162/405/591 1773/1576/592
f 1775/2310/593 163/1510/594 231/2393/595 224/653/596
f 1773/1576/597 162/405/598 159/1598/599 221/285/600
f 220/1733/601 160/1231/602 163/1510/603 1775/2310/604
f 154/1575/605 230/1298/606 229/1662/607 225/190/608
f 1666/1493/609 1655/2293/610 1724/269/611 1722/2080/612
f 1658/109/613 1726/1004/614 1725/1378/615 1656/1925/616
f 1692/1837/617 1668/2224/618 1731/2009/619 1729/1281/620
f 194/1394/621 1730/909/622 169/1161/623 2483/1601/624
f 1746/126/625 1732/1645/626 1723/636/627 1745/497/628
f 1681/1076/629 1734/2378/630 1736/565/631 1673/2246/632
f 1674/1882/633 197/677/634 1737/1669/635 126/2056/636
f 1700/660/637 199/1417/638 1757/2357/639 1759/544/640
f 1695/1123/641 1738/1305/642 1740/2035/643 1683/1813/644
f 201/2146/645 196/2123/646 176/449/647 1739/2401/648
f 1749/1964/649 1748/863/650 1735/934/651 1741/587/652
f 199/1417/653 173/80/654 1728/1740/655 192/2217/656
f 1739/2401/657 176/449/658 183/2194/659 1742/221/660
f 171/1897/661 187/1116/662 188/748/663 175/818/664
f 126/2056/665 1737/1669/666 1747/1232/667 2184/2260/668
f 177/2533/669 186/10/670 184/1830/671 172/1531/672
f 1730/909/673 1733/198/674 178/2169/675 169/1161/676
f 164/1139/677 168/54/678 182/1092/679 181/1464/680
f 1726/1004/681 134/886/682 1744/957/683 1725/1378/684
f 170/795/685 166/1875/686 179/725/687 180/359/688
f 1741/587/689 1735/934/690 200/1045/691 202/1780/692
f 183/2194/693 176/449/694 196/2123/695 203/335/696
f 1732/1645/697 195/2486/698 193/1757/699 1723/636/700
f 165/2239/701 191/33/702 192/2217/703 1728/1740/704
f 178/2169/705 204/2510/706 2483/1601/707 169/1161/708
f 1714/1693/709 1706/317/710 1767/1919/711 1771/841/712
f 1763/451/713 207/1806/714 215/628/715 1751/151/716
f 212/1348/717 218/996/718 208/1441/719 209/973/720
f 218/996/721 217/1371/722 210/604/723 208/1441/724
f 1780/1853/725 1781/406/726 1774/1208/727 1772/473/728
f 226/2372/729 227/924/730 1782/34/731 1721/2447/732
f 219/2098/733 224/653/734 231/2393/735 232/2027/736
f 1854/2394/737 1857/120/738 1860/490/739 1850/925/740
f 275/1134/741 338/1996/742 337/2366/743 276/766/744
f 1787/55/745 242/1592/746 1805/11/747 1795/1442/748
f 1795/1442/749 1805/11/750 1804/1465/751 1794/336/752
f 1794/336/753 1804/1465/754 1803/1831/755 1793/702/756
f 245/880/757 1801/1093/758 316/2140/759 317/695/760
f 1793/702/761 1803/1831/762 1802/726/763 1792/1162/764
f 250/1980/765 1797/2170/766 320/1062/767 312/671/768
f 1792/1162/769 1802/726/770 246/514/771 1791/1532/772
f 1844/1275/773 1843/1639/774 319/1434/775 351/2411/776
f 1791/1532/777 246/514/778 1800/2534/779 1790/428/780
f 1790/428/781 1800/2534/782 244/2326/783 1789/796/784
f 1798/1807/785 1799/360/786 318/328/787 472/501/788
f 1789/796/789 244/2326/790 390/1128/791 1788/2240/792
f 248/1249/793 249/2349/794 313/1774/795 314/1411/796
f 1801/1093/797 247/1616/798 315/2504/799 316/2140/800
f 1799/360/801 245/880/802 317/695/803 318/328/804
f 249/2349/805 250/1980/806 312/671/807 313/1774/808
f 276/766/809 337/2366/810 336/279/811 277/1869/812
f 277/1869/813 336/279/814 335/647/815 278/1504/816
f 278/1504/817 335/647/818 334/2090/819 279/49/820
f 279/49/821 334/2090/822 332/1366/823 280/2234/824
f 270/119/825 1842/538/826 1841/904/827 243/143/828
f 247/1616/829 248/1249/830 314/1411/831 315/2504/832
f 280/2234/833 332/1366/834 333/2457/835 1852/1663/836
f 274/27/837 1820/678/838 338/1996/839 275/1134/840
f 269/489/841 1809/2464/842 1810/2099/843 234/214/844
f 235/1322/845 1811/654/846 1812/286/847 236/950/848
f 241/1957/849 1813/1395/850 1814/1022/851 233/580/852
f 240/2417/853 1815/2124/854 1813/1395/855 241/1957/856
f 239/238/857 1816/1758/858 1815/2124/859 240/2417/860
f 238/1686/861 1817/311/862 1816/1758/863 239/238/864
f 237/2051/865 1818/2487/866 1817/311/867 238/1686/868
f 236/950/869 1812/286/870 1818/2487/871 237/2051/872
f 1819/1046/873 1811/654/874 235/1322/875 380/1564/876
f 1827/2418/877 1828/2052/878 258/813/879 271/1225/880
f 1808/383/881 252/167/882 262/2281/883 261/96/884
f 257/1179/885 1854/2395/886 259/1913/887 263/835/888
f 256/1638/889 257/1179/890 263/835/891 264/467/892
f 255/2002/893 256/1638/894 264/467/895 265/1570/896
f 254/903/897 255/2002/898 265/1570/899 266/1202/900
f 253/1274/901 254/903/902 266/1202/903 267/2303/904
f 252/167/905 253/1274/906 267/2303/907 262/2281/908
f 407/1451/909 1808/383/910 261/96/911 416/1475/912
f 1835/263/913 1836/2441/914 1840/1372/915 432/688/916
f 1808/384/917 407/1452/918 418/641/919 1837/997/920
f 1806/2195/921 1807/749/922 268/1935/923 281/789/924
f 1850/926/925 1827/2418/926 271/1225/927 1845/2373/928
f 283/1526/929 285/2257/930 1809/2464/931 269/489/932
f 1786/1511/933 1842/538/934 270/119/935 284/1156/936
f 282/422/937 352/2045/938 331/1727/939 273/400/940
f 1796/1070/941 1844/1275/942 351/2411/943 367/1632/944
f 1852/1663/945 333/2457/946 368/1268/947 1849/1299/948
f 1851/2028/949 1849/1299/950 282/422/951 272/857/952
f 1849/1299/953 368/1268/954 352/2045/955 282/422/956
f 1822/1418/957 1806/2195/958 281/789/959 1824/2147/960
f 272/857/961 282/422/962 273/400/963 260/1548/964
f 251/537/965 274/27/966 275/1134/967 1829/605/968
f 1831/1349/969 280/2234/970 1852/1663/971 1855/951/972
f 1830/239/973 279/49/974 280/2234/975 1831/1349/976
f 1832/974/977 278/1504/978 279/49/979 1830/239/980
f 1833/2074/981 277/1869/982 278/1504/983 1832/974/984
f 1834/1711/985 276/766/986 277/1869/987 1833/2074/988
f 1829/605/989 275/1134/990 276/766/991 1834/1711/992
f 1797/2170/993 1796/1070/994 367/1632/995 320/1062/996
f 242/1592/997 1787/55/998 1786/1511/999 284/1156/1000
f 347/944/1001 1835/263/1002 432/688/1003 1839/1734/1004
f 233/580/1005 1814/1022/1006 285/2257/1007 283/1526/1008
f 1854/2395/1009 1850/926/1010 1845/2373/1011 259/1913/1012
f 287/444/1013 1853/215/1014 1858/2304/1015 1856/581/1016
f 290/1799/1017 1859/858/1018 1847/560/1019 1861/1593/1020
f 1848/191/1021 289/2163/1022 292/2526/1023 1846/2003/1024
f 288/72/1025 286/1892/1026 293/1086/1027 291/352/1028
f 1921/2091/1029 1917/2188/1030 1927/1752/1031 1924/2458/1032
f 357/508/1033 358/137/1034 337/2366/1035 338/1996/1036
f 1863/2327/1037 1871/168/1038 1881/2282/1039 303/2211/1040
f 1871/168/1041 1870/1617/1042 1880/1180/1043 1881/2282/1044
f 1870/1617/1045 1869/1981/1046 1879/1549/1047 1880/1180/1048
f 306/1015/1049 317/695/1050 316/2140/1051 1877/814/1052
f 1869/1981/1053 1868/881/1054 1878/445/1055 1879/1549/1056
f 311/1038/1057 312/671/1058 320/1062/1059 1873/1893/1060
f 1868/881/1061 1867/1250/1062 307/2117/1063 1878/445/1064
f 1911/2527/1065 351/2411/1066 319/1434/1067 1910/1435/1068
f 1867/1250/1069 1866/144/1070 1876/2258/1071 307/2117/1072
f 1866/144/1073 1865/515/1074 305/1388/1075 1876/2258/1076
f 1874/1527/1077 472/501/1078 318/328/1079 1875/73/1080
f 1865/515/1081 1864/1958/1082 457/2381/1083 305/1388/1084
f 309/304/1085 314/1411/1086 313/1774/1087 310/2480/1088
f 1877/814/1089 316/2140/1090 315/2504/1091 308/1751/1092
f 1875/73/1093 318/328/1094 317/695/1095 306/1015/1096
f 310/2480/1097 313/1774/1098 312/671/1099 311/1038/1100
f 358/137/1101 359/1243/1102 336/279/1103 337/2366/1104
f 359/1243/1105 360/874/1106 335/647/1107 336/279/1108
f 360/874/1109 361/1974/1110 334/2090/1111 335/647/1112
f 361/1974/1113 362/1610/1114 332/1366/1115 334/2090/1116
f 350/1315/1117 304/1846/1118 1908/696/1119 1909/1800/1120
f 308/1751/1121 315/2504/1122 314/1411/1123 309/304/1124
f 362/1610/1125 1919/377/1126 333/2457/1127 332/1366/1128
f 356/1951/1129 357/508/1130 338/1996/1131 1820/678/1132
f 349/1679/1133 295/1824/1134 1886/836/1135 1885/1203/1136
f 296/1458/1137 297/4/1138 1888/1571/1139 1887/1936/1140
f 302/1110/1141 294/719/1142 1890/743/1143 1889/1111/1144
f 301/1480/1145 302/1110/1146 1889/1111/1147 1891/1847/1148
f 300/376/1149 301/1480/1150 1891/1847/1151 1892/1481/1152
f 299/742/1153 300/376/1154 1892/1481/1155 1893/28/1156
f 298/2187/1157 299/742/1158 1893/28/1159 1894/2212/1160
f 297/4/1161 298/2187/1162 1894/2212/1163 1888/1571/1164
f 1895/767/1165 447/273/1166 296/1458/1167 1887/1936/1168
f 503/1857/1169 1838/629/1170 1823/2511/1171 1821/1781/1172
f 1896/401/1173 353/1586/1174 328/2434/1175 1897/1505/1176
f 1884/97/1177 340/184/1178 341/1292/1179 322/231/1180
f 327/256/1181 342/918/1182 329/990/1183 1921/2092/1184
f 326/1704/1185 343/2019/1186 342/918/1187 327/256/1188
f 325/2067/1189 344/1656/1190 343/2019/1191 326/1704/1192
f 324/967/1193 345/208/1194 344/1656/1195 325/2067/1196
f 323/1342/1197 346/2387/1198 345/208/1199 324/967/1200
f 322/231/1201 341/1292/1202 346/2387/1203 323/1342/1204
f 484/800/1205 502/753/1206 340/184/1207 1884/97/1208
f 1904/790/1209 523/2538/1210 1907/1063/1211 1905/329/1212
f 1884/98/1213 1906/2505/1214 507/777/1215 484/803/1216
f 1882/1914/1217 363/161/1218 348/574/1219 1883/468/1220
f 1917/2189/1221 1912/2164/1222 353/1586/1223 1896/401/1224
f 365/897/1225 349/1679/1226 1885/1203/1227 369/807/1228
f 1862/1226/1229 366/531/1230 350/1315/1231 1909/1800/1232
f 364/2343/1233 355/2320/1234 331/1727/1235 352/2045/1236
f 1872/2350/1237 367/1632/1238 351/2411/1239 1911/2527/1240
f 1919/377/1241 1916/1087/1242 368/1268/1243 333/2457/1244
f 1918/1825/1245 354/1219/1246 364/2343/1247 1916/1087/1248
f 1916/1087/1249 364/2343/1250 352/2045/1251 368/1268/1252
f 339/553/1253 1825/1687/1254 363/161/1255 1882/1914/1256
f 354/1219/1257 330/621/1258 355/2320/1259 364/2343/1260
f 321/598/1261 1898/1135/1262 357/508/1263 356/1951/1264
f 1900/1870/1265 1922/1728/1266 1919/377/1267 362/1610/1268
f 1899/2235/1269 1900/1870/1270 362/1610/1271 361/1974/1272
f 1901/423/1273 1899/2235/1274 361/1974/1275 360/874/1276
f 1902/50/1277 1901/423/1278 360/874/1279 359/1243/1280
f 1903/1157/1281 1902/50/1282 359/1243/1283 358/137/1284
f 1898/1135/1285 1903/1157/1286 358/137/1287 357/508/1288
f 1873/1893/1289 320/1062/1290 367/1632/1291 1872/2350/1292
f 303/2211/1293 366/531/1294 1862/1226/1295 1863/2327/1296
f 1826/1323/1297 506/2222/1298 523/2538/1299 1904/790/1300
f 294/719/1301 365/897/1302 369/807/1303 1890/743/1304
f 1921/2092/1305 329/990/1306 1912/2164/1307 1917/2189/1308
f 371/1542/1309 1923/280/1310 1925/1016/1311 1920/5/1312
f 374/1907/1313 1928/1389/1314 1914/353/1315 1926/648/1316
f 1915/1459/1317 1913/720/1318 376/90/1319 373/2274/1320
f 372/1172/1321 375/461/1322 377/1196/1323 370/438/1324
f 1991/1173/1325 1987/2251/1326 1997/830/1327 1994/1543/1328
f 425/1406/1329 426/1032/1330 492/1190/1331 493/2291/1332
f 1930/2118/1333 1937/1316/1334 1946/1343/1335 388/394/1336
f 1937/1316/1337 1936/1775/1338 1945/1705/1339 1946/1343/1340
f 1936/1775/1341 1935/2141/1342 1944/599/1343 1945/1705/1344
f 392/1863/1345 470/2314/1346 469/131/1347 1942/2412/1348
f 1935/2141/1349 1934/1039/1350 1943/968/1351 1944/599/1352
f 397/1886/1353 465/1213/1354 474/1237/1355 1939/2046/1356
f 1934/1039/1357 1933/1412/1358 393/416/1359 1943/968/1360
f 1981/1611/1361 510/1144/1362 473/1604/1363 1980/509/1364
f 1933/1412/1365 1932/305/1366 1941/232/1367 393/416/1368
f 1932/305/1369 1931/672/1370 391/2228/1371 1941/232/1372
f 1798/1807/1373 472/501/1374 471/868/1375 1940/1680/1376
f 1931/672/1377 1788/2240/1378 390/1128/1379 391/2228/1380
f 395/1150/1381 467/1945/1382 466/845/1383 396/783/1384
f 1942/2412/1385 469/131/1386 468/1580/1387 394/43/1388
f 1940/1680/1389 471/868/1390 470/2314/1391 392/1863/1392
f 396/783/1393 466/845/1394 465/1213/1395 397/1886/1396
f 426/1032/1397 427/2134/1398 491/1558/1399 492/1190/1400
f 427/2134/1401 428/1767/1402 490/455/1403 491/1558/1404
f 428/1767/1405 429/322/1406 489/823/1407 490/455/1408
f 429/322/1409 430/2497/1410 487/84/1411 489/823/1412
f 420/1382/1413 389/1498/1414 1978/2321/1415 1979/875/1416
f 394/43/1417 468/1580/1418 467/1945/1419 395/1150/1420
f 430/2497/1421 1989/439/1422 488/2268/1423 487/84/1424
f 424/298/1425 425/1406/1426 493/2291/1427 1960/2367/1428
f 419/1745/1429 379/1929/1430 1951/1367/1431 1950/257/1432
f 381/113/1433 382/2297/1434 1953/532/1435 1952/991/1436
f 387/760/1437 378/829/1438 1955/1269/1439 1954/162/1440
f 386/2205/1441 387/760/1442 1954/162/1443 1956/898/1444
f 385/21/1445 386/2205/1446 1956/898/1447 1957/1997/1448
f 384/483/1449 385/21/1450 1957/1997/1451 1958/1633/1452
f 383/851/1453 384/483/1454 1958/1633/1455 1959/185/1456
f 382/2297/1457 383/851/1458 1959/185/1459 1953/532/1460
f 1819/1046/1461 380/1564/1462 381/113/1463 1952/991/1464
f 1967/575/1465 421/2474/1466 405/713/1467 1968/209/1468
f 1949/622/1469 409/2180/1470 410/1818/1471 399/65/1472
f 404/2157/1473 411/370/1474 406/346/1475 1991/1175/1476
f 403/2520/1477 412/2544/1478 411/370/1479 404/2157/1480
f 402/1428/1481 413/1103/1482 412/2544/1483 403/2520/1484
f 401/1793/1485 414/736/1486 413/1103/1487 402/1428/1488
f 400/2250/1489 415/1840/1490 414/736/1491 401/1793/1492
f 399/65/1493 410/1818/1494 415/1840/1495 400/2250/1496
f 407/1451/1497 416/1475/1498 409/2180/1499 1949/622/1500
f 1975/1952/1501 432/688/1502 1840/1372/1503 1976/1587/1504
f 1949/623/1505 1977/138/1506 418/641/1507 407/1452/1508
f 1947/2435/1509 431/1056/1510 417/1009/1511 1948/2068/1512
f 1987/2253/1513 1982/1244/1514 421/2474/1515 1967/575/1516
f 434/2405/1517 419/1745/1518 1950/257/1519 436/592/1520
f 1929/2481/1521 435/961/1522 420/1382/1523 1979/875/1524
f 433/225/1525 423/665/1526 486/1536/1527 511/2244/1528
f 1938/945/1529 527/1469/1530 510/1144/1531 1981/1611/1532
f 1989/439/1533 1986/1151/1534 528/1097/1535 488/2268/1536
f 1988/1887/1537 422/2111/1538 433/225/1539 1986/1151/1540
f 1986/1151/1541 433/225/1542 511/2244/1543 528/1097/1544
f 1962/554/1545 1964/1293/1546 431/1056/1547 1947/2435/1548
f 422/2111/1549 408/1080/1550 423/665/1551 433/225/1552
f 398/1520/1553 1969/2298/1554 425/1406/1555 424/298/1556
f 1971/484/1557 1992/808/1558 1989/439/1559 430/2497/1560
f 1970/1930/1561 1971/484/1562 430/2497/1563 429/322/1564
f 1972/114/1565 1970/1930/1566 429/322/1567 428/1767/1568
f 1973/1220/1569 1972/114/1570 428/1767/1571 427/2134/1572
f 1974/852/1573 1973/1220/1574 427/2134/1575 426/1032/1576
f 1969/2298/1577 1974/852/1578 426/1032/1579 425/1406/1580
f 1939/2046/1581 474/1237/1582 527/1469/1583 1938/945/1584
f 388/394/1585 435/961/1586 1929/2481/1587 1930/2118/1588
f 504/1491/1589 1839/1734/1590 432/688/1591 1975/1952/1592
f 378/829/1593 434/2405/1594 436/592/1595 1955/1269/1596
f 1991/1175/1597 406/346/1598 1982/1244/1599 1987/2253/1600
f 438/1335/1601 1993/1908/1602 1995/91/1603 1990/66/1604
f 441/615/1605 1998/462/1606 1984/1975/1607 1996/2275/1608
f 1985/1521/1609 1983/2344/1610 443/1359/1611 440/2061/1612
f 439/2428/1613 442/250/1614 444/984/1615 437/1698/1616
f 2054/128/1617 2057/1966/1618 2060/2335/1619 2050/1210/1620
f 516/1786/1621 493/2291/1622 492/1190/1623 517/340/1624
f 2000/1197/1625 455/1650/1626 2016/417/1627 2007/395/1628
f 2007/395/1629 2016/417/1630 2015/784/1631 2006/1841/1632
f 2006/1841/1633 2015/784/1634 2014/2229/1635 2005/2206/1636
f 459/568/1637 2012/1499/1638 469/131/1639 470/2314/1640
f 2005/2206/1641 2014/2229/1642 2013/44/1643 2004/1104/1644
f 464/1673/1645 2009/1129/1646 474/1237/1647 465/1213/1648
f 2004/1104/1649 2013/44/1650 460/202/1651 2003/1476/1652
f 2044/2475/1653 2043/299/1654 473/1604/1655 510/1144/1656
f 2003/1476/1657 460/202/1658 2011/1864/1659 2002/371/1660
f 2002/371/1661 2011/1864/1662 458/2013/1663 2001/737/1664
f 1874/1527/1665 2010/761/1666 471/868/1667 472/501/1668
f 2001/737/1669 458/2013/1670 457/2381/1671 1864/1958/1672
f 462/938/1673 463/2039/1674 466/845/1675 467/1945/1676
f 2012/1499/1677 461/1309/1678 468/1580/1679 469/131/1680
f 2010/761/1681 459/568/1682 470/2314/1683 471/868/1684
f 463/2039/1685 464/1673/1686 465/1213/1687 466/845/1688
f 517/340/1689 492/1190/1690 491/1558/1691 518/2515/1692
f 518/2515/1693 491/1558/1694 490/455/1695 519/1074/1696
f 519/1074/1697 490/455/1698 489/823/1699 520/707/1700
f 520/707/1701 489/823/1702 487/84/1703 521/1811/1704
f 509/1514/1705 2042/1746/1706 2041/2112/1707 456/1285/1708
f 461/1309/1709 462/938/1710 467/1945/1711 468/1580/1712
f 521/1811/1713 487/84/1714 488/2268/1715 2052/1943/1716
f 515/2151/1717 1960/2367/1718 493/2291/1719 516/1786/1720
f 508/410/1721 2020/323/1722 2021/1429/1723 446/1721/1724
f 448/2451/1725 2022/1057/1726 2023/2158/1727 449/1990/1728
f 454/547/1729 2024/1794/1730 2025/347/1731 445/2084/1732
f 453/912/1733 2026/2521/1734 2024/1794/1735 454/547/1736
f 452/2360/1737 2027/1081/1738 2026/2521/1739 453/912/1740
f 451/177/1741 2028/714/1742 2027/1081/1743 452/2360/1744
f 450/1627/1745 2029/1819/1746 2028/714/1747 451/177/1748
f 449/1990/1749 2023/2158/1750 2029/1819/1751 450/1627/1752
f 1895/767/1753 2022/1057/1754 448/2451/1755 447/273/1756
f 503/1857/1757 1961/919/1758 1963/1657/1759 1838/629/1760
f 2030/1454/1761 2031/2545/1762 482/59/1763 512/1880/1764
f 2019/689/1765 476/1968/1766 496/107/1767 495/477/1768
f 481/432/1769 2054/129/1770 483/1166/1771 497/2199/1772
f 480/891/1773 481/432/1774 497/2199/1775 498/1835/1776
f 479/1261/1777 480/891/1778 498/1835/1779 499/388/1780
f 478/155/1781 479/1261/1782 499/388/1783 500/15/1784
f 477/525/1785 478/155/1786 500/15/1787 501/1121/1788
f 476/1968/1789 477/525/1790 501/1121/1791 496/107/1792
f 484/800/1793 2019/689/1794 495/477/1795 502/753/1796
f 2038/274/1797 2039/1383/1798 1907/1063/1799 523/2538/1800
f 2019/691/1801 484/803/1802 507/777/1803 2040/1010/1804
f 2017/2498/1805 2018/2135/1806 505/37/1807 522/1446/1808
f 2050/1211/1809 2030/1454/1810 512/1880/1811 2045/1033/1812
f 525/730/1813 529/633/1814 2020/323/1815 508/410/1816
f 1999/1565/1817 2042/1746/1818 509/1514/1819 526/364/1820
f 524/2174/1821 511/2244/1822 486/1536/1823 514/1050/1824
f 2008/22/1825 2044/2475/1826 510/1144/1827 527/1469/1828
f 2052/1943/1829 488/2268/1830 528/1097/1831 2049/1578/1832
f 2051/2312/1833 2049/1578/1834 524/2174/1835 513/1422/1836
f 2049/1578/1837 528/1097/1838 511/2244/1839 524/2174/1840
f 494/1923/1841 2017/2498/1842 522/1446/1843 1965/2388/1844
f 513/1422/1845 524/2174/1846 514/1050/1847 485/1901/1848
f 475/2337/1849 515/2151/1850 516/1786/1851 2032/2181/1852
f 2034/1360/1853 521/1811/1854 2052/1943/1855 2055/1235/1856
f 2033/1722/1857 520/707/1858 521/1811/1859 2034/1360/1860
f 2035/2452/1861 519/1074/1862 520/707/1863 2033/1722/1864
f 2036/2085/1865 518/2515/1866 519/1074/1867 2035/2452/1868
f 2037/642/1869 517/340/1870 518/2515/1871 2036/2085/1872
f 2032/2181/1873 516/1786/1874 517/340/1875 2037/642/1876
f 2009/1129/1877 2008/22/1878 527/1469/1879 474/1237/1880
f 455/1650/1881 2000/1197/1882 1999/1565/1883 526/364/1884
f 1966/2020/1885 2038/274/1886 523/2538/1887 506/2222/1888
f 445/2084/1889 2025/347/1890 529/633/1891 525/730/1892
f 2054/129/1893 2050/1211/1894 2045/1033/1895 483/1166/1896
f 531/1376/1897 2053/500/1898 2058/1602/1899 2056/866/1900
f 534/1738/1901 2059/153/1902 2047/1768/1903 2061/889/1904
f 2048/1407/1905 533/2104/1906 536/2468/1907 2046/666/1908
f 532/1001/1909 530/267/1910 537/1026/1911 535/291/1912
f 748/1433/1913 612/2193/1914 539/1762/1915 613/747/1916
f 747/1798/1917 615/1485/1918 541/2491/1919 638/2532/1920
f 746/694/1921 2074/821/1922 2073/1188/1923 619/404/1924
f 745/1061/1925 2070/1900/1926 868/2427/1927 864/2519/1928
f 744/2503/1929 781/966/1930 2217/1804/1931 620/32/1932
f 743/327/1933 2076/1556/1934 2075/1921/1935 644/627/1936
f 2200/1484/1937 752/351/1938 919/1922/1939 907/1626/1940
f 2085/1489/1941 753/2433/1942 544/315/1943 768/2116/1944 769/1655/1945 760/1726/1946 761/278/1947 764/646/1948 765/1750/1949 754/2066/1950 755/620/1951
f 742/1773/1952 624/1509/1953 549/1329/1954 2201/31/1955
f 741/2139/1956 649/652/1957 552/1691/1958 625/1044/1959
f 740/1037/1960 614/381/1961 550/955/1962 777/2044/1963
f 739/1410/1964 628/1416/1965 2079/843/1966 2080/475/1967
f 738/303/1968 853/1766/1969 850/2473/1970 2072/82/1971
f 737/670/1972 630/2145/1973 2081/13/1974 2082/2197/1975
f 736/1133/1976 657/2025/1977 791/530/1978 2212/1778/1979
f 555/978/1980 920/1557/1981 919/1922/1982 752/351/1983
f 2085/1489/1984 755/620/1985 758/989/1986 767/2479/1987 766/1387/1988 763/1014/1989 762/2456/1990 771/2386/1991 770/1291/1992 772/2018/1993 2086/1119/1994
f 872/1358/1995 873/2450/1996 869/983/1997 870/614/1998 563/2354/1999 571/195/2000
f 831/1906/2001 834/712/2002 818/1497/2003 819/42/2004 860/1055/2005 566/172/2006 570/1643/2007 848/759/2008 847/1127/2009
f 574/563/2010 575/1667/2011 772/2021/2012 544/318/2013
f 735/1503/2014 633/1440/2015 598/1160/2016 658/1661/2017
f 734/399/2018 653/2122/2019 595/794/2020 661/949/2021
f 733/765/2022 855/2496/2023 851/1031/2024
f 732/2210/2025 852/664/2026 854/1405/2027 664/1321/2028
f 731/26/2029 666/2050/2030 601/448/2031 665/2416/2032
f 730/1479/2033 667/603/2034 2071/453/2035 655/309/2036
f 729/1845/2037 650/284/2038 593/53/2039 668/237/2040
f 728/741/2041 671/2072/2042 581/2308/2043 2198/746/2044
f 727/1109/2045 627/1779/2046 592/519/2047 674/879/2048
f 726/3/2049 676/1615/2050 604/817/2051 675/1979/2052
f 725/375/2053 677/166/2054 590/2331/2055 647/2462/2056
f 724/1823/2057 885/201/2058 883/2012/2059 678/2348/2060
f 723/2186/2061 882/911/2062 886/289/2063 646/493/2064
f 722/1085/2065 645/1732/2066 589/148/2067 679/902/2068
f 721/1457/2069 681/1637/2070 605/1917/2071 680/536/2072
f 720/1912/2073 682/1273/2074 588/1597/2075 2209/1415/2076
f 719/2280/2077 685/558/2078 587/1962/2079 623/1874/2080
f 718/1178/2081 867/249/2082 866/1697/2083
f 717/1547/2084 688/923/2085 584/124/2086 641/261/2087
f 716/443/2088 2208/1873/2089 585/1230/2090 689/466/2091
f 715/812/2092 691/1201/2093 608/2285/2094 690/95/2095
f 714/2256/2096 692/834/2097 865/2060/2098 863/345/2099
f 713/71/2100 695/118/2101 582/1939/2102 639/1091/2103
f 712/1525/2104 636/1805/2105 578/471/2106 696/2302/2107
f 711/1891/2108 698/488/2109 610/1463/2110 697/856/2111
f 710/788/2112 699/1591/2113 580/1206/2114 617/2216/2115
f 709/1155/2116 635/1290/2117 897/1364/2118 899/1236/2119
f 708/48/2120 700/1224/2121 900/867/2122 896/960/2123
f 707/421/2124 2064/1259/2125 2065/798/2126 701/2325/2127
f 706/1868/2128 703/513/2129 611/9/2130 702/1956/2131
f 705/2233/2132 704/142/2133 576/1303/2134 634/1068/2135
f 702/1956/2136 611/9/2137 704/142/2138 705/2233/2139
f 2067/1534/2140 702/1956/2141 705/2233/2142 2066/430/2143
f 2066/430/2144 705/2233/2145 634/1068/2146 787/1609/2147
f 2068/1164/2148 706/1868/2149 702/1956/2150 2067/1534/2151
f 2192/100/2152 2196/8/2153 2064/1259/2154 707/421/2155
f 2092/775/2156 2192/100/2157 707/421/2158 703/513/2159
f 703/513/2160 707/421/2161 701/2325/2162 611/9/2163
f 637/358/2164 579/1574/2165 700/1224/2166 708/48/2167
f 538/658/2168 637/358/2169 708/48/2170 2215/1067/2171
f 2215/1067/2172 708/48/2173 896/960/2174 898/130/2175
f 616/1115/2176 540/1399/2177 635/1290/2178 709/1155/2179
f 579/1574/2180 616/1115/2181 709/1155/2182 700/1224/2183
f 700/1224/2184 709/1155/2185 899/1236/2186 900/867/2187
f 697/856/2188 610/1463/2189 699/1591/2190 710/788/2191
f 776/943/2192 697/856/2193 710/788/2194 2083/751/2195
f 2083/751/2196 710/788/2197 617/2216/2198 2084/386/2199
f 618/1851/2200 2205/1508/2201 698/488/2202 711/1891/2203
f 2197/1114/2204 618/1851/2205 711/1891/2206 775/1314/2207
f 775/1314/2208 711/1891/2209 697/856/2210 776/943/2211
f 2096/2242/2212 2094/1513/2213 636/1805/2214 712/1525/2215
f 2205/1508/2216 2096/2242/2217 712/1525/2218 698/488/2219
f 698/488/2220 712/1525/2221 696/2302/2222 610/1463/2223
f 694/1569/2224 609/1829/2225 695/118/2226 713/71/2227
f 774/207/2228 713/71/2229 639/1091/2230 2214/2508/2231
f 690/95/2232 608/2285/2233 692/834/2234 714/2256/2235
f 779/230/2236 690/95/2237 714/2256/2238 751/718/2239
f 751/718/2240 714/2256/2241 863/345/2242 862/1792/2243
f 622/771/2244 586/861/2245 691/1201/2246 715/812/2247
f 2216/699/2248 622/771/2249 715/812/2250 778/1678/2251
f 778/1678/2252 715/812/2253 690/95/2254 779/230/2255
f 643/995/2256 788/1242/2257 2208/1873/2258 716/443/2259
f 586/861/2260 643/995/2261 716/443/2262 691/1201/2263
f 691/1201/2264 716/443/2265 689/466/2266 608/2285/2267
f 687/1297/2268 607/101/2269 688/923/2270 717/1547/2271
f 2207/2237/2272 687/1297/2273 717/1547/2274 642/2439/2275
f 642/2439/2276 717/1547/2277 641/261/2278 542/2128/2279
f 684/2001/2280 606/1552/2281 685/558/2282 719/2280/2283
f 583/495/2284 684/2001/2285 719/2280/2286 640/724/2287
f 640/724/2288 719/2280/2289 623/1874/2290 786/507/2291
f 680/536/2292 605/1917/2293 682/1273/2294 720/1912/2295
f 773/573/2296 680/536/2297 720/1912/2298 2193/2192/2299
f 2193/2192/2300 720/1912/2301 2209/1415/2302 2194/1828/2303
f 629/2509/2304 594/2238/2305 681/1637/2306 721/1457/2307
f 652/1020/2308 2218/1439/2309 645/1732/2310 722/1085/2311
f 594/2238/2312 652/1020/2313 722/1085/2314 681/1637/2315
f 681/1637/2316 722/1085/2317 679/902/2318 605/1917/2319
f 678/2348/2320 883/2012/2321 882/911/2322 723/2186/2323
f 591/885/2324 678/2348/2325 723/2186/2326 626/676/2327
f 626/676/2328 723/2186/2329 646/493/2330 551/1772/2331
f 2078/2289/2332 884/1649/2333 885/201/2334 724/1823/2335
f 2077/105/2336 2078/2289/2337 724/1823/2338 648/2096/2339
f 648/2096/2340 724/1823/2341 678/2348/2342 591/885/2343
f 675/1979/2344 604/817/2345 677/166/2346 725/375/2347
f 2206/1137/2348 675/1979/2349 725/375/2350 2095/57/2351
f 2095/57/2352 725/375/2353 647/2462/2354 2093/1878/2355
f 783/1703/2356 2210/1043/2357 676/1615/2358 726/3/2359
f 2195/380/2360 783/1703/2361 726/3/2362 2199/1850/2363
f 2199/1850/2364 726/3/2365 675/1979/2366 2206/1137/2367
f 757/1365/2368 2202/2215/2369 627/1779/2370 727/1109/2371
f 2210/1043/2372 757/1365/2373 727/1109/2374 676/1615/2375
f 676/1615/2376 727/1109/2377 674/879/2378 604/817/2379
f 749/2525/2380 728/741/2381 2198/746/2382 750/2162/2383
f 2091/1142/2384 672/1709/2385 728/741/2386 749/2525/2387
f 672/1709/2388 603/1184/2389 671/2072/2390 728/741/2391
f 782/597/2392 789/2342/2393 650/284/2394 729/1845/2395
f 669/1347/2396 729/1845/2397 668/237/2398 602/77/2399
f 665/2416/2400 601/448/2401 667/603/2402 730/1479/2403
f 597/1530/2404 665/2416/2405 730/1479/2406 656/2485/2407
f 656/2485/2408 730/1479/2409 655/309/2410 792/160/2411
f 2098/1420/2412 2087/2220/2413 666/2050/2414 731/26/2415
f 553/244/2416 2098/1420/2417 731/26/2418 632/334/2419
f 632/334/2420 731/26/2421 665/2416/2422 597/1530/2423
f 2088/1855/2424 849/297/2425 852/664/2426 732/2210/2427
f 2087/2220/2428 2088/1855/2429 732/2210/2430 666/2050/2431
f 666/2050/2432 732/2210/2433 664/1321/2434 601/448/2435
f 654/1756/2436 2219/2531/2437 653/2122/2438 734/399/2439
f 2213/333/2440 654/1756/2441 734/399/2442 662/579/2443
f 662/579/2444 734/399/2445 661/949/2446 600/1896/2447
f 651/1393/2448 790/1973/2449 633/1440/2450 735/1503/2451
f 2211/2144/2452 651/1393/2453 735/1503/2454 659/213/2455
f 659/213/2456 735/1503/2457 658/1661/2458 599/2262/2459
f 658/1661/2460 598/1160/2461 657/2025/2462 736/1133/2463
f 599/2262/2464 658/1661/2465 736/1133/2466 660/2392/2467
f 660/2392/2468 736/1133/2469 2212/1778/2470 785/873/2471
f 661/949/2472 595/794/2473 630/2145/2474 737/670/2475
f 600/1896/2476 661/949/2477 737/670/2478 663/1685/2479
f 663/1685/2480 737/670/2481 2082/2197/2482 596/426/2483
f 664/1321/2484 854/1405/2485 853/1766/2486 738/303/2487
f 601/448/2488 664/1321/2489 738/303/2490 667/603/2491
f 667/603/2492 738/303/2493 2072/82/2494 2071/453/2495
f 668/237/2496 593/53/2497 628/1416/2498 739/1410/2499
f 602/77/2500 668/237/2501 739/1410/2502 670/972/2503
f 670/972/2504 739/1410/2505 2080/475/2506 784/1341/2507
f 671/2072/2508 740/1037/2509 777/2044/2510 581/2308/2511
f 603/1184/2512 673/1248/2513 740/1037/2514 671/2072/2515
f 673/1248/2516 577/839/2517 614/381/2518 740/1037/2519
f 674/879/2520 592/519/2521 649/652/2522 741/2139/2523
f 604/817/2524 674/879/2525 741/2139/2526 677/166/2527
f 677/166/2528 741/2139/2529 625/1044/2530 590/2331/2531
f 679/902/2532 589/148/2533 624/1509/2534 742/1773/2535
f 605/1917/2536 679/902/2537 742/1773/2538 682/1273/2539
f 682/1273/2540 742/1773/2541 2201/31/2542 588/1597/2543
f 683/2371/2544 780/2410/2545 2076/1556/2546 743/327/2547
f 606/1552/2548 683/2371/2549 743/327/2550 685/558/2551
f 685/558/2552 743/327/2553 644/627/2554 587/1962/2555
f 686/189/2556 2069/2266/2557 781/966/2558 744/2503/2559
f 607/101/2560 686/189/2561 744/2503/2562 688/923/2563
f 688/923/2564 744/2503/2565 620/32/2566 584/124/2567
f 689/466/2568 585/1230/2569 2070/1900/2570 745/1061/2571
f 608/2285/2572 689/466/2573 745/1061/2574 692/834/2575
f 692/834/2576 745/1061/2577 864/2519/2578 865/2060/2579
f 693/1934/2580 2097/1784/2581 2074/821/2582 746/694/2583
f 609/1829/2584 693/1934/2585 746/694/2586 695/118/2587
f 695/118/2588 746/694/2589 619/404/2590 582/1939/2591
f 696/2302/2592 578/471/2593 615/1485/2594 747/1798/2595
f 610/1463/2596 696/2302/2597 747/1798/2598 699/1591/2599
f 699/1591/2600 747/1798/2601 638/2532/2602 580/1206/2603
f 701/2325/2604 2065/798/2605 612/2193/2606 748/1433/2607
f 611/9/2608 701/2325/2609 748/1433/2610 704/142/2611
f 704/142/2612 748/1433/2613 613/747/2614 576/1303/2615
f 810/112/2616 808/1928/2617 2220/2168/2618 548/219/2619 809/482/2620
f 807/2296/2621 806/1195/2622 547/585/2623 2102/338/2624
f 2104/1072/2625 2105/2172/2626 803/828/2627 559/2445/2628
f 2223/1462/2629 799/917/2630 2226/260/2631 2225/626/2632
f 2110/728/2633 2109/1095/2634 561/1621/2635 811/1218/2636
f 895/1334/2637 2213/333/2638 662/579/2639 887/937/2640
f 804/460/2641 876/272/2642 568/2185/2643 543/682/2644
f 814/1585/2645 813/1950/2646 846/20/2647 848/759/2648 570/1643/2649 562/1255/2650
f 801/89/2651 557/1715/2652 558/1353/2653 800/552/2654
f 2103/1444/2655 793/1267/2656 546/2033/2657 2221/723/2658
f 2062/523/2659 2063/1625/2660 2231/283/2661 2232/2461/2662
f 2106/1809/2663 2097/1784/2664 693/1934/2665 836/1450/2666
f 822/415/2667 706/1868/2668 2068/1164/2669 2108/2536/2670 821/782/2671
f 828/64/2672 827/437/2673 829/1171/2674 577/839/2675 673/1248/2676
f 893/591/2677 670/972/2678 784/1341/2679 2233/1019/2680
f 857/687/2681 600/1896/2682 663/1685/2683 855/2496/2684
f 861/2156/2685 607/101/2686 687/1297/2687 816/2319/2688 817/1862/2689
f 841/1474/2690 683/2371/2691 606/1552/2692 842/1102/2693
f 875/640/2694 874/2083/2695 572/1108/2696 564/1985/2697
f 2203/770/2698 2204/403/2699 556/609/2700 797/183/2701
f 820/2227/2702 844/1839/2703 856/2133/2704 567/1279/2705 575/1667/2706 574/563/2707 566/172/2708 860/1055/2709
f 836/1450/2710 693/1934/2711 609/1829/2712 838/2179/2713
f 2227/1370/2714 782/597/2715 729/1845/2716 669/1347/2717 879/2110/2718 881/1284/2719
f 855/2496/2720 663/1685/2721 596/426/2722 631/700/2723 851/1031/2724
f 2090/36/2725 826/1885/2726 825/2249/2727 672/1709/2728 2091/1142/2729
f 838/2179/2730 609/1829/2731 694/1569/2732 835/1817/2733
f 891/2404/2734 602/77/2735 670/972/2736 893/591/2737
f 2234/651/2738 2211/2144/2739 659/213/2740 890/1308/2741
f 2101/705/2742 621/1138/2743 867/249/2744
f 833/1079/2745 694/1569/2746 713/71/2747 774/207/2748 2228/994/2749 832/1541/2750
f 892/2038/2751 660/2392/2752 785/873/2753 2229/2095/2754
f 2222/357/2755 629/2509/2756 721/1457/2757 843/2204/2758 845/393/2759
f 2089/408/2760 2092/775/2761 703/513/2762 706/1868/2763 822/415/2764
f 878/1008/2765 669/1347/2766 602/77/2767 891/2404/2768
f 870/614/2769 871/1720/2770 573/932/2771 563/2354/2772
f 815/136/2773 823/1519/2774 872/1358/2775 571/195/2776 567/1279/2777 856/2133/2778 859/1427/2779 894/224/2780 880/1744/2781
f 824/1149/2782 828/64/2783 673/1248/2784 603/1184/2785
f 835/1817/2786 694/1569/2787 833/1079/2788
f 2230/1731/2789 780/2410/2790 683/2371/2791 841/1474/2792
f 798/2365/2793 2224/1090/2794 794/896/2795 759/2089/2796
f 812/850/2797 795/1995/2798 569/2007/2799 565/542/2800
f 825/2249/2801 824/1149/2802 603/1184/2803 672/1709/2804
f 842/1102/2805 606/1552/2806 684/2001/2807 840/369/2808
f 816/2319/2809 687/1297/2810 2207/2237/2811 839/735/2812
f 2100/2149/2813 802/2273/2814 560/2078/2815 2099/2513/2816
f 867/249/2817 621/1138/2818 2069/2266/2819 686/189/2820 866/1697/2821
f 871/1720/2822 812/850/2823 565/542/2824 573/932/2825
f 851/1031/2826 631/700/2827 2107/362/2828
f 890/1308/2829 659/213/2830 599/2262/2831 889/1672/2832
f 887/937/2833 662/579/2834 600/1896/2835 857/687/2836 858/321/2837
f 874/2083/2838 814/1585/2839 562/1255/2840 572/1108/2841
f 876/272/2842 875/640/2843 564/1985/2844 568/2185/2845
f 889/1672/2846 599/2262/2847 660/2392/2848 892/2038/2849
f 795/1995/2850 796/2030/2851 554/2422/2852 569/2007/2853
f 840/369/2854 684/2001/2855 583/495/2856 837/2543/2857
f 843/2204/2858 721/1457/2859 680/536/2860 773/573/2861 830/806/2862
f 866/1697/2863 686/189/2864 607/101/2865 861/2156/2866
f 805/1563/2867 545/2399/2868 756/255/2869 877/1381/2870
f 1110/2277/2871 977/1690/2872 901/1967/2873 2134/1327/2874
f 1109/93/2875 1002/931/2876 903/154/2877 979/2421/2878
f 1108/1545/2879 982/243/2880 904/2336/2881 1141/1083/2882
f 1107/1910/2883 1230/2294/2884 2169/1595/2885 2138/242/2886
f 1106/810/2887 983/1352/2888 2131/953/2889 2132/583/2890
f 1105/1176/2891 1007/954/2892 1152/1843/2893 1143/1821/2894
f 2236/1392/2895 907/1626/2896 919/1922/2897 1117/486/2898
f 2139/1351/2899 1120/854/2900 1119/1222/2901 1129/786/2902 1128/2231/2903 1125/1866/2904 1124/763/2905 1133/2254/2906 1132/1153/2907 908/1260/2908 1118/116/2909
f 1104/1635/2910 986/1714/2911 912/176/2912 987/266/2913
f 1103/1999/2914 988/2444/2915 915/454/2916 1014/1229/2917
f 1102/900/2918 1139/349/2919 913/2267/2920 978/1328/2921
f 1101/1271/2922 1147/739/2923 916/83/2924 991/1737/2925
f 1100/164/2926 2245/1319/2927 1216/1264/2928 1219/1539/2929
f 1099/534/2930 1150/1106/2931 917/1189/2932 993/907/2933
f 1098/1977/2934 2153/2375/2935 1156/1748/2936 1019/1254/2937
f 921/106/2938 1117/486/2939 919/1922/2940 920/1557/2941
f 2139/1351/2942 2140/976/2943 1136/68/2944 1134/1889/2945 1135/441/2946 1126/1501/2947 1127/46/2948 1130/419/2949 1131/1523/2950 1122/24/2951 1120/854/2952
f 1238/1124/2953 937/1879/2954 929/1490/2955 1236/391/2956 1235/756/2957 1239/2225/2958
f 1197/1676/2959 1213/894/2960 1214/528/2961 936/776/2962 932/1856/2963 1226/826/2964 1185/2363/2965 1184/276/2966 1200/2042/2967
f 940/2243/2968 908/1265/2969 1136/69/2970 941/799/2971
f 1097/2346/2972 1020/884/2973 963/657/2974 995/1642/2975
f 1096/1246/2976 1023/171/2977 959/752/2978 1016/1961/2979
f 1095/1613/2980 1217/804/2981 1221/2271/2982
f 1094/511/2983 1026/2166/2984 1220/1169/2985 1218/435/2986
f 1093/877/2987 1027/722/2988 966/1025/2989 1028/355/2990
f 1092/2323/2991 2156/193/2992 961/2467/2993 1029/1461/2994
f 1091/140/2995 1030/1089/2996 957/14/2997 1015/2330/2998
f 1090/1589/2999 1114/1199/3000 1140/2523/3001 1033/379/3002
f 1089/1954/3003 1036/745/3004 956/1468/3005 990/632/3006
f 1088/2414/3007 1037/1849/3008 969/314/3009 1038/1483/3010
f 1087/234/3011 1012/494/3012 954/729/3013 1039/30/3014
f 1086/1682/3015 1040/2214/3016 1249/1789/3017 1250/1425/3018
f 1085/2048/3019 1011/1816/3020 1251/793/3021 1248/2247/3022
f 1084/947/3023 1041/1754/3024 953/1096/3025 1010/2307/3026
f 1083/1318/3027 1042/1391/3028 970/2490/3029 1043/2483/3030
f 1082/211/3031 1009/123/3032 2242/2024/3033 1044/2120/3034
f 1081/577/3035 985/2077/3036 952/2537/3037 1047/1414/3038
f 1080/2022/3039 1233/18/3040 1234/2202/3041
f 1079/2390/3042 1004/1666/3043 950/1810/3044 1050/1777/3045
f 1078/1295/3046 1051/331/3047 2137/607/3048 1005/218/3049
f 1077/1659/3050 1052/2507/3051 973/1785/3052 1053/1065/3053
f 1076/556/3054 1229/110/3055 1232/480/3056 1054/698/3057
f 1075/921/3058 1003/2032/3059 947/1445/3060 1057/970/3061
f 1074/2369/3062 1058/601/3063 944/1165/3064 1000/194/3065
f 1073/187/3066 1059/1707/3067 975/2514/3068 1060/1345/3069
f 1072/650/3070 981/608/3071 946/339/3072 1061/2437/3073
f 1071/1018/3074 1264/1472/3075 1263/2261/3076 999/2109/3077
f 1070/2460/3078 1262/733/3079 1265/1005/3080 1062/2070/3081
f 1069/282/3082 1063/624/3083 2133/1689/3084 997/2376/3085
f 1068/1730/3086 1064/259/3087 976/2150/3088 1065/1369/3089
f 1067/2093/3090 998/2006/3091 942/431/3092 1066/993/3093
f 1064/259/3094 1067/2093/3095 1066/993/3096 976/2150/3097
f 949/2173/3098 2130/2397/3099 1067/2093/3100 1064/259/3101
f 2130/2397/3102 2129/217/3103 998/2006/3104 1067/2093/3105
f 2167/860/3106 949/2173/3107 1064/259/3108 1068/1730/3109
f 2112/1467/3110 1069/282/3111 997/2376/3112 2115/1736/3113
f 2119/656/3114 1065/1369/3115 1069/282/3116 2112/1467/3117
f 1065/1369/3118 976/2150/3119 1063/624/3120 1069/282/3121
f 1001/1302/3122 1070/2460/3123 1062/2070/3124 945/706/3125
f 2246/948/3126 996/1278/3127 1070/2460/3128 1001/1302/3129
f 996/1278/3130 2262/165/3131 1262/733/3132 1070/2460/3133
f 980/2055/3134 1071/1018/3135 999/2109/3136 902/1603/3137
f 945/706/3138 1062/2070/3139 1071/1018/3140 980/2055/3141
f 1062/2070/3142 1265/1005/3143 1264/1472/3144 1071/1018/3145
f 1059/1707/3146 1072/650/3147 1061/2437/3148 975/2514/3149
f 1138/1796/3150 1113/1567/3151 1072/650/3152 1059/1707/3153
f 1113/1567/3154 2235/1755/3155 981/608/3156 1072/650/3157
f 2136/2054/3158 1073/187/3159 1060/1345/3160 2124/1760/3161
f 1112/464/3162 2239/675/3163 1073/187/3164 2136/2054/3165
f 2239/675/3166 1138/1796/3167 1059/1707/3168 1073/187/3169
f 2122/1024/3170 1074/2369/3171 1000/194/3172 2148/2352/3173
f 2124/1760/3174 1060/1345/3175 1074/2369/3176 2122/1024/3177
f 1060/1345/3178 975/2514/3179 1058/601/3180 1074/2369/3181
f 1056/1437/3182 1075/921/3183 1057/970/3184 974/1421/3185
f 2247/2049/3186 1151/2208/3187 1003/2032/3188 1075/921/3189
f 1052/2507/3190 1076/556/3191 1054/698/3192 973/1785/3193
f 2240/308/3194 1115/2300/3195 1076/556/3196 1052/2507/3197
f 1115/2300/3198 1228/1561/3199 1229/110/3200 1076/556/3201
f 984/977/3202 1077/1659/3203 1053/1065/3204 951/363/3205
f 905/890/3206 1142/716/3207 1077/1659/3208 984/977/3209
f 1142/716/3210 2240/308/3211 1052/2507/3212 1077/1659/3213
f 1006/2398/3214 1078/1295/3215 1005/218/3216 1153/1385/3217
f 951/363/3218 1053/1065/3219 1078/1295/3220 1006/2398/3221
f 1053/1065/3222 973/1785/3223 1051/331/3224 1078/1295/3225
f 1049/2143/3226 1079/2390/3227 1050/1777/3228 972/681/3229
f 2126/2489/3230 2125/313/3231 1079/2390/3232 1049/2143/3233
f 2125/313/3234 2151/1641/3235 1004/1666/3236 1079/2390/3237
f 1046/307/3238 1081/577/3239 1047/1414/3240 971/1049/3241
f 948/1073/3242 2150/540/3243 1081/577/3244 1046/307/3245
f 2150/540/3246 2149/906/3247 985/2077/3248 1081/577/3249
f 1042/1391/3250 1082/211/3251 1044/2120/3252 970/2490/3253
f 2120/288/3254 2111/1833/3255 1082/211/3256 1042/1391/3257
f 2111/1833/3258 2113/999/3259 1009/123/3260 1082/211/3261
f 992/1375/3262 1083/1318/3263 1043/2483/3264 958/2198/3265
f 2243/578/3266 1084/947/3267 1010/2307/3268 1155/2114/3269
f 958/2198/3270 1043/2483/3271 1084/947/3272 2243/578/3273
f 1043/2483/3274 970/2490/3275 1041/1754/3276 1084/947/3277
f 1040/2214/3278 1085/2048/3279 1248/2247/3280 1249/1789/3281
f 955/1834/3282 989/1000/3283 1085/2048/3284 1040/2214/3285
f 989/1000/3286 914/2502/3287 1011/1816/3288 1085/2048/3289
f 1008/584/3290 1086/1682/3291 1250/1425/3292 2261/535/3293
f 2248/1684/3294 1013/1596/3295 1086/1682/3296 1008/584/3297
f 1013/1596/3298 955/1834/3299 1040/2214/3300 1086/1682/3301
f 1037/1849/3302 1087/234/3303 1039/30/3304 969/314/3305
f 2123/2126/3306 2121/1397/3307 1087/234/3308 1037/1849/3309
f 2121/1397/3310 2147/170/3311 1012/494/3312 1087/234/3313
f 2241/2391/3314 1088/2414/3315 1038/1483/3316 1146/2183/3317
f 2114/631/3318 2135/2420/3319 1088/2414/3320 2241/2391/3321
f 2135/2420/3322 2123/2126/3323 1037/1849/3324 1088/2414/3325
f 2143/265/3326 1089/1954/3327 990/632/3328 2144/2443/3329
f 1146/2183/3330 1038/1483/3331 1089/1954/3332 2143/265/3333
f 1038/1483/3334 969/314/3335 1036/745/3336 1089/1954/3337
f 1111/832/3338 2116/1374/3339 1114/1199/3340 1090/1589/3341
f 1137/2160/3342 1111/832/3343 1090/1589/3344 1034/7/3345
f 1034/7/3346 1090/1589/3347 1033/379/3348 968/1761/3349
f 2249/235/3350 1091/140/3351 1015/2330/3352 1154/1012/3353
f 1031/2190/3354 967/2127/3355 1030/1089/3356 1091/140/3357
f 1027/722/3358 1092/2323/3359 1029/1461/3360 966/1025/3361
f 962/2103/3362 1018/147/3363 1092/2323/3364 1027/722/3365
f 1018/147/3366 2155/562/3367 2156/193/3368 1092/2323/3369
f 1149/1477/3370 1093/877/3371 1028/355/3372 2145/1983/3373
f 2250/2415/3374 994/541/3375 1093/877/3376 1149/1477/3377
f 994/541/3378 962/2103/3379 1027/722/3380 1093/877/3381
f 2146/1619/3382 1094/511/3383 1218/435/3384 1215/1629/3385
f 2145/1983/3386 1028/355/3387 1094/511/3388 2146/1619/3389
f 1028/355/3390 966/1025/3391 1026/2166/3392 1094/511/3393
f 1017/518/3394 1096/1246/3395 1016/1961/3396 2251/971/3397
f 960/387/3398 1024/2353/3399 1096/1246/3400 1017/518/3401
f 1024/2353/3402 965/1398/3403 1023/171/3404 1096/1246/3405
f 2127/1048/3406 1097/2346/3407 995/1642/3408 2152/1277/3409
f 2128/680/3410 1021/1984/3411 1097/2346/3412 2127/1048/3413
f 1021/1984/3414 964/290/3415 1020/884/3416 1097/2346/3417
f 1020/884/3418 1098/1977/3419 1019/1254/3420 963/657/3421
f 964/290/3422 1022/1620/3423 1098/1977/3424 1020/884/3425
f 1022/1620/3426 2154/2005/3427 2153/2375/3428 1098/1977/3429
f 1023/171/3430 1099/534/3431 993/907/3432 959/752/3433
f 965/1398/3434 1025/2529/3435 1099/534/3436 1023/171/3437
f 1025/2529/3438 2244/212/3439 1150/1106/3440 1099/534/3441
f 1026/2166/3442 1100/164/3443 1219/1539/3444 1220/1169/3445
f 966/1025/3446 1029/1461/3447 1100/164/3448 1026/2166/3449
f 1029/1461/3450 961/2467/3451 2245/1319/3452 1100/164/3453
f 1030/1089/3454 1101/1271/3455 991/1737/3456 957/14/3457
f 967/2127/3458 1032/1827/3459 1101/1271/3460 1030/1089/3461
f 1032/1827/3462 1148/373/3463 1147/739/3464 1101/1271/3465
f 1033/379/3466 1140/2523/3467 1139/349/3468 1102/900/3469
f 968/1761/3470 1033/379/3471 1102/900/3472 1035/1113/3473
f 1035/1113/3474 1102/900/3475 978/1328/3476 943/1535/3477
f 1036/745/3478 1103/1999/3479 1014/1229/3480 956/1468/3481
f 969/314/3482 1039/30/3483 1103/1999/3484 1036/745/3485
f 1039/30/3486 954/729/3487 988/2444/3488 1103/1999/3489
f 1041/1754/3490 1104/1635/3491 987/266/3492 953/1096/3493
f 970/2490/3494 1044/2120/3495 1104/1635/3496 1041/1754/3497
f 1044/2120/3498 2242/2024/3499 986/1714/3500 1104/1635/3501
f 1045/674/3502 1105/1176/3503 1143/1821/3504 1144/1455/3505
f 971/1049/3506 1047/1414/3507 1105/1176/3508 1045/674/3509
f 1047/1414/3510 952/2537/3511 1007/954/3512 1105/1176/3513
f 1048/1041/3514 1106/810/3515 2132/583/3516 1145/1/3517
f 972/681/3518 1050/1777/3519 1106/810/3520 1048/1041/3521
f 1050/1777/3522 950/1810/3523 983/1352/3524 1106/810/3525
f 1051/331/3526 1107/1910/3527 2138/242/3528 2137/607/3529
f 973/1785/3530 1054/698/3531 1107/1910/3532 1051/331/3533
f 1054/698/3534 1232/480/3535 1230/2294/3536 1107/1910/3537
f 1055/1802/3538 1108/1545/3539 1141/1083/3540 2163/1938/3541
f 974/1421/3542 1057/970/3543 1108/1545/3544 1055/1802/3545
f 1057/970/3546 947/1445/3547 982/243/3548 1108/1545/3549
f 1058/601/3550 1109/93/3551 979/2421/3552 944/1165/3553
f 975/2514/3554 1061/2437/3555 1109/93/3556 1058/601/3557
f 1061/2437/3558 946/339/3559 1002/931/3560 1109/93/3561
f 1063/624/3562 1110/2277/3563 2134/1327/3564 2133/1689/3565
f 976/2150/3566 1066/993/3567 1110/2277/3568 1063/624/3569
f 1066/993/3570 942/431/3571 977/1690/3572 1110/2277/3573
f 1175/253/3574 1174/1701/3575 2259/2347/3576 1159/1035/3577 2253/1708/3578
f 2162/838/3579 1158/2477/3580 2165/122/3581 2166/2306/3582
f 923/844/3583 925/1579/3584 1169/595/3585 1167/1431/3586
f 2159/2031/3587 2255/2438/3588 1166/325/3589 2160/1665/3590
f 2260/1978/3591 1177/987/3592 927/2313/3593 1157/301/3594
f 2263/1272/3595 1253/710/3596 1024/2353/3597 960/387/3598
f 1170/228/3599 906/524/3600 934/1320/3601 1242/40/3602
f 1180/1362/3603 928/1944/3604 936/776/3605 1214/528/3606 1212/2340/3607 1179/1724/3608
f 2258/1247/3609 2256/2071/3610 924/476/3611 2257/1614/3612
f 1173/2064/3613 1176/2431/3614 2252/602/3615 2161/1205/3616
f 2141/2076/3617 1172/964/3618 911/546/3619 909/2359/3620
f 2164/1573/3621 1202/1216/3622 1055/1802/3623 2163/1938/3624
f 1188/181/3625 1187/550/3626 2168/492/3627 2167/860/3628 1068/1730/3629
f 1194/2384/3630 1035/1113/3631 943/1535/3632 1195/941/3633 1193/205/3634
f 1260/2541/3635 2266/1636/3636 1148/373/3637 1032/1827/3638
f 1223/458/3639 1221/2271/3640 1025/2529/3641 965/1398/3642
f 1227/1926/3643 1183/644/3644 1182/2087/3645 1049/2143/3646 972/681/3647
f 1207/1240/3648 1208/871/3649 971/1049/3650 1045/674/3651
f 1241/413/3652 930/1120/3653 938/236/3654 1240/1860/3655
f 2237/2484/3656 1163/2500/3657 922/2290/3658 2238/2121/3659
f 1186/1993/3660 1226/826/3661 932/1856/3662 940/2243/3663 941/799/3664 933/409/3665 1222/1904/3666 1210/1607/3667
f 1202/1216/3668 1204/1948/3669 974/1421/3670 1055/1802/3671
f 1252/2154/3672 1247/62/3673 1245/1883/3674 1031/2190/3675 1091/140/3676 2249/235/3677
f 1221/2271/3678 1217/804/3679 1121/397/3680 2244/212/3681 1025/2529/3682
f 1196/571/3683 1137/2160/3684 1034/7/3685 1191/2016/3686 1192/1653/3687
f 1204/1948/3688 1201/1583/3689 1056/1437/3690 974/1421/3691
f 1258/1814/3692 1260/2541/3693 1032/1827/3694 967/2127/3695
f 2267/188/3696 1257/2177/3697 1021/1984/3698 2128/680/3699
f 1231/848/3700 1234/2202/3701 1116/1932/3702
f 1199/2408/3703 1198/1312/3704 1266/637/3705 2247/2049/3706 1075/921/3707 1056/1437/3708
f 1259/367/3709 1254/343/3710 2154/2005/3711 1022/1620/3712
f 2254/1346/3713 1211/158/3714 1209/1971/3715 1083/1318/3716 992/1375/3717
f 2117/2466/3718 1188/181/3719 1068/1730/3720 1065/1369/3721 2119/656/3722
f 1244/780/3723 1258/1814/3724 967/2127/3725 1031/2190/3726
f 1236/391/3727 929/1490/3728 939/58/3729 1237/1494/3730
f 1181/2454/3731 1246/1517/3732 1261/1100/3733 1225/1193/3734 1222/1904/3735 933/409/3736 937/1879/3737 1238/1124/3738 1189/1288/3739
f 1190/915/3740 968/1761/3741 1035/1113/3742 1194/2384/3743
f 1201/1583/3744 1199/2408/3745 1056/1437/3746
f 2265/2000/3747 1207/1240/3748 1045/674/3749 1144/1455/3750
f 1164/2137/3751 1123/1131/3752 1160/668/3753 1165/692/3754
f 1178/618/3755 931/2221/3756 935/1143/3757 1161/1770/3758
f 1191/2016/3759 1034/7/3760 968/1761/3761 1190/915/3762
f 1208/871/3763 1206/134/3764 1046/307/3765 971/1049/3766
f 1182/2087/3767 1205/505/3768 2126/2489/3769 1049/2143/3770
f 2158/929/3771 2157/1301/3772 926/1212/3773 1168/1059/3774
f 1234/2202/3775 1233/18/3776 1048/1041/3777 1145/1/3778 1116/1932/3779
f 1237/1494/3780 939/58/3781 931/2221/3782 1178/618/3783
f 1217/804/3784 2264/901/3785 1121/397/3786
f 1257/2177/3787 1256/1077/3788 964/290/3789 1021/1984/3790
f 1253/710/3791 1224/87/3792 1223/458/3793 965/1398/3794 1024/2353/3795
f 1240/1860/3796 938/236/3797 928/1944/3798 1180/1362/3799
f 1242/40/3800 934/1320/3801 930/1120/3802 1241/413/3803
f 1256/1077/3804 1259/367/3805 1022/1620/3806 964/290/3807
f 1161/1770/3808 935/1143/3809 918/822/3810 1162/2279/3811
f 1206/134/3812 1203/2317/3813 948/1073/3814 1046/307/3815
f 1209/1971/3816 2118/2102/3817 2120/288/3818 1042/1391/3819 1083/1318/3820
f 1233/18/3821 1227/1926/3822 972/681/3823 1048/1041/3824
f 1171/1339/3825 1243/1147/3826 2142/1713/3827 910/1989/3828
f 189/1852/3829 2268/2370/3830 2270/557/3831 2482/499/3832
f 1364/1782/3833 1370/1443/3834 1377/630/3835 1278/2494/3836
f 1358/1141/3837 2384/916/3838 2388/827/3839 1344/104/3840
f 1280/685/3841 1269/2471/3842 2484/1234/3843 1277/319/3844
f 1404/606/3845 2404/41/3846 2400/135/3847 1392/312/3848
f 1272/294/3849 1271/661/3850 1274/1029/3851 1273/1402/3852
f 1271/661/3853 1270/2107/3854 1275/2131/3855 1274/1029/3856
f 1287/2425/3857 78/1858/3858 1268/1379/3859 1281/222/3860
f 1270/2107/3861 1267/1741/3862 1354/2219/3863 2333/350/3864 1275/2131/3865
f 1385/1023/3866 2396/1217/3867 2392/2295/3868 1371/2535/3869
f 1285/1694/3870 1286/1332/3871 1282/2402/3872 1283/958/3873
f 1286/1332/3874 1287/2425/3875 1281/222/3876 1282/2402/3877
f 1351/1854/3878 1284/588/3879 1368/703/3880 1359/2241/3881
f 1293/2081/3882 1401/240/3883 1405/1712/3884 1381/2100/3885
f 1281/222/3886 1292/981/3887 1293/2081/3888 1282/2402/3889
f 1280/685/3890 1290/247/3891 2269/922/3892 1269/2471/3893
f 1353/35/3894 1350/750/3895 1357/1512/3896 1345/2196/3897
f 1367/1071/3898 1384/2465/3899 1372/2171/3900 1365/337/3901
f 1278/2494/3902 1279/1053/3903 1306/2010/3904 1305/2379/3905
f 1279/1053/3906 1280/685/3907 1277/319/3908 1306/2010/3909
f 1400/1688/3910 1424/1300/3911 1415/1276/3912 1398/952/3913
f 1377/630/3914 1391/679/3915 1397/1324/3916 1291/1356/3917
f 1410/1251/3918 1436/1594/3919 2413/1540/3920 2273/833/3921
f 1278/2494/3922 1377/630/3923 1291/1356/3924 1279/1053/3925
f 2268/2370/3926 1289/612/3927 2271/1660/3928 2270/557/3929
f 1283/958/3930 1381/2101/3931 1383/287/3932 1368/704/3933
f 1279/1053/3934 1291/1356/3935 1290/247/3936 1280/685/3937
f 1284/588/3938 1285/1694/3939 1283/958/3940 1368/704/3941
f 1268/1379/3942 1288/2058/3943 1292/981/3944 1281/222/3945
f 1364/1783/3946 1278/2494/3947 1305/2379/3948 1304/1282/3949
f 1297/1988/3950 1421/927/3951 1423/1664/3952 1401/240/3953
f 1397/1325/3954 1413/539/3955 1410/1252/3956 1296/2448/3957
f 1420/2374/3958 1444/424/3959 1438/2328/3960 1411/2351/3961
f 1289/612/3962 2272/1296/3963 2274/465/3964 2271/1660/3965
f 1282/2402/3966 1293/2081/3967 1381/2101/3968 1283/958/3969
f 1288/2058/3970 1294/1718/3971 1297/1988/3972 1292/981/3973
f 1380/998/3974 1403/975/3975 1390/2125/3976 1378/264/3977
f 1290/247/3978 1296/2448/3979 1295/270/3980 2269/922/3981
f 1299/175/3982 1434/859/3983 2414/1170/3984 2416/1905/3985 2420/1815/3986 2417/1449/3987 2419/2178/3988 2275/1568/3989
f 1296/2448/3990 1410/1252/3991 2273/833/3992 1295/270/3993
f 1298/1624/3994 1430/1937/3995 1443/791/3996 1421/928/3997
f 2272/1296/3998 1299/175/3999 2275/1568/4000 2274/465/4001
f 1292/981/4002 1297/1988/4003 1401/241/4004 1293/2081/4005
f 1291/1356/4006 1397/1326/4007 1296/2448/4008 1290/247/4009
f 1425/837/4010 2412/436/4011 2408/1518/4012 1414/169/4013
f 1294/1718/4014 1298/1624/4015 1421/930/4016 1297/1988/4017
f 1445/1528/4018 1431/491/4019 1433/1227/4020 1437/145/4021
f 189/1852/4022 2482/499/4023 2298/70/4024 2284/1590/4025
f 1657/479/4026 2280/117/4027 2279/487/4028 1526/2345/4029
f 1310/935/4030 1277/319/4031 2484/1234/4032 1303/1646/4033
f 1312/1670/4034 1313/1209/4035 2290/2232/4036 1322/1233/4037
f 1287/2425/4038 1311/2036/4039 1302/545/4040 78/1858/4041
f 79/411/4042 2278/1933/4043 2276/1200/4044 1284/588/4045
f 1284/588/4046 2276/1200/4047 1313/1209/4048 1285/1694/4049
f 1285/1694/4050 1313/1209/4051 1312/1670/4052 1286/1332/4053
f 1286/1332/4054 1312/1670/4055 1311/2036/4056 1287/2425/4057
f 1301/910/4058 2281/1223/4059 2282/855/4060 2277/2301/4061
f 1308/199/4062 1309/1306/4063 1320/498/4064 2289/47/4065
f 1311/2036/4066 1312/1670/4067 1322/1233/4068 1321/1600/4069
f 1310/935/4070 1303/1646/4071 2285/141/4072 1317/127/4073
f 1300/2358/4074 190/1486/4075 1304/1282/4076 2283/1955/4077
f 2283/1955/4078 1304/1282/4079 1305/2379/4080 1308/199/4081
f 1308/199/4082 1305/2379/4083 1306/2010/4084 1309/1306/4085
f 1309/1306/4086 1306/2010/4087 1277/319/4088 1310/935/4089
f 1320/498/4090 1317/127/4091 1327/1258/4092 2301/1911/4093
f 2292/420/4094 2286/2324/4095 2288/512/4096 2291/787/4097
f 1321/1600/4098 1322/1233/4099 2302/1546/4100 1330/56/4101
f 1323/2334/4102 1319/864/4103 2296/1890/4104 2294/1154/4105
f 2284/1590/4106 2298/70/4107 2299/1177/4108 1316/1577/4109
f 1314/842/4110 1307/566/4111 2287/878/4112 2293/1524/4113
f 1309/1306/4114 1310/935/4115 1317/127/4116 1320/498/4117
f 1313/1209/4118 2276/1200/4119 1324/1965/4120 2290/2232/4121
f 1302/545/4122 1311/2036/4123 1321/1600/4124 1315/1942/4125
f 2283/1955/4126 1308/199/4127 2289/47/4128 1318/2311/4129
f 1331/1163/4130 1329/429/4131 2308/2184/4132 2314/1844/4133
f 2295/2255/4134 2297/442/4135 2300/811/4136 2303/94/4137
f 1327/1258/4138 1326/152/4139 2305/1822/4140 2309/740/4141
f 1316/1577/4142 2299/1177/4143 2306/1456/4144 2304/2278/4145
f 1322/1233/4146 2290/2232/4147 1332/797/4148 2302/1546/4149
f 1315/1942/4150 1321/1600/4151 1330/56/4152 1325/522/4153
f 2289/47/4154 1320/498/4155 2301/1911/4156 1328/888/4157
f 1317/127/4158 2285/141/4159 1326/152/4160 1327/1258/4161
f 1333/1899/4162 2311/1478/4163 2322/669/4164 2317/1132/4165
f 2313/2209/4166 2307/2/4167 2310/374/4168 2312/1107/4169
f 1325/522/4170 1330/56/4171 2311/1478/4172 1333/1899/4173
f 2304/2278/4174 2306/1456/4175 2315/398/4176 1334/1533/4177
f 1330/56/4178 2302/1546/4179 1338/452/4180 2311/1478/4181
f 2301/1911/4182 1327/1258/4183 2309/740/4184 1336/2265/4185
f 2323/1771/4186 2320/1502/4187 2318/764/4188 2316/25/4189
f 2309/740/4190 2305/1822/4191 2319/1867/4192 2321/1036/4193
f 1337/820/4194 1335/81/4195 1341/2288/4196 1342/1920/4197
f 1334/1533/4198 2315/398/4199 1339/1555/4200 1340/1187/4201
f 1343/474/4202 2327/693/4203 2325/2501/4204 2324/1409/4205
f 1344/104/4206 1346/1832/4207 2326/2138/4208 2328/326/4209
f 1345/2196/4210 1348/12/4211 1347/385/4212 1349/1118/4213
f 2334/2524/4214 2332/1797/4215 2331/2161/4216 2329/1432/4217
f 1357/1512/4218 2338/2432/4219 2336/717/4220 2335/1084/4221
f 1358/1141/4222 1360/1877/4223 2337/254/4224 2339/988/4225
f 1359/2241/4226 1362/1047/4227 1361/1419/4228 1363/2148/4229
f 1370/1443/4230 2343/2455/4231 2341/1725/4232 2340/619/4233
f 1371/2535/4234 1373/727/4235 2342/1363/4236 2344/2088/4237
f 1372/2171/4238 1375/1466/4239 1374/361/4240 1376/1094/4241
f 1383/287/4242 2348/1013/4243 2346/277/4244 2345/645/4245
f 1384/2465/4246 1386/655/4247 2347/1386/4248 2349/2115/4249
f 1385/1023/4250 1388/1396/4251 1387/1759/4252 1389/2488/4253
f 1390/2125/4254 2353/2017/4255 2351/302/4256 2350/1749/4257
f 1391/679/4258 1393/2396/4259 2352/2478/4260 2354/1654/4261
f 1392/312/4262 1395/582/4263 1394/2029/4264 1396/216/4265
f 1403/975/4266 2358/572/4267 2356/2385/4268 2355/206/4269
f 1404/606/4270 1406/1350/4271 2357/942/4272 2359/1677/4273
f 1405/1712/4274 1408/2075/4275 1407/2442/4276 1409/1618/4277
f 1413/539/4278 2363/596/4279 2361/2409/4280 2360/1313/4281
f 1414/169/4282 1416/905/4283 2362/2043/4284 2364/229/4285
f 1415/1276/4286 1418/1640/4287 1417/2004/4288 1419/192/4289
f 1423/1664/4290 2368/1702/4291 2366/965/4292 2365/1340/4293
f 1424/1300/4294 1426/469/4295 2367/2065/4296 2369/1241/4297
f 1425/837/4298 1428/1204/4299 1427/1572/4300 1429/2305/4301
f 1436/1594/4302 2373/159/4303 2371/1972/4304 2370/872/4305
f 1437/145/4306 1439/882/4307 2372/1608/4308 2374/2341/4309
f 1438/2328/4310 1441/51/4311 1440/516/4312 1442/2236/4313
f 1443/791/4314 2378/1266/4315 2376/529/4316 2375/895/4317
f 1444/424/4318 1446/1158/4319 2377/1630/4320 2379/2364/4321
f 1445/1528/4322 1448/1894/4323 1447/2259/4324 1449/446/4325
f 1350/750/4326 2380/1994/4327 2338/2432/4328 1357/1512/4329
f 1352/1488/4330 1351/1854/4331 1359/2241/4332 1363/2148/4333
f 1345/2196/4334 1349/1118/4335 2330/1060/4336 1353/35/4337
f 2327/693/4338 1343/474/4339 1355/774/4340 1356/407/4341
f 1368/703/4342 2381/551/4343 1362/1047/4344 1359/2241/4345
f 2382/182/4346 2384/916/4347 1358/1141/4348 2339/988/4349
f 1357/1512/4350 2335/1084/4351 1348/12/4352 1345/2196/4353
f 1360/1877/4354 1358/1141/4355 1344/104/4356 2328/326/4357
f 1343/474/4358 2324/1409/4359 2385/459/4360 1364/1783/4361
f 1346/1832/4362 1344/104/4363 2388/827/4364 2386/88/4365
f 1370/1443/4366 2340/619/4367 2389/1927/4368 1377/630/4369
f 1373/727/4370 1371/2535/4371 2392/2295/4372 2390/1562/4373
f 1381/2101/4374 2393/849/4375 2348/1013/4376 1383/287/4377
f 2394/481/4378 2396/1217/4379 1385/1023/4380 1389/2488/4381
f 1371/2535/4382 2344/2088/4383 1388/1396/4384 1385/1023/4385
f 1375/1466/4386 1372/2171/4387 1384/2465/4388 2349/2115/4389
f 1405/1712/4390 1409/1618/4391 2395/1584/4392 1381/2100/4393
f 2358/572/4394 1403/975/4395 1380/998/4396 1382/1735/4397
f 1377/630/4398 2391/111/4399 1393/2396/4400 1391/679/4401
f 1379/1373/4402 1378/264/4403 1390/2125/4404 2350/1749/4405
f 1364/1782/4406 2387/1194/4407 2343/2455/4408 1370/1443/4409
f 1366/2512/4410 1365/337/4411 1372/2171/4412 1376/1094/4413
f 1383/287/4414 2345/645/4415 2383/1289/4416 1368/704/4417
f 1386/655/4418 1384/2465/4419 1367/1071/4420 1369/1808/4421
f 1391/679/4422 2354/1654/4423 2397/2318/4424 1397/1324/4425
f 1395/582/4426 1392/312/4427 2400/135/4428 2398/1949/4429
f 1401/240/4430 2401/2226/4431 1408/2075/4432 1405/1712/4433
f 2402/1861/4434 2404/41/4435 1404/606/4436 2359/1677/4437
f 1392/312/4438 1396/216/4439 1406/1350/4440 1404/606/4441
f 2353/2017/4442 1390/2125/4443 1403/975/4444 2355/206/4445
f 1413/539/4446 2360/1313/4447 2405/1148/4448 1410/1252/4449
f 1416/905/4450 1414/169/4451 2408/1518/4452 2406/781/4453
f 1421/927/4454 2409/63/4455 2368/1702/4456 1423/1664/4457
f 2410/2248/4458 2412/436/4459 1425/837/4460 1429/2305/4461
f 1414/169/4462 2364/229/4463 1428/1204/4464 1425/837/4465
f 1418/1640/4466 1415/1276/4467 1424/1300/4468 2369/1241/4469
f 1397/1325/4470 2399/506/4471 2363/596/4472 1413/539/4473
f 1399/2053/4474 1398/952/4475 1415/1276/4476 1419/192/4477
f 1423/1664/4478 2365/1340/4479 2403/414/4480 1401/240/4481
f 1426/469/4482 1424/1300/4483 1400/1688/4484 1402/2419/4485
f 1436/1594/4486 2370/872/4487 2415/2272/4488 2413/1540/4489
f 1439/882/4490 1437/145/4491 1433/1227/4492 1435/1959/4493
f 1430/1937/4494 2418/1078/4495 2378/1266/4496 1443/791/4497
f 1432/121/4498 1431/491/4499 1445/1528/4500 1449/446/4501
f 1437/145/4502 2374/2341/4503 1448/1894/4504 1445/1528/4505
f 1441/51/4506 1438/2328/4507 1444/424/4508 2379/2364/4509
f 1420/2374/4510 2411/805/4511 1446/1158/4512 1444/424/4513
f 1422/561/4514 1421/928/4515 1443/791/4516 2375/895/4517
f 1438/2328/4518 1442/2236/4519 2407/1884/4520 1411/2351/4521
f 2373/159/4522 1436/1594/4523 1410/1251/4524 1412/1982/4525
f 1343/474/4526 1364/1783/4527 1304/1282/4528 1355/774/4529
usemtl Wall_1SG
f 2443/1790/4530 2421/368/4531 2422/2542/4532 2442/686/4533
f 2429/757/4534 1481/1436/4535 1496/2094/4536 2430/392/4537
f 1460/2191/4538 1502/1753/4539 1516/233/4540 1476/1413/4541
f 2449/2426/4542 1454/1550/4543 2444/1426/4544 2448/344/4545
f 2433/662/4546 2434/295/4547 2426/1473/4548 2428/2203/4549
f 2436/1030/4550 2439/320/4551 2438/1765/4552 2450/2059/4553
f 2445/2518/4554 1453/1915/4555 1474/673/4556 1477/2506/4557
f 2443/1790/4558 1472/1506/4559 1451/1181/4560 2421/368/4561
f 2437/2132/4562 2430/392/4563 1496/2094/4564 1509/946/4565
f 1460/2191/4566 2431/1495/4567 1486/2528/4568 1502/1753/4569
f 2449/2426/4570 1470/768/4571 1471/1871/4572 1454/1550/4573
f 2427/19/4574 2428/2203/4575 2426/1473/4576 2425/1838/4577
f 2436/1030/4578 2435/1403/4579 1473/1040/4580 2439/320/4581
f 2445/2518/4582 2432/1125/4583 1450/74/4584 1453/1915/4585
f 2424/734/4586 2423/1101/4587 2440/2495/4588 1461/744/4589
f 2441/1054/4590 1469/1136/4591 1465/2213/4592 1462/378/4593
f 2433/663/4594 1463/1482/4595 1452/815/4596 2434/296/4597
f 1458/1460/4598 1467/402/4599 1464/1112/4600 1459/6/4601
f 1457/1826/4602 2447/711/4603 1503/306/4604 1487/1088/4605
f 2429/758/4606 1455/99/4607 1491/992/4608 1481/1438/4609
f 1456/2283/4610 1466/1848/4611 1468/29/4612 2446/2155/4613
f 2424/734/4614 1461/744/4615 1450/75/4616 2432/1126/4617
f 2441/1054/4618 1462/378/4619 1473/1042/4620 2435/1404/4621
f 1478/2142/4622 1479/697/4623 1452/815/4624 1463/1482/4625
f 1458/1460/4626 1459/6/4627 1471/1872/4628 1470/769/4629
f 1457/1826/4630 1487/1088/4631 1486/2530/4632 2431/1496/4633
f 1475/1776/4634 1512/1317/4635 1491/992/4636 1455/99/4637
f 1456/2283/4638 2446/2155/4639 1451/1182/4640 1472/1507/4641
f 2472/936/4642 2471/1307/4643 2452/248/4644 2451/613/4645
f 2465/1647/4646 2464/2108/4647 1496/2094/4648 1481/1436/4649
f 1498/281/4650 1515/600/4651 1516/233/4652 1502/1753/4653
f 2466/1283/4654 2477/959/4655 2473/2037/4656 1490/2436/4657
f 2460/638/4658 2458/2449/4659 2456/1719/4660 1484/1801/4661
f 2462/1380/4662 2480/1333/4663 2467/2380/4664 2468/2011/4665
f 2474/1671/4666 1517/1344/4667 1513/2413/4668 1489/258/4669
f 2472/936/4670 2451/613/4671 1482/1064/4672 1511/1681/4673
f 2463/2472/4674 1509/946/4675 1496/2094/4676 2464/2108/4677
f 1498/281/4678 1502/1753/4679 1486/2528/4680 2459/1006/4681
f 2466/1283/4682 1490/2436/4683 2479/1695/4684 1483/2165/4685
f 2457/271/4686 2455/2082/4687 2456/1719/4688 2458/2449/4689
f 2462/1380/4690 2468/2011/4691 2478/589/4692 2461/1742/4693
f 2474/1671/4694 1489/258/4695 1480/330/4696 1485/354/4697
f 2454/982/4698 1499/1390/4699 2469/567/4700 2453/1357/4701
f 2470/200/4702 1500/1017/4703 1505/2023/4704 1510/576/4705
f 2460/639/4706 1484/1803/4707 1488/721/4708 1501/2119/4709
f 1495/2459/4710 1497/649/4711 1504/2482/4712 1507/210/4713
f 1494/1368/4714 1487/1088/4715 1503/306/4716 2476/2403/4717
f 2465/1648/4718 1481/1438/4719 1491/992/4720 1492/625/4721
f 1493/1729/4722 2475/223/4723 1508/2389/4724 1506/1658/4725
f 2454/982/4726 1485/356/4727 1480/332/4728 1499/1390/4729
f 2470/200/4730 2461/1743/4731 2478/590/4732 1500/1017/4733
f 1518/969/4734 1501/2119/4735 1488/721/4736 1519/2069/4737
f 1495/2459/4738 1483/2167/4739 2479/1696/4740 1497/649/4741
f 1494/1368/4742 2459/1007/4743 1486/2530/4744 1487/1088/4745
f 1514/2047/4746 1492/625/4747 1491/992/4748 1512/1317/4749
f 1493/1729/4750 1511/1683/4751 1482/1066/4752 2475/223/4753
