# This file uses centimeters as units for non-parametric coordinates.

mtllib arc_2.mtl
g default
v -4.731185 0.132152 -6.019243
v 2.176546 3.489217 -8.573883
v -3.678211 3.489220 -7.072218
v -2.176546 11.924084 -8.573884
v 2.176546 11.924084 -8.573884
v -4.731185 2.654211 -6.019245
v -3.678211 0.132152 -7.072216
v -3.678211 2.654211 -7.072218
v -4.731185 31.866511 -6.019250
v -2.176546 30.195811 -8.573887
v 2.176546 30.195811 -8.573887
v -3.678211 30.195805 -7.072221
v -4.731185 30.851736 -6.019250
v -3.678211 31.866504 -7.072223
v -3.678211 30.851736 -7.072223
v -3.678211 0.132152 -10.750429
v -3.678211 3.489217 -10.750430
v -2.176546 3.489217 -10.750430
v 2.176546 3.489217 -10.750430
v -2.176546 11.924084 -10.750431
v 2.176546 11.924084 -10.750431
v -3.678211 2.654211 -10.750429
v -4.731185 0.132152 -10.750429
v -4.731185 2.654211 -10.750429
v -3.678211 31.866504 -10.750434
v -3.678211 30.195811 -10.750434
v -2.176546 30.195811 -10.750434
v 2.176546 30.195811 -10.750434
v -2.176546 20.074575 -10.750432
v 2.176546 20.074575 -10.750432
v -3.678211 30.851736 -10.750434
v -4.731185 31.866504 -10.750434
v -4.731185 30.851736 -10.750434
v -2.176546 25.135190 -10.750433
v 2.176546 25.135190 -10.750433
v -3.054194 22.604882 -7.696238
v 2.176546 22.604882 -8.573886
v 2.176546 22.604882 -10.750432
v -3.054194 22.604882 -10.750432
v -3.054194 25.135190 -10.750433
v -2.176546 25.135190 -8.573886
v 3.054194 25.135190 -10.750433
v -2.176546 22.604882 -8.573886
v 3.054194 22.604882 -7.696238
v -3.730775 24.383506 -10.750432
v 3.730774 23.356559 -10.750432
v 3.730774 24.383506 -10.750432
v -2.176546 23.356559 -10.750433
v -2.176546 24.383506 -10.750433
v 2.176546 23.356559 -10.750433
v 3.054194 23.356559 -10.750433
v -3.054194 23.356559 -10.750433
v 3.054194 24.383506 -7.696238
v 3.054194 23.356559 -7.696238
v 4.731185 0.132152 -6.019243
v -2.176546 3.489217 -8.573883
v 3.678211 3.489220 -7.072218
v 4.731185 2.654211 -6.019245
v 3.678211 0.132152 -7.072216
v 3.678211 2.654211 -7.072218
v 4.731185 31.866511 -6.019250
v 3.678211 30.195805 -7.072221
v 2.176546 20.074575 -8.573886
v -2.176546 20.074575 -8.573886
v 4.731185 30.851736 -6.019250
v 3.678211 31.866504 -7.072223
v 3.678211 30.851736 -7.072223
v 3.678211 0.132152 -10.750429
v 3.678211 3.489217 -10.750430
v 3.678211 2.654211 -10.750429
v 4.731185 0.132152 -10.750429
v 4.731185 2.654211 -10.750429
v 3.678211 31.866504 -10.750434
v 3.678211 30.195811 -10.750434
v 3.678211 30.851736 -10.750434
v 4.731185 31.866504 -10.750434
v 4.731185 30.851736 -10.750434
v -0.000000 0.132152 -7.072216
v -0.000000 3.489220 -7.072218
v -0.000000 3.489217 -8.573883
v -0.000000 11.924084 -8.573884
v -0.000000 2.654211 -7.072218
v -0.000000 0.132152 -6.019243
v -0.000000 2.654211 -6.019245
v -0.000000 31.866504 -7.072223
v -0.000000 30.195805 -7.072221
v -0.000000 30.195811 -8.573887
v -0.000000 20.074575 -8.573886
v -0.000000 30.851736 -7.072223
v -0.000000 31.866511 -6.019250
v -0.000000 30.851736 -6.019250
v -0.000000 31.866504 -10.750434
v -0.000000 0.132152 -10.750429
v -3.054194 25.135190 -7.696240
v 3.054194 25.135190 -7.696240
v -0.000000 25.135190 -7.696240
v -2.176546 22.604882 -10.750432
v -0.000000 22.604882 -8.573886
v 3.054194 22.604882 -10.750432
v 2.176546 25.135190 -8.573886
v -0.000000 25.135190 -8.573886
v -0.000000 22.604882 -7.696238
v -3.730775 23.356559 -7.019658
v -3.730775 24.383506 -7.019658
v -3.730774 23.356559 -10.750432
v -0.000000 23.356559 -7.019657
v -0.000000 24.383506 -7.019658
v 3.730774 24.383513 -7.019658
v 3.730774 23.356559 -7.019658
v 2.176546 24.383506 -10.750433
v -3.054194 24.383506 -10.750433
v 3.054194 24.383506 -10.750433
v -0.000000 24.383506 -7.696238
v -3.054194 24.383506 -7.696238
v -0.000000 23.356559 -7.696238
v -3.054194 23.356559 -7.696238
v -4.731185 0.132155 6.019245
v -2.176546 3.489220 8.573884
v -3.678211 3.489220 7.072216
v -2.176546 11.924088 8.573881
v -4.731185 2.654215 6.019243
v -3.678211 0.132152 7.072216
v -3.678211 2.654211 7.072219
v -4.731185 31.866504 6.019238
v -2.176546 30.195811 8.573877
v 2.176546 30.195811 8.573877
v -3.678211 30.195811 7.072213
v -4.731185 30.851736 6.019238
v -3.678211 31.866511 7.072213
v -3.678211 30.851736 7.072213
v -3.678211 0.132155 10.750429
v -3.678211 3.489220 10.750429
v -2.176546 3.489220 10.750429
v 2.176546 3.489220 10.750429
v -2.176546 11.924088 10.750429
v 2.176546 11.924088 10.750429
v -3.678211 2.654215 10.750429
v -4.731185 0.132155 10.750429
v -4.731185 2.654215 10.750429
v -3.678211 31.866511 10.750426
v -3.678211 30.195811 10.750423
v -2.176546 30.195811 10.750423
v -2.176546 20.074582 10.750426
v 2.176546 20.074582 10.750426
v -3.678211 30.851736 10.750426
v -4.731185 31.866511 10.750426
v -4.731185 30.851736 10.750426
v -3.054194 25.135196 7.696232
v 2.176546 25.135196 10.750426
v 2.176546 22.604889 8.573881
v 2.176546 22.604889 10.750426
v -3.054194 25.135196 10.750426
v 3.054194 22.604889 7.696232
v -3.730775 24.383513 7.019652
v -2.176546 23.356566 10.750426
v -2.176546 24.383513 10.750426
v 2.176546 23.356566 10.750426
v 2.176546 24.383513 10.750426
v 3.054194 24.383513 10.750426
v 3.054194 23.356566 10.750426
v -3.054194 23.356566 10.750426
v 3.054194 24.383513 7.696232
v 3.054194 23.356566 7.696232
v 4.731185 0.132155 6.019245
v 2.176546 3.489220 8.573884
v 3.678211 3.489220 7.072216
v 2.176546 11.924088 8.573881
v 4.731185 2.654215 6.019243
v 3.678211 0.132152 7.072216
v 3.678211 2.654211 7.072219
v 4.731185 31.866504 6.019238
v 3.678211 30.195811 7.072213
v 2.176546 20.074575 8.573881
v -2.176546 20.074575 8.573881
v 4.731185 30.851736 6.019238
v 3.678211 31.866511 7.072213
v 3.678211 30.851736 7.072213
v 3.678211 0.132155 10.750429
v 3.678211 3.489220 10.750429
v 3.678211 2.654215 10.750429
v 4.731185 0.132155 10.750429
v 4.731185 2.654215 10.750429
v 3.678211 31.866511 10.750426
v 3.678211 30.195811 10.750423
v 2.176546 30.195811 10.750423
v 3.678211 30.851736 10.750426
v 4.731185 31.866511 10.750426
v 4.731185 30.851736 10.750426
v -0.000000 0.132152 7.072216
v -0.000000 3.489220 7.072216
v -0.000000 3.489220 8.573884
v -0.000000 11.924088 8.573881
v -0.000000 2.654211 7.072219
v -0.000000 0.132155 6.019245
v -0.000000 2.654215 6.019243
v -0.000000 31.866511 7.072213
v -0.000000 30.195811 7.072213
v -0.000000 30.195811 8.573877
v -0.000000 20.074575 8.573881
v -0.000000 30.851736 7.072213
v -0.000000 31.866504 6.019238
v -0.000000 30.851736 6.019238
v -0.000000 31.866511 10.750426
v -0.000000 0.132155 10.750429
v 3.054194 25.135196 7.696232
v -2.176546 25.135196 10.750426
v -0.000000 25.135196 7.696232
v -2.176546 22.604889 8.573881
v -2.176546 22.604889 10.750426
v -0.000000 22.604889 8.573881
v 3.054194 22.604889 10.750426
v -3.054194 22.604889 10.750426
v 3.054194 25.135196 10.750426
v 2.176546 25.135196 8.573877
v -0.000000 25.135196 8.573877
v -2.176546 25.135196 8.573877
v -0.000000 22.604889 7.696232
v -3.054194 22.604889 7.696232
v -3.730775 23.356566 7.019652
v 3.730774 23.356566 10.750426
v 3.730774 24.383513 10.750423
v -3.730774 23.356566 10.750426
v -3.730774 24.383513 10.750423
v -0.000000 23.356566 7.019652
v -0.000000 24.383513 7.019652
v 3.730774 24.383513 7.019652
v 3.730774 23.356566 7.019652
v -3.054194 24.383513 10.750426
v -0.000000 24.383513 7.696232
v -3.054194 24.383513 7.696232
v -0.000000 23.356566 7.696232
v -3.054194 23.356566 7.696232
v -3.432888 15.362562 -9.952533
v -3.432888 3.489138 -9.954286
v -3.432889 25.055041 -1.941973
v -3.432888 24.488563 -3.809336
v -3.432888 23.568681 -5.530300
v -3.432888 22.330735 -7.038719
v -3.432888 20.822315 -8.276662
v -3.432888 19.101348 -9.196535
v -3.432888 17.233985 -9.763005
v -3.432888 15.292032 -8.516308
v -3.432888 3.489138 -8.516306
v -3.432889 23.644703 -1.661461
v -3.432888 23.160074 -3.259060
v -3.432888 22.373076 -4.731417
v -3.432888 21.313965 -6.021946
v -3.432888 20.023434 -7.081059
v -3.432888 18.551070 -7.868048
v -3.432888 16.953473 -8.352672
v -2.792024 25.732828 -2.076802
v -2.792024 25.127027 -4.073798
v -2.792024 24.143282 -5.914239
v -2.792024 22.819392 -7.527380
v -2.792024 21.206257 -8.851264
v -2.792024 19.365810 -9.834998
v -2.792024 17.369724 -10.440517
v -2.792023 3.489138 -9.954286
v -2.792024 15.362562 -9.952533
v -2.792023 3.489217 -10.642028
v -2.792024 25.055041 -1.941973
v -2.792024 24.488563 -3.809336
v -2.792024 17.233985 -9.763005
v -2.792024 19.101348 -9.196535
v -2.792024 20.822315 -8.276662
v -2.792024 22.330735 -7.038719
v -2.792024 23.568681 -5.530300
v -2.792024 27.696894 -2.076802
v -3.432888 9.425850 -9.953410
v -3.432888 9.390585 -8.516307
v -2.792023 9.425850 -9.953410
v -2.792023 9.443277 -10.641149
v -1.396011 3.489217 -10.642028
v -1.396012 25.732828 -2.076802
v -1.396012 25.127027 -4.073798
v -1.396012 24.143282 -5.914239
v -1.396012 22.819392 -7.527380
v -1.396012 21.206257 -8.851264
v -1.396012 19.365810 -9.834998
v -1.396012 17.369724 -10.440517
v -1.396012 27.696894 -2.076802
v -1.396012 9.443277 -10.641149
v -3.432888 12.394206 -9.952971
v -3.432888 12.341313 -8.516307
v -2.792023 12.394206 -9.952971
v -1.396012 12.420308 -10.640709
v -2.792024 15.397331 -10.640270
v -1.396012 15.397331 -10.640270
v -2.792023 12.420308 -10.640709
v 3.432887 15.362562 -9.952533
v 3.432887 3.489138 -9.954286
v 3.432888 25.055041 -1.941973
v 3.432888 24.488563 -3.809336
v 3.432888 23.568681 -5.530300
v 3.432888 22.330735 -7.038719
v 3.432888 20.822315 -8.276662
v 3.432888 19.101348 -9.196535
v 3.432887 17.233985 -9.763005
v 3.432887 15.292032 -8.516308
v 3.432887 3.489138 -8.516306
v 3.432888 23.644703 -1.661461
v 3.432888 23.160074 -3.259060
v 3.432888 22.373076 -4.731417
v 3.432888 21.313965 -6.021946
v 3.432888 20.023434 -7.081059
v 3.432888 18.551070 -7.868048
v 3.432887 16.953473 -8.352672
v -0.000000 16.953473 -8.352672
v -0.000000 18.551070 -7.868048
v -0.000000 20.023434 -7.081059
v -0.000000 21.313965 -6.021946
v -0.000000 22.373076 -4.731417
v -0.000000 23.160074 -3.259060
v -0.000000 23.644703 -1.661461
v -0.000000 3.489138 -8.516306
v -0.000000 15.292032 -8.516308
v 2.792024 25.732828 -2.076802
v 2.792024 25.127027 -4.073798
v 2.792024 24.143282 -5.914239
v 2.792024 22.819392 -7.527380
v 2.792024 21.206257 -8.851264
v 2.792024 19.365810 -9.834998
v 2.792024 17.369724 -10.440517
v 2.792023 3.489138 -9.954286
v 2.792024 15.362562 -9.952533
v 2.792023 3.489217 -10.642028
v -0.000000 3.489217 -10.642028
v -0.000000 17.369724 -10.440517
v -0.000000 15.397331 -10.640270
v -0.000000 19.365810 -9.834998
v -0.000000 21.206257 -8.851264
v -0.000000 22.819392 -7.527380
v -0.000000 24.143282 -5.914239
v -0.000000 25.127027 -4.073798
v -0.000000 25.732828 -2.076802
v 2.792024 25.055041 -1.941973
v 2.792024 24.488563 -3.809336
v 2.792024 17.233985 -9.763005
v 2.792024 19.101348 -9.196535
v 2.792024 20.822315 -8.276662
v 2.792024 22.330735 -7.038719
v 2.792024 23.568681 -5.530300
v -0.000000 27.696894 -2.076802
v 2.792024 27.696894 -2.076802
v 3.432887 9.425850 -9.953410
v 3.432887 9.390585 -8.516307
v -0.000000 9.390585 -8.516307
v -0.000000 9.443277 -10.641149
v 2.792023 9.425850 -9.953410
v 2.792023 9.443277 -10.641149
v 1.396011 3.489217 -10.642028
v 1.396012 25.732828 -2.076802
v 1.396012 25.127027 -4.073798
v 1.396012 24.143282 -5.914239
v 1.396012 22.819392 -7.527380
v 1.396012 21.206257 -8.851264
v 1.396012 19.365810 -9.834998
v 1.396012 17.369724 -10.440517
v 1.396012 27.696894 -2.076802
v 1.396012 9.443277 -10.641149
v 3.432887 12.394206 -9.952971
v 3.432887 12.341313 -8.516307
v -0.000000 12.341313 -8.516307
v -0.000000 12.420308 -10.640709
v 2.792023 12.394206 -9.952971
v 1.396012 15.397331 -10.640270
v 2.792023 12.420308 -10.640709
v -3.432888 15.362562 9.952529
v -3.432888 3.489141 9.954288
v -3.432889 25.246323 -0.000003
v -3.432889 25.055034 1.941967
v -3.432888 24.488557 3.809327
v -3.432888 23.568688 5.530293
v -3.432888 22.330741 7.038713
v -3.432888 20.822315 8.276653
v -3.432888 19.101348 9.196531
v -3.432888 17.233985 9.762999
v -3.432888 15.292038 8.516303
v -3.432888 3.489141 8.516306
v -3.432889 23.808341 -0.000003
v -3.432889 23.644710 1.661453
v -3.432888 23.160074 3.259054
v -3.432888 22.373076 4.731411
v -3.432888 21.313965 6.021940
v -3.432888 20.023434 7.081051
v -3.432888 18.551077 7.868039
v -3.432888 16.953473 8.352668
v -2.792024 25.732828 2.076793
v -2.792024 25.127021 4.073792
v -2.792024 24.143288 5.914234
v -2.792024 22.819392 7.527371
v -2.792024 21.206251 8.851260
v -2.792024 19.365810 9.834992
v -2.792024 17.369724 10.440514
v -2.792023 3.489141 9.954288
v -2.792024 15.362562 9.952529
v -2.792024 25.937397 -0.000003
v -2.792023 3.489220 10.642026
v -2.792024 25.055034 1.941967
v -2.792024 24.488557 3.809327
v -2.792024 17.233985 9.762999
v -2.792024 19.101348 9.196531
v -2.792024 20.822315 8.276653
v -2.792024 22.330741 7.038713
v -2.792024 23.568688 5.530293
v -2.792024 25.246329 -0.000003
v -2.792024 27.696894 2.076793
v -2.792024 27.696894 -0.000003
v -3.432888 9.425850 9.953405
v -3.432888 9.390591 8.516306
v -2.792023 9.425850 9.953405
v -2.792023 9.443280 10.641147
v -1.396011 3.489220 10.642026
v -1.396012 25.732828 2.076793
v -1.396012 25.127021 4.073792
v -1.396012 24.143288 5.914234
v -1.396012 22.819392 7.527371
v -1.396012 21.206251 8.851260
v -1.396012 19.365810 9.834992
v -1.396012 17.369724 10.440514
v -1.396012 27.696894 2.076793
v -1.396012 27.696894 -0.000003
v -1.396012 9.443280 10.641147
v -3.432888 12.394206 9.952969
v -3.432888 12.341313 8.516303
v -2.792023 12.394206 9.952969
v -2.792024 15.397338 10.640267
v -1.396012 15.397338 10.640267
v 3.432887 15.362562 9.952529
v 3.432887 3.489141 9.954288
v 3.432888 25.246323 -0.000003
v 3.432888 25.055034 1.941967
v 3.432888 24.488557 3.809327
v 3.432888 23.568688 5.530293
v 3.432888 22.330741 7.038713
v 3.432888 20.822315 8.276653
v 3.432888 19.101348 9.196531
v 3.432887 17.233985 9.762999
v 3.432887 15.292038 8.516303
v 3.432887 3.489141 8.516306
v 3.432888 23.808341 -0.000003
v 3.432888 23.644710 1.661453
v 3.432888 23.160074 3.259054
v 3.432888 22.373076 4.731411
v 3.432888 21.313965 6.021940
v 3.432888 20.023434 7.081051
v 3.432888 18.551077 7.868039
v 3.432887 16.953473 8.352668
v -0.000000 16.953473 8.352668
v -0.000000 18.551077 7.868039
v -0.000000 20.023434 7.081051
v -0.000000 21.313965 6.021940
v -0.000000 22.373076 4.731411
v -0.000000 23.160074 3.259054
v -0.000000 23.644710 1.661453
v -0.000000 23.808341 -0.000003
v -0.000000 3.489141 8.516306
v -0.000000 15.292038 8.516303
v 2.792024 25.732828 2.076793
v 2.792024 25.127021 4.073792
v 2.792024 24.143288 5.914234
v 2.792024 22.819392 7.527371
v 2.792024 21.206251 8.851260
v 2.792024 19.365810 9.834992
v 2.792024 17.369724 10.440514
v 2.792023 3.489141 9.954288
v 2.792024 15.362562 9.952529
v 2.792024 25.937397 -0.000003
v 2.792023 3.489220 10.642026
v -0.000000 3.489220 10.642026
v -0.000000 17.369724 10.440514
v -0.000000 15.397338 10.640267
v -0.000000 19.365810 9.834992
v -0.000000 21.206251 8.851260
v -0.000000 22.819392 7.527371
v -0.000000 24.143288 5.914234
v -0.000000 25.127021 4.073792
v -0.000000 25.732828 2.076793
v 2.792024 25.055034 1.941967
v 2.792024 24.488557 3.809327
v 2.792024 17.233985 9.762999
v 2.792024 19.101348 9.196531
v 2.792024 20.822315 8.276653
v 2.792024 22.330741 7.038713
v 2.792024 23.568688 5.530293
v 2.792024 25.246329 -0.000003
v -0.000000 25.937397 -0.000003
v -0.000000 27.696894 2.076793
v 2.792024 27.696894 2.076793
v -0.000000 27.696894 -0.000003
v 2.792024 27.696894 -0.000003
v 3.432887 9.425850 9.953405
v 3.432887 9.390591 8.516306
v -0.000000 9.390591 8.516306
v -0.000000 9.443280 10.641147
v 2.792023 9.425850 9.953405
v 2.792023 9.443280 10.641147
v 1.396011 3.489220 10.642026
v 1.396012 25.732828 2.076793
v 1.396012 25.127021 4.073792
v 1.396012 24.143288 5.914234
v 1.396012 22.819392 7.527371
v 1.396012 21.206251 8.851260
v 1.396012 19.365810 9.834992
v 1.396012 17.369724 10.440514
v 1.396012 27.696894 2.076793
v 1.396012 27.696894 -0.000003
v 1.396012 9.443280 10.641147
v 3.432887 12.394206 9.952969
v 3.432887 12.341313 8.516303
v -0.000000 12.341313 8.516303
v -0.000000 12.420308 10.640704
v 2.792023 12.394206 9.952969
v 1.396012 15.397338 10.640267
v -1.739465 22.773127 -10.750426
v -1.739465 24.880838 -10.750427
v -1.236983 22.773127 -10.750426
v -1.236983 24.880838 -10.750427
v -2.354534 23.389735 -10.750426
v -1.236983 1.353658 -10.750423
v -1.236983 31.223710 -10.750427
v -1.236983 2.886851 -10.750423
v -2.354534 1.353658 -10.750423
v -1.739465 2.270246 -10.750423
v -3.465545 1.353658 -10.750423
v -1.739465 24.880845 10.750419
v -1.236983 24.880838 -0.000003
v -1.236983 22.773127 10.750416
v -1.236983 24.880845 10.750419
v -1.739465 24.264237 10.750416
v -1.236983 1.353661 10.750423
v -1.063747 31.396947 10.750416
v -1.236983 2.886854 10.750423
v -2.354534 1.353661 10.750423
v -2.354534 2.270250 10.750423
v -3.465545 1.353661 10.750423
v -3.465545 0.132155 10.750423
v -3.465545 0.132152 -10.750423
v -1.236983 16.288684 -10.750425
v -1.236983 16.288690 10.750419
v -1.236983 8.821171 -10.750424
v -1.236983 8.821174 10.750423
v -1.236983 23.756197 -10.750426
v -1.236983 23.756197 10.750419
v -1.236983 5.087414 -10.750423
v -1.236983 5.087418 10.750423
v -1.236983 20.022444 -10.750426
v -1.236983 20.022444 10.750419
v -1.236983 12.554931 -10.750424
v -1.236983 12.554931 10.750423
v -1.236983 27.489950 -10.750427
v -1.236983 27.489956 10.750419
v -1.739465 24.572538 -10.750427
v -1.236983 24.572538 -0.000005
v -1.236983 24.880838 -5.375215
v -1.488224 22.773127 -10.750426
v -1.488224 24.880838 -10.750427
v -1.488224 24.880838 -0.000003
v -1.739465 23.081434 -10.750426
v -1.739465 23.389735 -5.375215
v -2.354534 23.826983 -10.750426
v -2.354534 24.264237 -5.375215
v -2.047000 24.264237 -10.750427
v -2.047000 23.389735 -10.750426
v -1.739465 24.880845 5.375208
v -1.739465 24.572538 10.750419
v -1.236983 24.880845 5.375208
v -1.488224 22.773127 10.750416
v -1.488224 24.880845 10.750419
v -1.739465 23.081434 10.750419
v -1.739465 24.264237 5.375208
v -2.354534 23.826989 10.750419
v -2.354534 24.264237 5.375208
v -2.047000 24.264237 10.750416
v -2.047000 23.389735 10.750419
v -2.047000 23.389735 5.375208
v -2.354534 23.826989 5.375206
v -2.047000 24.264237 5.375208
v -1.739465 23.081434 5.375206
v -1.488224 24.572538 -0.000005
v -1.488224 24.880845 5.375208
v -1.739465 24.572538 5.375206
v -2.047000 23.389735 -5.375215
v -2.354534 23.826983 -5.375216
v -2.047000 24.264237 -5.375215
v -1.739465 23.081434 -5.375216
v -1.488224 24.880838 -5.375215
v -1.739465 24.572538 -5.375216
v -1.739465 24.880838 -8.062820
v -1.739465 24.726688 -10.750427
v -1.236983 24.726688 -0.000003
v -1.236983 24.880838 -8.062820
v -1.362603 22.773127 -10.750426
v -1.613845 24.880838 -10.750427
v -1.613845 24.880838 -0.000003
v -1.739465 23.235584 -10.750427
v -2.354534 24.045607 -10.750427
v -2.354534 24.264237 -2.687609
v -1.893233 24.264237 -10.750427
v -1.893233 23.389735 -10.750426
v -1.739465 24.726688 10.750419
v -1.236983 24.880845 8.062812
v -1.362603 22.773127 10.750416
v -1.613845 24.880845 10.750419
v -1.739465 23.235584 10.750419
v -1.739465 24.264237 2.687602
v -2.354534 24.045613 10.750419
v -2.354534 24.264237 2.687602
v -1.893233 24.264237 10.750416
v -1.893233 23.389735 10.750419
v -1.739465 24.418387 -10.750427
v -1.236983 22.773127 -8.062820
v -1.236983 24.880838 -2.687609
v -1.613845 22.773127 -10.750426
v -1.362603 24.880838 -10.750427
v -1.739465 22.927277 -10.750427
v -1.739465 23.389735 -8.062820
v -2.354534 23.608359 -10.750427
v -2.354534 23.389735 -8.062820
v -2.200766 24.264237 -10.750427
v -2.200766 23.389735 -10.750426
v -1.739465 24.418387 10.750419
v -1.236983 22.773127 8.062812
v -1.236983 24.880838 2.687602
v -1.613845 22.773127 10.750416
v -1.362603 24.880845 10.750419
v -1.739465 22.927284 10.750419
v -1.739465 23.389735 8.062812
v -1.739465 24.264237 8.062812
v -2.354534 23.608365 10.750419
v -2.354534 23.389735 8.062812
v -2.354534 24.264237 8.062812
v -2.200766 24.264237 10.750416
v -2.200766 23.389735 10.750419
v -2.047000 23.389735 8.062812
v -1.893233 23.389735 5.375208
v -2.200766 23.389735 5.375208
v -2.354534 23.826989 8.062815
v -2.354534 23.608359 5.375208
v -2.354534 24.045613 5.375208
v -2.047000 24.264237 2.687602
v -2.047000 24.264237 8.062812
v -1.893233 24.264237 5.375208
v -2.200766 24.264237 5.375208
v -1.739465 23.081434 8.062812
v -1.739465 22.927284 5.375208
v -1.739465 23.235584 5.375208
v -1.488224 24.726688 -0.000003
v -1.613845 24.572538 -0.000005
v -1.362603 24.572538 -0.000005
v -1.488224 24.880845 8.062812
v -1.488224 24.880838 2.687602
v -1.613845 24.880845 5.375208
v -1.362603 24.880845 5.375208
v -1.488224 22.773127 8.062812
v -1.739465 24.572538 8.062812
v -1.739465 24.572538 2.687601
v -1.739465 24.418387 5.375208
v -1.739465 24.726688 5.375208
v -2.200766 23.389735 -5.375215
v -1.893233 23.389735 -5.375215
v -2.047000 23.389735 -8.062820
v -2.354534 24.045607 -5.375215
v -2.354534 23.608359 -5.375215
v -2.354534 23.826983 -8.062820
v -2.200766 24.264237 -5.375215
v -1.893233 24.264237 -5.375215
v -2.047000 24.264237 -8.062820
v -2.047000 24.264237 -2.687609
v -1.739465 23.235584 -5.375215
v -1.739465 22.927277 -5.375215
v -1.739465 23.081434 -8.062820
v -1.362603 24.880838 -5.375215
v -1.613845 24.880838 -5.375215
v -1.488224 24.880838 -2.687609
v -1.488224 24.880838 -8.062820
v -1.488224 22.773127 -8.062820
v -1.739465 24.726688 -5.375215
v -1.739465 24.418387 -5.375215
v -1.739465 24.572538 -2.687611
v -1.739465 24.572538 -8.062820
v -1.739465 24.418387 -8.062821
v -1.739465 24.418387 -2.687609
v -1.739465 24.726688 -2.687609
v -1.613845 22.773127 -8.062820
v -1.362603 22.773127 -8.062820
v -1.613845 24.880838 -8.062820
v -1.613845 24.880838 -2.687609
v -1.362603 24.880838 -2.687609
v -1.739465 22.927277 -8.062820
v -1.893233 24.264237 -2.687609
v -1.893233 24.264237 -8.062820
v -2.200766 24.264237 -8.062820
v -2.354534 23.608359 -8.062820
v -2.354534 24.045613 -2.687609
v -1.893233 23.389735 -8.062820
v -1.739465 24.726688 2.687602
v -1.739465 24.418387 2.687602
v -1.739465 24.418387 8.062812
v -1.362603 22.773127 8.062812
v -1.613845 22.773127 8.062812
v -1.362603 24.880838 2.687602
v -1.613845 24.880838 2.687602
v -1.613845 24.880845 8.062812
v -1.613845 24.726688 -0.000003
v -1.739465 22.927284 8.062812
v -2.200766 24.264237 8.062812
v -1.893233 24.264237 8.062812
v -1.893233 24.264237 2.687602
v -2.354534 24.045613 2.687602
v -2.354534 23.608365 8.062812
v -1.893233 23.389735 8.062812
v -2.200766 23.389735 8.062812
v -2.354534 24.045613 8.062812
v -2.200766 24.264237 2.687602
v -1.739465 23.235584 8.062812
v -1.362603 24.726688 -0.000003
v -1.362603 24.880845 8.062812
v -1.739465 24.726688 8.062812
v -2.200766 23.389735 -8.062820
v -2.354534 24.045607 -8.062821
v -2.200766 24.264237 -2.687609
v -1.739465 23.235584 -8.062820
v -1.362603 24.880838 -8.062820
v -1.739465 24.726688 -8.062821
v -1.739465 24.726688 -0.000003
v -1.739465 24.880838 -0.000003
v -1.739465 24.264237 -2.687609
v -1.063747 31.396947 -0.000005
v -1.063747 31.396947 -10.750427
v -1.236983 31.223710 -1.343807
v -1.236983 31.223710 -0.000005
v -1.739465 2.886851 -10.750423
v -1.739465 24.880845 8.062812
v -1.236983 31.223710 1.343799
v -1.739465 2.886854 10.750423
v -1.236983 31.223710 -6.719018
v -1.236983 31.223710 -5.375216
v -1.236983 31.223710 6.719008
v -1.236983 31.223710 5.375206
v -1.236983 31.223710 -4.031413
v -1.236983 31.223710 -2.687611
v -1.236983 31.223710 4.031404
v -1.236983 31.223710 2.687601
v -1.236983 31.223710 -9.406625
v -1.236983 31.223710 -8.062822
v -1.236983 31.223710 9.406612
v -1.236983 31.223710 8.062812
v -1.236983 31.223716 10.750416
v -1.739465 24.572538 -0.000005
v -1.739465 22.773127 -8.062820
v -1.739465 24.880838 -2.687609
v -1.739465 24.880838 -5.375215
v -1.362603 24.880838 -0.000003
v -1.739465 24.264237 -8.062820
v -1.739465 24.264237 -5.375215
v -2.354534 23.389735 -5.375215
v -2.354534 24.264237 -8.062820
v -1.739465 22.773127 8.062812
v -1.739465 24.880838 2.687602
v -1.739465 23.389735 5.375208
v -2.354534 23.389735 5.375208
v -1.739465 23.389735 -10.750426
v -1.739465 24.264237 -10.750427
v -2.354534 24.264237 -10.750427
v -1.739465 22.773127 10.750416
v -1.739465 23.389735 10.750419
v -2.354534 23.389735 10.750419
v -2.354534 24.264237 10.750416
v -2.354534 2.270246 -10.750423
v -1.739465 2.270250 10.750423
v -1.236983 5.087418 9.953143
v -1.236983 1.353661 9.953750
v -1.236983 2.886854 9.953500
v -1.739465 2.886854 9.953500
v -1.739465 2.270250 9.953599
v -2.354534 2.270250 9.953599
v -2.354534 1.353661 9.953750
v -3.465545 0.132155 9.953943
v -3.465545 1.353661 9.953750
v -1.236983 1.353658 -9.953931
v -1.236983 2.886854 -9.953769
v -1.739465 2.270246 -9.953835
v -2.354534 2.270246 -9.953835
v -2.354534 1.353658 -9.953931
v -3.465545 1.353658 -9.953931
v -2.827726 1.353658 -9.953931
v -3.465545 0.132152 -9.954061
v -1.236983 8.821174 9.952716
v -1.236983 16.462013 -9.763004
v -1.236983 16.288684 -9.780558
v -1.236983 21.558782 7.038703
v -2.354534 23.608359 -4.011823
v -2.354534 23.716598 -3.809336
v -1.236983 23.445245 -4.316984
v -1.236983 23.716598 -3.809336
v -1.236983 24.283069 -1.941973
v -1.739465 24.283069 -1.941973
v -1.739465 24.418387 -0.568170
v -1.236983 20.050363 8.276646
v -1.488224 24.474351 -0.000003
v -1.613845 24.474351 -0.000003
v -1.659451 24.474351 -0.000003
v -1.282591 24.474351 -0.000003
v -1.362603 24.474351 -0.000003
v -1.236983 24.474351 -0.000003
v -1.739465 24.474351 -0.000003
v -1.236983 21.558763 -7.038719
v -1.739465 22.796716 -5.530300
v -1.739465 22.879614 -5.375215
v -1.236983 22.796716 -5.530300
v -1.739465 22.927277 -5.286032
v -1.739465 23.235584 -4.709239
v -1.739465 23.389728 -4.420840
v -1.739465 23.081434 -4.997634
v -2.354534 23.389728 -4.420840
v -1.893233 23.389728 -4.420840
v -2.200766 23.389728 -4.420840
v -2.047000 23.389728 -4.420840
v -1.739465 24.418387 0.568161
v -1.236983 24.283062 1.941952
v -1.739465 24.283062 1.941952
v -1.236983 18.329376 -9.196535
v -1.236983 20.050343 -8.276662
v -1.236983 20.022444 -8.291575
v -1.739465 24.264237 2.004029
v -2.354534 24.264237 2.004029
v -2.354534 24.056873 2.687602
v -1.893233 24.264237 2.004029
v -2.200766 24.264237 2.004029
v -2.047000 24.264237 2.004029
v -2.354534 24.045607 2.724724
v -1.236983 23.756197 3.678774
v -2.354534 23.826989 3.445421
v -2.354534 23.716598 3.809314
v -1.236983 23.716598 3.809314
v -1.236983 23.756203 -3.678777
v -2.354534 23.826983 -3.445429
v -1.739465 24.264237 -2.004051
v -1.893233 24.264237 -2.004051
v -2.200766 24.264231 -2.004051
v -2.047000 24.264237 -2.004051
v -2.354534 24.045613 -2.724739
v -2.354534 24.056873 -2.687609
v -2.354534 24.264231 -2.004051
v -1.236983 16.462033 9.762999
v -1.236983 16.288690 9.780551
v -1.236983 12.554931 9.902888
v -1.236983 20.022444 8.291570
v -1.236983 18.329395 9.196525
v -1.236983 12.554924 -9.952747
v -1.236983 8.821171 -9.953142
v -1.236983 5.087414 -9.953536
v -1.739465 2.886854 -9.953769
v -1.739465 22.927284 5.286027
v -1.739465 22.879614 5.375208
v -1.236983 22.796729 5.530282
v -1.739465 22.796729 5.530282
v -1.362603 22.773127 5.559033
v -1.488224 22.773127 5.559033
v -1.739465 22.773127 5.559033
v -1.613845 22.773127 5.559033
v -1.236983 22.773127 5.559033
v -2.354534 23.608365 4.011813
v -1.739465 23.389741 4.420832
v -2.047000 23.389741 4.420832
v -1.893233 23.389741 4.420832
v -1.739465 23.081434 4.997626
v -2.200766 23.389741 4.420832
v -1.739465 23.235584 4.709231
v -1.236983 23.560177 4.101952
v -2.354534 23.389741 4.420832
v -1.613845 22.773127 -5.559041
v -1.236983 22.773127 -5.559041
v -1.739465 22.773127 -5.559041
v -1.362603 22.773127 -5.559041
v -1.488224 22.773127 -5.559041
v 1.739465 24.880838 -10.750427
v 1.236983 22.773127 -10.750426
v 1.236983 24.880838 -10.750427
v 1.739465 23.389735 -10.750426
v 1.739465 24.264237 -10.750427
v 1.236983 1.353658 -10.750423
v -0.000000 31.396947 -10.750427
v 1.236983 31.223710 -10.750427
v 1.739465 2.886851 -10.750423
v 1.236983 2.886851 -10.750423
v 1.739465 2.270246 -10.750423
v 1.739465 24.880845 10.750419
v 1.236983 24.880838 -0.000003
v 1.236983 22.773127 10.750416
v 1.236983 24.880845 10.750419
v 1.739465 23.389735 10.750419
v 2.354534 24.264237 10.750416
v 1.236983 1.353661 10.750423
v -0.000000 31.396947 -0.000005
v -0.000000 31.396947 10.750416
v 1.063747 31.396947 10.750416
v 1.236983 2.886854 10.750423
v 2.354534 1.353661 10.750423
v 2.354534 2.270250 10.750423
v 3.465545 1.353661 10.750423
v 3.465545 0.132155 10.750423
v 3.465545 0.132152 -10.750423
v 1.236983 16.288684 -10.750425
v 1.236983 16.288690 10.750419
v 1.236983 8.821171 -10.750424
v 1.236983 8.821174 10.750423
v 1.236983 23.756197 -10.750426
v 1.236983 23.756197 10.750419
v 1.236983 5.087414 -10.750423
v 1.236983 5.087418 10.750423
v 1.236983 20.022444 -10.750426
v 1.236983 20.022444 10.750419
v 1.236983 12.554931 -10.750424
v 1.236983 12.554931 10.750423
v 1.236983 27.489950 -10.750427
v 1.236983 27.489956 10.750419
v 1.739465 24.572538 -10.750427
v 1.236983 24.572538 -0.000005
v 1.236983 24.880838 -5.375215
v 1.488224 22.773127 -10.750426
v 1.488224 24.880838 -10.750427
v 1.739465 23.081434 -10.750426
v 1.739465 23.389735 -5.375215
v 1.739465 24.264237 -5.375215
v 2.354534 23.826983 -10.750426
v 2.047000 24.264237 -10.750427
v 2.047000 23.389735 -10.750426
v 1.739465 24.572538 10.750419
v 1.236983 24.880845 5.375208
v 1.488224 22.773127 10.750416
v 1.488224 24.880845 10.750419
v 1.739465 23.081434 10.750419
v 1.739465 24.264237 5.375208
v 2.354534 23.826989 10.750419
v 2.354534 23.389735 5.375208
v 2.354534 24.264237 5.375208
v 2.047000 24.264237 10.750416
v 2.047000 23.389735 10.750419
v 2.047000 23.389735 5.375208
v 2.354534 23.826989 5.375206
v 2.047000 24.264237 5.375208
v 1.739465 23.081434 5.375206
v 1.488224 24.572538 -0.000005
v 1.488224 24.880845 5.375208
v 1.739465 24.572538 5.375206
v 2.047000 23.389735 -5.375215
v 2.354534 23.826983 -5.375216
v 2.047000 24.264237 -5.375215
v 1.739465 23.081434 -5.375216
v 1.488224 24.880838 -5.375215
v 1.739465 24.572538 -5.375216
v 1.739465 24.726688 -10.750427
v 1.236983 24.726688 -0.000003
v 1.236983 24.880838 -8.062820
v 1.362603 22.773127 -10.750426
v 1.613845 24.880838 -10.750427
v 1.739465 23.235584 -10.750427
v 2.354534 24.045607 -10.750427
v 1.893233 24.264237 -10.750427
v 1.893233 23.389735 -10.750426
v 1.739465 24.880845 8.062812
v 1.739465 24.726688 10.750419
v 1.236983 24.880845 8.062812
v 1.362603 22.773127 10.750416
v 1.613845 24.880845 10.750419
v 1.739465 23.235584 10.750419
v 1.739465 24.264237 2.687602
v 2.354534 24.045613 10.750419
v 1.893233 24.264237 10.750416
v 1.893233 23.389735 10.750419
v 1.739465 22.773127 -8.062820
v 1.739465 24.880838 -2.687609
v 1.739465 24.418387 -10.750427
v 1.236983 22.773127 -8.062820
v 1.236983 24.880838 -2.687609
v 1.613845 22.773127 -10.750426
v 1.362603 24.880838 -10.750427
v 1.739465 22.927277 -10.750427
v 2.354534 23.608359 -10.750427
v 2.354534 24.264237 -8.062820
v 2.200766 24.264237 -10.750427
v 2.200766 23.389735 -10.750426
v 1.739465 22.773127 8.062812
v 1.739465 24.880838 2.687602
v 1.739465 24.418387 10.750419
v 1.236983 22.773127 8.062812
v 1.236983 24.880838 2.687602
v 1.613845 22.773127 10.750416
v 1.362603 24.880845 10.750419
v 1.739465 22.927284 10.750419
v 2.354534 23.608365 10.750419
v 2.354534 23.389735 8.062812
v 2.200766 24.264237 10.750416
v 2.200766 23.389735 10.750419
v 2.047000 23.389735 8.062812
v 1.893233 23.389735 5.375208
v 2.200766 23.389735 5.375208
v 2.354534 23.826989 8.062815
v 2.354534 23.608359 5.375208
v 2.354534 24.045613 5.375208
v 2.047000 24.264237 2.687602
v 2.047000 24.264237 8.062812
v 1.893233 24.264237 5.375208
v 2.200766 24.264237 5.375208
v 1.739465 23.081434 8.062812
v 1.739465 22.927284 5.375208
v 1.739465 23.235584 5.375208
v 1.488224 24.726688 -0.000003
v 1.613845 24.572538 -0.000005
v 1.362603 24.572538 -0.000005
v 1.488224 24.880845 8.062812
v 1.488224 24.880838 2.687602
v 1.613845 24.880845 5.375208
v 1.362603 24.880845 5.375208
v 1.488224 22.773127 8.062812
v 1.739465 24.572538 8.062812
v 1.739465 24.572538 2.687601
v 1.739465 24.418387 5.375208
v 1.739465 24.726688 5.375208
v 2.200766 23.389735 -5.375215
v 1.893233 23.389735 -5.375215
v 2.047000 23.389735 -8.062820
v 2.354534 24.045607 -5.375215
v 2.354534 23.608359 -5.375215
v 2.354534 23.826983 -8.062820
v 2.200766 24.264237 -5.375215
v 1.893233 24.264237 -5.375215
v 2.047000 24.264237 -8.062820
v 2.047000 24.264237 -2.687609
v 1.739465 23.235584 -5.375215
v 1.739465 22.927277 -5.375215
v 1.739465 23.081434 -8.062820
v 1.362603 24.880838 -5.375215
v 1.613845 24.880838 -5.375215
v 1.488224 24.880838 -2.687609
v 1.488224 24.880838 -8.062820
v 1.488224 22.773127 -8.062820
v 1.739465 24.726688 -5.375215
v 1.739465 24.418387 -5.375215
v 1.739465 24.572538 -2.687611
v 1.739465 24.572538 -8.062820
v 1.739465 24.418387 -8.062821
v 1.739465 24.418387 -2.687609
v 1.739465 24.726688 -2.687609
v 1.613845 22.773127 -8.062820
v 1.362603 22.773127 -8.062820
v 1.613845 24.880838 -8.062820
v 1.613845 24.880838 -2.687609
v 1.362603 24.880838 -2.687609
v 1.739465 22.927277 -8.062820
v 1.893233 24.264237 -2.687609
v 1.893233 24.264237 -8.062820
v 2.200766 24.264237 -8.062820
v 2.354534 23.608359 -8.062820
v 2.354534 24.045613 -2.687609
v 1.893233 23.389735 -8.062820
v 1.739465 24.726688 2.687602
v 1.739465 24.418387 2.687602
v 1.739465 24.418387 8.062812
v 1.362603 22.773127 8.062812
v 1.613845 22.773127 8.062812
v 1.362603 24.880838 2.687602
v 1.613845 24.880838 2.687602
v 1.613845 24.880845 8.062812
v 1.613845 24.726688 -0.000003
v 1.739465 22.927284 8.062812
v 2.200766 24.264237 8.062812
v 1.893233 24.264237 8.062812
v 1.893233 24.264237 2.687602
v 2.354534 24.045613 2.687602
v 2.354534 23.608365 8.062812
v 1.893233 23.389735 8.062812
v 2.200766 23.389735 8.062812
v 2.354534 24.045613 8.062812
v 2.200766 24.264237 2.687602
v 1.739465 23.235584 8.062812
v 1.362603 24.726688 -0.000003
v 1.362603 24.880845 8.062812
v 1.739465 24.726688 8.062812
v 2.200766 23.389735 -8.062820
v 2.354534 24.045607 -8.062821
v 2.200766 24.264237 -2.687609
v 1.739465 23.235584 -8.062820
v 1.362603 24.880838 -8.062820
v 1.739465 24.726688 -8.062821
v 1.739465 24.726688 -0.000003
v 1.739465 24.880838 -0.000003
v 1.739465 24.880838 -8.062820
v 1.613845 24.880838 -0.000003
v 1.739465 24.264237 -2.687609
v 2.354534 24.264237 -2.687609
v 1.063747 31.396947 -0.000005
v 1.063747 31.396947 -10.750427
v 1.236983 31.223710 -1.343807
v 1.236983 31.223710 -0.000005
v 2.354534 24.264237 2.687602
v 1.236983 31.223710 1.343799
v 1.739465 2.886854 10.750423
v 1.236983 31.223710 -6.719018
v 1.236983 31.223710 -5.375216
v 1.236983 31.223710 6.719008
v 1.236983 31.223710 5.375206
v 1.236983 31.223710 -4.031413
v 1.236983 31.223710 -2.687611
v 1.236983 31.223710 4.031404
v 1.236983 31.223710 2.687601
v 1.236983 31.223710 -9.406625
v 1.236983 31.223710 -8.062822
v 1.236983 31.223710 9.406612
v 1.236983 31.223710 8.062812
v 1.236983 31.223716 10.750416
v 1.739465 24.572538 -0.000005
v 1.739465 24.880838 -5.375215
v 1.362603 24.880838 -0.000003
v 1.488224 24.880838 -0.000003
v 1.739465 23.389735 -8.062820
v 1.739465 24.264237 -8.062820
v 2.354534 23.389735 -8.062820
v 2.354534 23.389735 -5.375215
v 2.354534 24.264237 -5.375215
v 1.739465 24.880845 5.375208
v 1.739465 23.389735 8.062812
v 1.739465 23.389735 5.375208
v 1.739465 24.264237 8.062812
v 2.354534 24.264237 8.062812
v 1.739465 22.773127 -10.750426
v 2.354534 23.389735 -10.750426
v 2.354534 24.264237 -10.750427
v 1.739465 22.773127 10.750416
v 1.739465 24.264237 10.750416
v 2.354534 23.389735 10.750419
v 3.465545 1.353658 -10.750423
v 2.354534 2.270246 -10.750423
v 2.354534 1.353658 -10.750423
v 1.739465 2.270250 10.750423
v 1.236983 5.087418 9.953143
v 1.236983 1.353661 9.953750
v 1.236983 2.886854 9.953500
v 1.739465 2.886854 9.953500
v 1.739465 2.270250 9.953599
v 2.354534 2.270250 9.953599
v 2.354534 1.353661 9.953750
v 3.465545 0.132155 9.953943
v 3.465545 1.353661 9.953750
v 1.236983 1.353658 -9.953931
v 1.236983 2.886854 -9.953769
v 1.739465 2.270246 -9.953835
v 2.354534 2.270246 -9.953835
v 3.465545 1.353658 -9.953931
v 2.827726 1.353658 -9.953931
v 2.354534 1.353658 -9.953931
v 3.465545 0.132152 -9.954061
v 1.236983 8.821174 9.952716
v 1.236983 16.462013 -9.763004
v 1.236983 16.288684 -9.780558
v 1.236983 21.558782 7.038703
v 2.354534 23.608359 -4.011823
v 2.354534 23.716598 -3.809336
v 1.236983 23.445245 -4.316984
v 1.236983 23.716598 -3.809336
v 1.236983 24.283069 -1.941973
v 1.739465 24.283069 -1.941973
v 1.739465 24.418387 -0.568170
v 1.236983 20.050363 8.276646
v 1.488224 24.474351 -0.000003
v 1.613845 24.474351 -0.000003
v 1.659451 24.474351 -0.000003
v 1.282591 24.474351 -0.000003
v 1.362603 24.474351 -0.000003
v 1.236983 24.474351 -0.000003
v 1.739465 24.474351 -0.000003
v 1.236983 21.558763 -7.038719
v 1.739465 22.796716 -5.530300
v 1.739465 22.879614 -5.375215
v 1.236983 22.796716 -5.530300
v 1.739465 22.927277 -5.286032
v 1.739465 23.235584 -4.709239
v 1.739465 23.389728 -4.420840
v 1.739465 23.081434 -4.997634
v 2.354534 23.389728 -4.420840
v 1.893233 23.389728 -4.420840
v 2.200766 23.389728 -4.420840
v 2.047000 23.389728 -4.420840
v 1.739465 24.418387 0.568161
v 1.236983 24.283062 1.941952
v 1.739465 24.283062 1.941952
v 1.236983 18.329376 -9.196535
v 1.236983 20.050343 -8.276662
v 1.236983 20.022444 -8.291575
v 1.739465 24.264237 2.004029
v 2.354534 24.264237 2.004029
v 2.354534 24.056873 2.687602
v 1.893233 24.264237 2.004029
v 2.200766 24.264237 2.004029
v 2.047000 24.264237 2.004029
v 2.354534 24.045607 2.724724
v 1.236983 23.756197 3.678774
v 2.354534 23.826989 3.445421
v 2.354534 23.716598 3.809314
v 1.236983 23.716598 3.809314
v 1.236983 23.756203 -3.678777
v 2.354534 23.826983 -3.445429
v 1.739465 24.264237 -2.004051
v 1.893233 24.264237 -2.004051
v 2.200766 24.264231 -2.004051
v 2.354534 24.264231 -2.004051
v 2.047000 24.264237 -2.004051
v 2.354534 24.045613 -2.724739
v 2.354534 24.056873 -2.687609
v 1.236983 16.462033 9.762999
v 1.236983 16.288690 9.780551
v 1.236983 12.554931 9.902888
v 1.236983 20.022444 8.291570
v 1.236983 18.329395 9.196525
v 1.236983 12.554924 -9.952747
v 1.236983 8.821171 -9.953142
v 1.236983 5.087414 -9.953536
v 1.739465 2.886854 -9.953769
v 1.739465 22.927284 5.286027
v 1.739465 22.879614 5.375208
v 1.236983 22.796729 5.530282
v 1.739465 22.796729 5.530282
v 1.362603 22.773127 5.559033
v 1.488224 22.773127 5.559033
v 1.613845 22.773127 5.559033
v 1.236983 22.773127 5.559033
v 1.739465 22.773127 5.559033
v 2.354534 23.608365 4.011813
v 2.354534 23.389741 4.420832
v 1.739465 23.389741 4.420832
v 2.047000 23.389741 4.420832
v 1.893233 23.389741 4.420832
v 1.739465 23.081434 4.997626
v 2.200766 23.389741 4.420832
v 1.739465 23.235584 4.709231
v 1.236983 23.560177 4.101952
v 1.613845 22.773127 -5.559041
v 1.236983 22.773127 -5.559041
v 1.362603 22.773127 -5.559041
v 1.488224 22.773127 -5.559041
v 1.739465 22.773127 -5.559041
v -0.000000 2.649953 -7.072218
v 1.396012 12.420301 -10.641149
v 2.792023 15.397338 -10.640710
v -2.792023 12.420314 10.641143
v -1.396012 12.420314 10.641143
v 2.792023 12.420314 10.641143
v 1.396012 12.420314 10.641143
v 2.792023 15.397338 10.640707
v -3.678211 2.654211 -7.072218
v -3.678211 2.654211 -7.072218
v -3.678211 3.489220 -7.072218
v -3.678211 3.489220 -7.072218
v -0.000000 3.489220 -7.072218
v 2.176546 3.489217 -10.750430
v 2.176546 3.489217 -8.573883
v 2.176546 3.489217 -8.573883
v 2.176546 11.924084 -8.573884
v -4.731185 0.132152 -6.019243
v -4.731185 0.132152 -6.019243
v -4.731185 2.654211 -6.019245
v -4.731185 2.654211 -6.019245
v -0.000000 2.654211 -7.072218
v -4.731185 0.132152 -10.750429
v -0.000000 2.654211 -6.019245
v -3.678211 30.851736 -7.072223
v -3.678211 30.851736 -7.072223
v -3.678211 30.195805 -7.072221
v -3.678211 30.195805 -7.072221
v -0.000000 30.195805 -7.072221
v 2.176546 30.195811 -10.750434
v 2.176546 30.195811 -8.573887
v 2.176546 30.195811 -8.573887
v -0.000000 30.195811 -8.573887
v -2.176546 30.195811 -8.573887
v -2.176546 30.195811 -8.573887
v -4.731185 31.866511 -6.019250
v -4.731185 31.866511 -6.019250
v -4.731185 30.851736 -6.019250
v -4.731185 30.851736 -6.019250
v -0.000000 30.851736 -7.072223
v -4.731185 31.866504 -10.750434
v -0.000000 30.851736 -6.019250
v -3.678211 3.489217 -10.750430
v -3.678211 2.654211 -10.750429
v -4.731185 2.654211 -10.750429
v -3.678211 30.195811 -10.750434
v -2.176546 30.195811 -10.750434
v -3.678211 30.851736 -10.750434
v -4.731185 30.851736 -10.750434
v -0.000000 3.489217 -8.573883
v -0.000000 0.132152 -6.019243
v -0.000000 31.866511 -6.019250
v -2.176546 25.135190 -8.573886
v -2.176546 25.135190 -8.573886
v -0.000000 25.135190 -8.573886
v -2.176546 25.135190 -10.750433
v -2.176546 25.135190 -10.750433
v -2.176546 22.604882 -8.573886
v -2.176546 22.604882 -8.573886
v -0.000000 22.604882 -8.573886
v 2.176546 22.604882 -8.573886
v 2.176546 22.604882 -8.573886
v 2.176546 22.604882 -10.750432
v 2.176546 22.604882 -10.750432
v -3.054194 22.604882 -7.696238
v -3.054194 22.604882 -7.696238
v -0.000000 22.604882 -7.696238
v 3.054194 22.604882 -7.696238
v 3.054194 22.604882 -7.696238
v -3.054194 22.604882 -10.750432
v -3.054194 22.604882 -10.750432
v -3.054194 25.135190 -10.750433
v -3.054194 25.135190 -10.750433
v 2.176546 25.135190 -10.750433
v 2.176546 25.135190 -10.750433
v 3.054194 25.135190 -10.750433
v 3.054194 25.135190 -10.750433
v 3.054194 23.356559 -7.696238
v 3.054194 23.356559 -7.696238
v -3.054194 23.356559 -10.750433
v -3.054194 23.356559 -10.750433
v -0.000000 24.383506 -7.696238
v 3.054194 24.383506 -7.696238
v 3.054194 24.383506 -7.696238
v -0.000000 23.356559 -7.696238
v 3.054194 23.356559 -10.750433
v 3.054194 23.356559 -10.750433
v 3.678211 2.654211 -7.072218
v 3.678211 2.654211 -7.072218
v 3.678211 3.489220 -7.072218
v 3.678211 3.489220 -7.072218
v 4.731185 0.132152 -6.019243
v 4.731185 0.132152 -6.019243
v 4.731185 2.654211 -6.019245
v 4.731185 2.654211 -6.019245
v 4.731185 0.132152 -10.750429
v 3.678211 30.851736 -7.072223
v 3.678211 30.851736 -7.072223
v 3.678211 30.195805 -7.072221
v 3.678211 30.195805 -7.072221
v 4.731185 31.866511 -6.019250
v 4.731185 31.866511 -6.019250
v 4.731185 30.851736 -6.019250
v 4.731185 30.851736 -6.019250
v 4.731185 31.866504 -10.750434
v 3.678211 3.489217 -10.750430
v 3.678211 2.654211 -10.750429
v 4.731185 2.654211 -10.750429
v 3.678211 30.195811 -10.750434
v 3.678211 30.851736 -10.750434
v 4.731185 30.851736 -10.750434
v -2.176546 3.489217 -8.573883
v -2.176546 3.489217 -8.573883
v -3.054194 24.383506 -7.696238
v -3.054194 24.383506 -7.696238
v -3.054194 25.135190 -7.696240
v -3.054194 25.135190 -7.696240
v 2.176546 25.135190 -8.573886
v 2.176546 25.135190 -8.573886
v 3.054194 25.135190 -7.696240
v 3.054194 25.135190 -7.696240
v -0.000000 25.135190 -7.696240
v -3.730775 23.356559 -7.019658
v -3.730775 23.356559 -7.019658
v -3.730775 24.383506 -7.019658
v -3.730775 24.383506 -7.019658
v 3.730774 24.383513 -7.019658
v 3.730774 24.383513 -7.019658
v 3.730774 23.356559 -7.019658
v 3.730774 23.356559 -7.019658
v -3.054194 23.356559 -7.696238
v -3.054194 23.356559 -7.696238
v -3.054194 24.383506 -10.750433
v -3.054194 24.383506 -10.750433
v -0.000000 24.383506 -7.019658
v -0.000000 23.356559 -7.019657
v -3.730774 23.356559 -10.750432
v -3.678211 2.654211 7.072219
v -3.678211 2.654211 7.072219
v -3.678211 3.489220 7.072216
v -3.678211 3.489220 7.072216
v -0.000000 3.489220 7.072216
v -0.000000 3.489220 8.573884
v -2.176546 3.489220 8.573884
v -2.176546 3.489220 8.573884
v -2.176546 11.924088 8.573881
v -4.731185 0.132155 6.019245
v -4.731185 0.132155 6.019245
v -4.731185 2.654215 6.019243
v -4.731185 2.654215 6.019243
v -0.000000 2.654211 7.072219
v -4.731185 0.132155 10.750429
v -0.000000 2.654215 6.019243
v -3.678211 30.851736 7.072213
v -3.678211 30.851736 7.072213
v -3.678211 30.195811 7.072213
v -3.678211 30.195811 7.072213
v -0.000000 30.195811 7.072213
v -0.000000 30.195811 8.573877
v -2.176546 30.195811 8.573877
v -2.176546 30.195811 8.573877
v -4.731185 31.866504 6.019238
v -4.731185 31.866504 6.019238
v -4.731185 30.851736 6.019238
v -4.731185 30.851736 6.019238
v -0.000000 30.851736 7.072213
v -4.731185 31.866511 10.750426
v -0.000000 30.851736 6.019238
v -3.678211 3.489220 10.750429
v -2.176546 3.489220 10.750429
v -3.678211 2.654215 10.750429
v -4.731185 2.654215 10.750429
v -3.678211 30.195811 10.750423
v -2.176546 30.195811 10.750423
v -3.678211 30.851736 10.750426
v -4.731185 30.851736 10.750426
v -0.000000 0.132155 6.019245
v 2.176546 30.195811 8.573877
v 2.176546 30.195811 8.573877
v -0.000000 31.866504 6.019238
v 2.176546 22.604889 8.573881
v 2.176546 22.604889 8.573881
v 2.176546 22.604889 10.750426
v 2.176546 22.604889 10.750426
v -0.000000 22.604889 8.573881
v -3.054194 25.135196 7.696232
v -3.054194 25.135196 7.696232
v -0.000000 25.135196 7.696232
v -3.054194 25.135196 10.750426
v -3.054194 25.135196 10.750426
v -0.000000 22.604889 7.696232
v 3.054194 22.604889 7.696232
v 3.054194 22.604889 7.696232
v 3.054194 23.356566 7.696232
v 3.054194 23.356566 7.696232
v -0.000000 24.383513 7.696232
v 3.054194 24.383513 7.696232
v 3.054194 24.383513 7.696232
v -0.000000 23.356566 7.696232
v 3.054194 24.383513 10.750426
v 3.054194 24.383513 10.750426
v 3.054194 23.356566 10.750426
v 3.054194 23.356566 10.750426
v -3.730775 24.383513 7.019652
v -3.730775 24.383513 7.019652
v -0.000000 24.383513 7.019652
v 3.678211 2.654211 7.072219
v 3.678211 2.654211 7.072219
v 3.678211 3.489220 7.072216
v 3.678211 3.489220 7.072216
v 2.176546 3.489220 8.573884
v 2.176546 3.489220 8.573884
v 2.176546 11.924088 8.573881
v 4.731185 0.132155 6.019245
v 4.731185 0.132155 6.019245
v 4.731185 2.654215 6.019243
v 4.731185 2.654215 6.019243
v 4.731185 0.132155 10.750429
v 3.678211 30.851736 7.072213
v 3.678211 30.851736 7.072213
v 3.678211 30.195811 7.072213
v 3.678211 30.195811 7.072213
v 4.731185 31.866504 6.019238
v 4.731185 31.866504 6.019238
v 4.731185 30.851736 6.019238
v 4.731185 30.851736 6.019238
v 4.731185 31.866511 10.750426
v 2.176546 20.074575 8.573881
v 3.678211 3.489220 10.750429
v 3.678211 2.654215 10.750429
v 4.731185 2.654215 10.750429
v 3.678211 30.195811 10.750423
v 3.678211 30.851736 10.750426
v 4.731185 30.851736 10.750426
v 2.176546 25.135196 8.573877
v 2.176546 25.135196 8.573877
v -0.000000 25.135196 8.573877
v -2.176546 25.135196 8.573877
v -2.176546 25.135196 8.573877
v -2.176546 25.135196 10.750426
v -2.176546 25.135196 10.750426
v -2.176546 20.074575 8.573881
v -2.176546 22.604889 8.573881
v -2.176546 22.604889 8.573881
v -2.176546 22.604889 10.750426
v -2.176546 22.604889 10.750426
v 3.054194 25.135196 7.696232
v 3.054194 25.135196 7.696232
v 3.054194 25.135196 10.750426
v 3.054194 25.135196 10.750426
v -3.054194 22.604889 7.696232
v -3.054194 22.604889 7.696232
v -3.054194 22.604889 10.750426
v -3.054194 22.604889 10.750426
v -3.054194 23.356566 7.696232
v -3.054194 23.356566 7.696232
v 3.730774 24.383513 7.019652
v 3.730774 24.383513 7.019652
v 3.730774 23.356566 7.019652
v 3.730774 23.356566 7.019652
v -3.054194 24.383513 7.696232
v -3.054194 24.383513 7.696232
v -3.054194 24.383513 10.750426
v -3.054194 24.383513 10.750426
v 3.730774 24.383513 10.750423
v 3.730774 23.356566 10.750426
v -0.000000 23.356566 7.019652
v -3.730775 23.356566 7.019652
v -3.730775 23.356566 7.019652
v -3.730774 23.356566 10.750426
v -3.432888 12.394206 -9.952971
v -3.432888 15.362562 -9.952533
v -3.432889 25.246323 -0.000003
v -3.432889 25.055041 -1.941973
v -3.432888 24.488563 -3.809336
v -3.432888 23.568681 -5.530300
v -3.432888 22.330735 -7.038719
v -3.432888 20.822315 -8.276662
v -3.432888 19.101348 -9.196535
v -3.432888 17.233985 -9.763005
v -3.432888 12.341313 -8.516307
v -3.432888 15.292032 -8.516308
v -3.432889 23.808341 -0.000003
v -3.432889 23.644703 -1.661461
v -3.432888 23.160074 -3.259060
v -3.432888 22.373076 -4.731417
v -3.432888 21.313965 -6.021946
v -3.432888 20.023434 -7.081059
v -3.432888 18.551070 -7.868048
v -3.432888 16.953473 -8.352672
v -1.396012 25.732828 -2.076802
v -2.792024 25.732828 -2.076802
v -2.792024 25.732828 -2.076802
v -2.792023 9.425850 -9.953410
v -2.792023 3.489138 -9.954286
v -2.792024 25.055041 -1.941973
v -2.792024 24.488563 -3.809336
v -2.792024 17.233985 -9.763005
v -2.792024 15.362562 -9.952533
v -2.792024 19.101348 -9.196535
v -2.792024 20.822315 -8.276662
v -2.792024 22.330735 -7.038719
v -2.792024 23.568681 -5.530300
v -2.792024 25.246329 -0.000003
v -0.000000 25.732828 -2.076802
v -0.000000 25.732828 -2.076802
v -0.000000 25.732828 -2.076802
v -0.000000 27.696894 -2.076802
v -0.000000 27.696894 -2.076802
v -0.000000 27.696894 -2.076802
v -0.000000 27.696894 -2.076802
v -2.792023 9.443277 -10.641149
v -2.792023 3.489217 -10.642028
v -2.792024 25.127027 -4.073798
v -2.792024 19.365810 -9.834998
v -2.792024 17.369724 -10.440517
v -2.792024 21.206257 -8.851264
v -2.792024 22.819392 -7.527380
v -2.792024 24.143282 -5.914239
v -1.396012 27.696894 -2.076802
v -2.792024 27.696894 -2.076802
v -2.792024 27.696894 -2.076802
v -0.000000 27.696894 -0.000003
v -0.000000 27.696894 -0.000003
v -2.792024 27.696894 -0.000003
v -3.432888 3.489138 -9.954286
v -3.432888 9.425850 -9.953410
v -3.432888 3.489138 -8.516306
v -3.432888 9.390585 -8.516307
v -2.792023 12.394206 -9.952971
v -2.792024 15.397331 -10.640270
v -2.792023 12.420308 -10.640709
v 3.432887 12.394206 -9.952971
v 3.432887 15.362562 -9.952533
v 3.432888 25.246323 -0.000003
v 3.432888 25.055041 -1.941973
v 3.432888 24.488563 -3.809336
v 3.432888 23.568681 -5.530300
v 3.432888 22.330735 -7.038719
v 3.432888 20.822315 -8.276662
v 3.432888 19.101348 -9.196535
v 3.432887 17.233985 -9.763005
v 3.432887 12.341313 -8.516307
v 3.432887 15.292032 -8.516308
v 3.432888 23.808341 -0.000003
v 3.432888 23.644703 -1.661461
v 3.432888 23.160074 -3.259060
v 3.432888 22.373076 -4.731417
v 3.432888 21.313965 -6.021946
v 3.432888 20.023434 -7.081059
v 3.432888 18.551070 -7.868048
v 3.432887 16.953473 -8.352672
v 1.396012 25.732828 -2.076802
v 2.792024 25.732828 -2.076802
v 2.792024 25.732828 -2.076802
v 2.792023 9.425850 -9.953410
v 2.792023 3.489138 -9.954286
v 2.792024 25.055041 -1.941973
v 2.792024 24.488563 -3.809336
v 2.792024 17.233985 -9.763005
v 2.792024 15.362562 -9.952533
v 2.792024 19.101348 -9.196535
v 2.792024 20.822315 -8.276662
v 2.792024 22.330735 -7.038719
v 2.792024 23.568681 -5.530300
v 2.792024 25.246329 -0.000003
v 2.792023 9.443277 -10.641149
v 2.792023 3.489217 -10.642028
v 2.792024 25.127027 -4.073798
v 2.792024 19.365810 -9.834998
v 2.792024 17.369724 -10.440517
v 2.792024 21.206257 -8.851264
v 2.792024 22.819392 -7.527380
v 2.792024 24.143282 -5.914239
v 1.396012 27.696894 -2.076802
v 2.792024 27.696894 -2.076802
v 2.792024 27.696894 -2.076802
v 2.792024 27.696894 -0.000003
v 3.432887 3.489138 -9.954286
v 3.432887 9.425850 -9.953410
v 3.432887 3.489138 -8.516306
v 3.432887 9.390585 -8.516307
v 2.792023 12.394206 -9.952971
v 2.792023 12.420308 -10.640709
v -3.432888 12.394206 9.952969
v -3.432888 15.362562 9.952529
v -3.432889 25.055034 1.941967
v -3.432888 24.488557 3.809327
v -3.432888 23.568688 5.530293
v -3.432888 22.330741 7.038713
v -3.432888 20.822315 8.276653
v -3.432888 19.101348 9.196531
v -3.432888 17.233985 9.762999
v -3.432888 12.341313 8.516303
v -3.432888 15.292038 8.516303
v -3.432889 23.644710 1.661453
v -3.432888 23.160074 3.259054
v -3.432888 22.373076 4.731411
v -3.432888 21.313965 6.021940
v -3.432888 20.023434 7.081051
v -3.432888 18.551077 7.868039
v -3.432888 16.953473 8.352668
v -1.396012 25.732828 2.076793
v -2.792024 25.732828 2.076793
v -2.792024 25.732828 2.076793
v -2.792023 9.425850 9.953405
v -2.792023 3.489141 9.954288
v -2.792024 25.055034 1.941967
v -2.792024 24.488557 3.809327
v -2.792024 17.233985 9.762999
v -2.792024 15.362562 9.952529
v -2.792024 19.101348 9.196531
v -2.792024 20.822315 8.276653
v -2.792024 22.330741 7.038713
v -2.792024 23.568688 5.530293
v -0.000000 25.732828 2.076793
v -0.000000 25.732828 2.076793
v -0.000000 25.732828 2.076793
v -0.000000 27.696894 2.076793
v -0.000000 27.696894 2.076793
v -0.000000 27.696894 2.076793
v -0.000000 27.696894 2.076793
v -2.792023 9.443280 10.641147
v -2.792023 3.489220 10.642026
v -2.792024 25.127021 4.073792
v -2.792024 19.365810 9.834992
v -2.792024 17.369724 10.440514
v -2.792024 21.206251 8.851260
v -2.792024 22.819392 7.527371
v -2.792024 24.143288 5.914234
v -1.396012 27.696894 2.076793
v -2.792024 27.696894 2.076793
v -2.792024 27.696894 2.076793
v -3.432888 3.489141 9.954288
v -3.432888 9.425850 9.953405
v -3.432888 3.489141 8.516306
v -3.432888 9.390591 8.516306
v -2.792023 12.394206 9.952969
v -2.792024 15.397338 10.640267
v 3.432887 12.394206 9.952969
v 3.432887 15.362562 9.952529
v 3.432888 25.055034 1.941967
v 3.432888 24.488557 3.809327
v 3.432888 23.568688 5.530293
v 3.432888 22.330741 7.038713
v 3.432888 20.822315 8.276653
v 3.432888 19.101348 9.196531
v 3.432887 17.233985 9.762999
v 3.432887 12.341313 8.516303
v 3.432887 15.292038 8.516303
v 3.432888 23.644710 1.661453
v 3.432888 23.160074 3.259054
v 3.432888 22.373076 4.731411
v 3.432888 21.313965 6.021940
v 3.432888 20.023434 7.081051
v 3.432888 18.551077 7.868039
v 3.432887 16.953473 8.352668
v 1.396012 25.732828 2.076793
v 2.792024 25.732828 2.076793
v 2.792024 25.732828 2.076793
v 2.792023 9.425850 9.953405
v 2.792023 3.489141 9.954288
v 2.792024 25.055034 1.941967
v 2.792024 24.488557 3.809327
v 2.792024 17.233985 9.762999
v 2.792024 15.362562 9.952529
v 2.792024 19.101348 9.196531
v 2.792024 20.822315 8.276653
v 2.792024 22.330741 7.038713
v 2.792024 23.568688 5.530293
v 2.792023 9.443280 10.641147
v 2.792023 3.489220 10.642026
v 2.792024 25.127021 4.073792
v 2.792024 19.365810 9.834992
v 2.792024 17.369724 10.440514
v 2.792024 21.206251 8.851260
v 2.792024 22.819392 7.527371
v 2.792024 24.143288 5.914234
v 1.396012 27.696894 2.076793
v 2.792024 27.696894 2.076793
v 2.792024 27.696894 2.076793
v 3.432887 3.489141 9.954288
v 3.432887 9.425850 9.953405
v 3.432887 3.489141 8.516306
v 3.432887 9.390591 8.516306
v 2.792023 12.394206 9.952969
v -1.739465 2.886854 -9.953769
v -1.739465 2.886851 -10.750423
v -1.739465 24.880838 -2.687609
v -1.739465 24.880838 -5.375215
v -1.739465 24.264237 -8.062820
v -1.739465 24.264237 -5.375215
v -1.739465 24.264237 -2.687609
v -2.354534 24.264237 -5.375215
v -2.354534 24.264237 -2.687609
v -2.354534 24.264237 5.375208
v -2.354534 24.264237 2.687602
v -1.739465 23.389735 -10.750426
v -1.739465 23.389735 -8.062820
v -2.354534 23.389735 -10.750426
v -2.354534 23.389735 -8.062820
v -1.739465 22.773127 10.750416
v -1.739465 22.773127 8.062812
v -1.739465 23.389735 10.750419
v -1.739465 23.389735 8.062812
v -2.354534 24.264237 10.750416
v -2.354534 24.264237 8.062812
v -1.739465 24.880838 -8.062820
v -1.739465 24.880838 -10.750427
v -1.063747 31.396947 -0.000005
v -1.063747 31.396947 10.750416
v -1.739465 24.264237 5.375208
v -1.739465 24.264237 2.687602
v -1.739465 24.474351 -0.000003
v -1.739465 24.474351 -0.000003
v -1.739465 24.572538 -0.000005
v -1.739465 24.572538 -0.000005
v -1.236983 24.880838 -0.000003
v -1.236983 24.880838 -0.000003
v -1.362603 24.880838 -0.000003
v -1.362603 24.880838 -0.000003
v -1.739465 23.389735 -5.375215
v -1.739465 24.264237 8.062812
v -3.465545 1.353661 10.750423
v -3.465545 1.353661 9.953750
v -2.354534 24.264231 -2.004051
v -2.354534 2.270246 -10.750423
v -2.354534 2.270246 -9.953835
v -2.354534 1.353661 10.750423
v -2.354534 1.353661 9.953750
v -1.739465 23.389728 -4.420840
v -2.354534 24.264237 2.004029
v -1.739465 24.264237 -2.004051
v -3.465545 1.353658 -10.750423
v -3.465545 1.353658 -9.953931
v 1.739465 24.726688 -0.000003
v 1.739465 24.726688 -0.000003
v 1.739465 24.880838 -0.000003
v 1.739465 24.880838 -0.000003
v 1.739465 24.880838 -0.000003
v 1.739465 24.880838 -0.000003
v 1.739465 24.474351 -0.000003
v 1.739465 24.474351 -0.000003
v 1.739465 24.572538 -0.000005
v 1.739465 24.572538 -0.000005
v 1.362603 24.880838 -0.000003
v 1.362603 24.880838 -0.000003
v 1.488224 24.880838 -0.000003
v 1.488224 24.880838 -0.000003
v 2.354534 23.389735 -8.062820
v 2.354534 23.389735 -5.375215
v 1.739465 23.389735 8.062812
v 1.739465 23.389735 5.375208
v 1.739465 24.264237 -10.750427
v 1.739465 24.264237 -8.062820
v 2.354534 24.264237 -10.750427
v 2.354534 24.264237 -8.062820
v 1.739465 24.880838 -5.375215
v 1.739465 24.880838 -8.062820
v 1.613845 24.880838 -0.000003
v 1.613845 24.880838 -0.000003
v 2.354534 24.264237 -5.375215
v 2.354534 24.264237 -2.687609
v 1.063747 31.396947 -0.000005
v 1.063747 31.396947 10.750416
v 1.739465 2.886854 -9.953769
v 1.739465 2.886851 -10.750423
v 1.739465 24.880845 8.062812
v 1.739465 24.880845 10.750419
v 1.739465 24.264237 5.375208
v 1.739465 24.264237 2.687602
v 1.236983 24.880838 -0.000003
v 1.236983 24.880838 -0.000003
v 1.739465 23.389735 -10.750426
v 1.739465 23.389735 -8.062820
v 2.354534 23.389735 -10.750426
v 1.739465 23.389735 10.750419
v 2.354534 23.389735 8.062812
v 2.354534 23.389735 5.375208
v 2.354534 24.264237 10.750416
v 2.354534 24.264237 8.062812
v 3.465545 1.353661 10.750423
v 3.465545 1.353661 9.953750
v 1.739465 2.270250 10.750423
v 1.739465 2.270250 9.953599
v 2.354534 2.270246 -10.750423
v 2.354534 2.270246 -9.953835
v 1.739465 23.389735 -5.375215
v 1.739465 23.389728 -4.420840
v 1.739465 2.270246 -10.750423
v 1.739465 2.270246 -9.953835
v 1.739465 24.264237 -2.687609
v 1.739465 24.264237 -2.004051
v 2.354534 24.264231 -2.004051
v -2.176546 11.924084 -8.573884
v -2.176546 20.074575 -8.573886
v 2.176546 20.074575 -8.573886
v -2.176546 3.489217 -10.750430
v 3.054194 24.383506 -10.750433
v 3.054194 24.383506 -10.750433
v -2.176546 22.604882 -10.750432
v -2.176546 22.604882 -10.750432
v 3.054194 22.604882 -10.750432
v 3.054194 22.604882 -10.750432
v -3.730775 24.383506 -10.750432
v 3.730774 24.383506 -10.750432
v 3.730774 23.356559 -10.750432
v 2.176546 3.489220 10.750429
v 2.176546 30.195811 10.750423
v 2.176546 25.135196 10.750426
v 2.176546 25.135196 10.750426
v 3.054194 22.604889 10.750426
v 3.054194 22.604889 10.750426
v -3.054194 23.356566 10.750426
v -3.054194 23.356566 10.750426
v -3.730774 24.383513 10.750423
v -1.739465 24.726688 -0.000003
v -1.739465 24.726688 -0.000003
v -1.739465 24.880838 -0.000003
v -1.739465 24.880838 -0.000003
v -1.739465 24.880838 -0.000003
v -1.739465 24.880838 -0.000003
v -1.613845 24.880838 -0.000003
v -1.613845 24.880838 -0.000003
v -1.063747 31.396947 -10.750427
v -1.739465 24.880845 8.062812
v -1.739465 24.880845 10.750419
v -1.739465 2.886854 9.953500
v -1.739465 2.886854 10.750423
v -1.488224 24.880838 -0.000003
v -1.488224 24.880838 -0.000003
v -2.354534 23.389735 -5.375215
v -2.354534 24.264237 -8.062820
v -1.739465 24.880838 2.687602
v -1.739465 24.880845 5.375208
v -1.739465 23.389735 5.375208
v -2.354534 23.389735 8.062812
v -2.354534 23.389735 5.375208
v -1.739465 22.773127 -10.750426
v -1.739465 22.773127 -8.062820
v -1.739465 24.264237 -10.750427
v -2.354534 24.264237 -10.750427
v -1.739465 24.264237 10.750416
v -2.354534 23.389735 10.750419
v -2.354534 1.353658 -10.750423
v -2.354534 1.353658 -9.953931
v -1.739465 24.264237 2.004029
v -1.739465 2.270250 10.750423
v -1.739465 2.270250 9.953599
v -2.354534 2.270250 10.750423
v -2.354534 2.270250 9.953599
v -1.739465 22.773127 5.559033
v -1.739465 22.773127 -5.559041
v -2.354534 23.389741 4.420832
v -2.354534 23.389728 -4.420840
v -1.739465 2.270246 -10.750423
v -1.739465 2.270246 -9.953835
v -1.739465 23.389741 4.420832
v -1.739465 23.389741 4.420832
v 1.739465 24.880838 -10.750427
v 1.063747 31.396947 -10.750427
v 1.739465 2.886854 9.953500
v 1.739465 2.886854 10.750423
v 1.739465 24.880838 -2.687609
v 1.739465 24.264237 -5.375215
v 1.739465 24.880838 2.687602
v 1.739465 24.880845 5.375208
v 1.739465 24.264237 8.062812
v 2.354534 24.264237 5.375208
v 2.354534 24.264237 2.687602
v 1.739465 22.773127 -10.750426
v 1.739465 22.773127 -8.062820
v 1.739465 22.773127 10.750416
v 1.739465 22.773127 8.062812
v 1.739465 24.264237 10.750416
v 2.354534 23.389735 10.750419
v 2.354534 1.353658 -10.750423
v 2.354534 1.353658 -9.953931
v 1.739465 24.264237 2.004029
v 2.354534 2.270250 10.750423
v 2.354534 2.270250 9.953599
v 2.354534 1.353661 10.750423
v 2.354534 1.353661 9.953750
v 3.465545 1.353658 -10.750423
v 3.465545 1.353658 -9.953931
v 1.739465 22.773127 5.559033
v 1.739465 22.773127 -5.559041
v 2.354534 23.389741 4.420832
v 2.354534 24.264237 2.004029
v 2.354534 23.389728 -4.420840
v 1.739465 23.389741 4.420832
v 1.739465 23.389741 4.420832
v 2.792023 15.397338 10.640707
v 2.792023 12.420314 10.641143
v 2.792023 15.397338 -10.640710
v -2.792023 12.420314 10.641143
vt 0.801212 0.021287
vt 0.722707 0.515005
vt 0.134143 0.293254
vt 0.850945 0.574631
vt 0.651088 0.963193
vt 0.910205 0.502802
vt 0.898862 0.574631
vt 0.759458 0.873554
vt 0.947939 0.143658
vt 0.643413 0.836747
vt 0.996919 0.574631
vt 0.267828 0.043767
vt 0.654853 0.847528
vt 0.172750 0.470692
vt 0.940396 0.169164
vt 0.503148 0.403786
vt 0.172750 0.337483
vt 0.134143 0.479053
vt 0.850945 0.430973
vt 0.740911 0.323230
vt 0.267828 0.002139
vt 0.917767 0.574631
vt 0.478166 0.924752
vt 0.993838 0.502802
vt 0.951711 0.000000
vt 0.580753 0.510885
vt 0.963026 0.287315
vt 0.643413 0.808606
vt 0.910205 0.000000
vt 0.267828 0.251885
vt 0.447098 0.896610
vt 0.100973 0.010283
vt 0.993838 0.435886
vt 0.940396 0.405467
vt 0.100973 0.256493
vt 0.100973 0.010283
vt 0.850945 0.071829
vt 0.000000 0.299365
vt 0.959254 0.502802
vt 0.267828 0.210276
vt 0.947939 0.169164
vt 0.810072 0.873554
vt 0.996919 0.574631
vt 0.611632 0.935873
vt 0.895081 0.287315
vt 0.297729 0.978236
vt 0.955482 0.574631
vt 0.117879 0.293254
vt 0.635470 0.528967
vt 0.052994 0.041317
vt 0.100973 0.169007
vt 0.856031 0.215487
vt 0.117879 0.479053
vt 0.240388 0.127022
vt 0.828463 0.000000
vt 0.936625 0.071829
vt 0.267828 0.291430
vt 0.872395 0.430973
vt 0.612962 0.920412
vt 0.267828 0.350814
vt 0.975350 0.502802
vt 0.527368 0.067625
vt 0.634139 0.067625
vt 0.589228 0.963193
vt 0.972269 0.287315
vt 0.527367 0.299365
vt 0.093816 0.132109
vt 0.775547 0.971858
vt 0.117879 0.116098
vt 0.917188 0.139513
vt 0.716545 0.521749
vt 0.134143 0.293254
vt 0.117879 0.010283
vt 0.740911 0.538716
vt 0.913986 0.502802
vt 0.117879 0.479053
vt 0.963026 0.000000
vt 0.687525 0.000000
vt 0.856307 0.000000
vt 0.276203 0.821762
vt 0.850945 0.340876
vt 0.503056 0.924752
vt 0.975350 0.143658
vt 0.117879 0.116098
vt 0.334603 0.920066
vt 0.117879 0.407256
vt 0.917767 0.138745
vt 0.915155 0.430973
vt 0.169460 0.479053
vt 0.117879 0.293254
vt 0.902643 0.502802
vt 0.856308 0.359144
vt 0.169460 0.116098
vt 0.389914 0.896610
vt 0.759458 0.710302
vt 0.906424 0.143658
vt 0.861670 0.430973
vt 0.389914 0.920066
vt 0.987675 0.071829
vt 0.826428 0.710302
vt 0.745160 0.000000
vt 0.240388 0.528967
vt 0.316166 0.896610
vt 0.083669 0.301427
vt 0.959254 0.233755
vt 0.910205 0.420882
vt 0.267828 0.251885
vt 0.083669 0.301427
vt 0.719626 0.510885
vt 0.966107 0.502802
vt 0.169460 0.010283
vt 0.719626 0.510885
vt 0.297729 0.896610
vt 0.895081 0.071829
vt 0.887519 0.502802
vt 0.854852 0.845552
vt 0.963026 0.071829
vt 0.503056 0.798306
vt 0.801212 0.000000
vt 0.045062 0.301427
vt 0.854852 0.845552
vt 0.169460 0.443978
vt 0.856031 0.359144
vt 0.436327 0.540001
vt 0.240228 0.178718
vt 0.172750 0.237577
vt 0.872395 0.000000
vt 0.993838 0.502802
vt 0.100973 0.443978
vt 0.975350 0.553332
vt 0.002695 0.820297
vt 0.944168 0.430973
vt 0.895081 0.000000
vt 0.875332 0.845552
vt 0.895081 0.287315
vt 0.887757 0.845552
vt 0.527367 0.099788
vt 0.240228 0.337483
vt 0.775547 0.873554
vt 0.169460 0.256493
vt 0.902181 0.235415
vt 0.216052 0.612811
vt 0.117879 0.331345
vt 0.045062 0.273580
vt 0.867032 0.071829
vt 0.996919 0.502802
vt 0.618875 0.610593
vt 0.719604 0.836747
vt 0.643413 0.836747
vt 0.861670 0.071829
vt 0.902643 0.143658
vt 0.635470 0.692220
vt 0.635470 0.528967
vt 0.887519 0.430973
vt 0.740911 0.574631
vt 0.100973 0.443978
vt 0.759458 0.873554
vt 0.134143 0.010283
vt 0.947939 0.340875
vt 0.000000 0.798306
vt 0.987675 0.553332
vt 0.134143 0.116098
vt 0.710383 0.692220
vt 0.936625 0.502802
vt 0.891300 0.143658
vt 0.134143 0.010283
vt 0.334603 0.920066
vt 0.651088 0.836747
vt 0.959254 0.430973
vt 0.527367 0.498941
vt 0.854852 0.943856
vt 0.902643 0.502802
vt 0.478166 0.924752
vt 0.850945 0.000000
vt 0.134143 0.443978
vt 0.875332 0.943856
vt 0.100973 0.169007
vt 0.711501 0.521749
vt 0.801212 0.021287
vt 0.100973 0.293254
vt 0.134143 0.511120
vt 0.891300 0.502802
vt 0.955482 0.071829
vt 0.134143 0.331345
vt 0.917767 0.021290
vt 0.775547 0.873554
vt 0.947939 0.071829
vt 0.895081 0.574631
vt 0.675979 0.963193
vt 0.100973 0.010283
vt 0.297729 0.856476
vt 0.944168 0.169164
vt 0.169460 0.479053
vt 0.675979 0.963193
vt 0.117879 0.222318
vt 0.917188 0.435118
vt 0.963026 0.143658
vt 0.295269 0.528967
vt 0.371477 0.920066
vt 0.972269 0.359144
vt 0.955482 0.359144
vt 0.812844 0.733758
vt 0.902643 0.359144
vt 0.912945 0.810010
vt 0.898862 0.000000
vt 0.963026 0.574631
vt 0.812844 0.791928
vt 0.052994 0.041317
vt 0.503056 0.798306
vt 0.996919 0.435886
vt 0.172750 0.304181
vt 0.117879 0.511120
vt 0.936625 0.405467
vt 0.902643 0.143658
vt 0.117879 0.479053
vt 0.917767 0.574631
vt 0.316166 0.978236
vt 0.951711 0.502802
vt 0.713464 0.519125
vt 0.710383 0.510885
vt 0.963026 0.574631
vt 0.633443 0.920412
vt 0.891300 0.000000
vt 0.828463 0.000000
vt 0.353040 0.920066
vt 0.169460 0.369554
vt 0.775547 0.873554
vt 0.467057 0.498941
vt 0.134143 0.169007
vt 0.172750 0.178718
vt 0.023789 0.399153
vt 0.740911 0.430973
vt 0.240228 0.304181
vt 0.850945 0.233756
vt 0.618875 0.510885
vt 0.891300 0.359144
vt 0.993838 0.071829
vt 0.169431 0.798306
vt 0.947939 0.574631
vt 0.651088 0.963193
vt 0.902643 0.215487
vt 0.527367 0.598730
vt 0.710383 0.710302
vt 0.117879 0.479053
vt 0.351115 0.856476
vt 0.917188 0.139513
vt 0.134143 0.222318
vt 0.172750 0.404087
vt 0.466691 0.499687
vt 0.740911 0.179572
vt 0.100973 0.443978
vt 0.975350 0.553332
vt 0.169431 0.933556
vt 0.972269 0.215487
vt 0.947939 0.502802
vt 0.643413 0.710302
vt 0.872395 0.430973
vt 0.521493 0.879932
vt 0.969188 0.430973
vt 1.000000 0.574631
vt 0.643413 0.710302
vt 0.117879 0.331345
vt 0.633443 0.920412
vt 0.117879 0.511120
vt 0.117879 0.010283
vt 0.963026 0.215487
vt 0.134143 0.010283
vt 0.987675 0.574631
vt 0.634139 0.067625
vt 0.527368 0.067625
vt 0.951711 0.143658
vt 0.936625 0.143658
vt 0.875332 0.845552
vt 0.850945 0.574631
vt 0.910205 0.430973
vt 0.887519 0.000000
vt 0.675979 0.963193
vt 0.134143 0.369554
vt 0.527368 0.510885
vt 0.959254 0.233755
vt 0.117879 0.116098
vt 0.117879 0.169007
vt 0.987675 0.021291
vt 0.891300 0.502802
vt 0.169460 0.010283
vt 0.872395 0.000000
vt 0.791635 0.971858
vt 0.913986 0.430973
vt 0.990756 0.574631
vt 0.826428 0.575052
vt 0.745160 0.000000
vt 0.759458 0.836747
vt 0.856308 0.574631
vt 0.267828 0.002139
vt 0.775547 0.873554
vt 0.172750 0.237577
vt 0.936625 0.169164
vt 0.947939 0.233755
vt 0.240388 0.002139
vt 0.134143 0.369554
vt 0.932853 0.430973
vt 0.963026 0.502802
vt 0.267828 0.528967
vt 0.917767 0.435886
vt 0.527368 0.836747
vt 0.872395 0.502802
vt 0.635470 0.528967
vt 0.887519 0.287315
vt 0.634139 0.510885
vt 0.969188 0.574631
vt 0.267828 0.410199
vt 0.472401 0.896610
vt 0.240388 0.251885
vt 0.996919 0.435886
vt 0.902181 0.235415
vt 0.100973 0.293254
vt 0.100973 0.116098
vt 0.947939 0.000000
vt 0.951711 0.502802
vt 0.267828 0.410199
vt 0.902643 0.169164
vt 0.810072 0.955181
vt 0.906424 0.574631
vt 0.687525 0.225430
vt 0.972269 0.287315
vt 0.408351 0.920066
vt 0.861670 0.143658
vt 0.117879 0.256493
vt 0.634139 0.510885
vt 0.052994 0.041317
vt 0.019556 0.199577
vt 0.947939 0.340875
vt 0.134143 0.511120
vt 0.052994 0.041317
vt 0.917767 0.000000
vt 0.906424 0.071829
vt 0.240388 0.291430
vt 0.963026 0.430973
vt 0.912945 0.810010
vt 0.240388 0.350814
vt 0.891300 0.000000
vt 0.553195 0.808606
vt 0.972269 0.287315
vt 0.086121 0.800503
vt 0.087430 0.799834
vt 0.093816 0.097011
vt 0.651088 0.963193
vt 0.117879 0.443978
vt 0.399329 0.573087
vt 0.711501 0.521749
vt 0.134143 0.331345
vt 0.117879 0.116098
vt 0.740911 0.071829
vt 0.972269 0.215487
vt 0.117879 0.293254
vt 0.987675 0.502802
vt 0.740911 0.510885
vt 0.955482 0.430973
vt 0.759458 0.850098
vt 0.828463 0.574631
vt 0.387948 0.896610
vt 0.910205 0.574631
vt 0.295269 0.410199
vt 0.222817 0.821762
vt 0.117879 0.369554
vt 1.000000 0.502802
vt 0.917188 0.435118
vt 0.172750 0.370785
vt 0.117879 0.407256
vt 0.716545 0.510885
vt 0.898862 0.215487
vt 0.134143 0.116098
vt 0.891300 0.287315
vt 0.521493 0.879932
vt 0.713464 0.519125
vt 0.940396 0.430973
vt 0.353040 0.920066
vt 0.987675 0.000000
vt 0.334603 0.896610
vt 0.771251 0.000000
vt 0.295269 0.291430
vt 0.634139 0.000000
vt 0.134143 0.331345
vt 0.963026 0.233755
vt 0.801212 0.021287
vt 0.267828 0.210276
vt 0.052994 0.097011
vt 0.745160 0.287315
vt 0.966107 0.359144
vt 0.169460 0.407256
vt 0.963026 0.287315
vt 0.503056 0.798306
vt 0.993838 0.071829
vt 0.975350 0.071829
vt 0.826428 0.611998
vt 0.745160 0.000000
vt 0.503056 0.879932
vt 0.527367 0.399153
vt 0.295269 0.043767
vt 0.687525 0.285455
vt 0.172750 0.470692
vt 0.506579 0.299365
vt 0.023789 0.399153
vt 0.267828 0.291430
vt 0.267828 0.350814
vt 0.169460 0.443978
vt 0.740911 0.251401
vt 0.895081 0.359144
vt 0.240388 0.002139
vt 0.353040 0.896610
vt 0.687525 0.510885
vt 0.872395 0.071829
vt 0.887519 0.143658
vt 0.643413 0.808606
vt 0.722707 0.519125
vt 0.276203 0.938103
vt 0.240228 0.437389
vt 0.643413 0.808606
vt 0.100973 0.479053
vt 0.052994 0.002139
vt 0.311316 0.612811
vt 0.466691 0.499687
vt 0.117879 0.293254
vt 0.169460 0.256493
vt 0.856307 0.071829
vt 0.990756 0.502802
vt 0.353040 0.896610
vt 0.389914 0.920066
vt 0.879814 0.575052
vt 1.000000 0.138745
vt 0.936625 0.143658
vt 0.955482 0.574631
vt 0.635470 0.610593
vt 0.902643 0.359144
vt 0.389914 0.896610
vt 0.887519 0.574631
vt 0.240388 0.002139
vt 0.447098 0.838440
vt 0.442003 0.838324
vt 0.093816 0.041317
vt 0.951711 0.340875
vt 0.295269 0.410199
vt 0.887757 0.810010
vt 0.891300 0.071829
vt 0.940396 0.502802
vt 0.134143 0.222318
vt 0.389914 0.920066
vt 0.826428 0.583856
vt 0.913986 0.143658
vt 0.000000 0.498941
vt 0.736210 0.611998
vt 0.902643 0.574631
vt 0.643413 0.836747
vt 0.902643 0.000000
vt 0.134143 0.331345
vt 0.736210 0.611998
vt 0.134143 0.479053
vt 0.720745 0.521749
vt 0.987675 0.021291
vt 0.100973 0.331345
vt 0.134143 0.222318
vt 0.944168 0.502802
vt 0.959254 0.143658
vt 0.276203 0.879932
vt 0.828463 0.574631
vt 0.222817 0.798306
vt 0.867032 0.574631
vt 0.993838 0.574631
vt 0.775547 0.971858
vt 0.240388 0.251885
vt 0.297729 0.896610
vt 0.906424 0.161457
vt 0.169460 0.511120
vt 0.826428 0.611998
vt 0.117879 0.256493
vt 0.913986 0.428590
vt 0.963026 0.071829
vt 0.295269 0.210276
vt 0.759458 0.873554
vt 0.990756 0.071829
vt 0.951711 0.430973
vt 0.812844 0.791928
vt 0.634139 0.285455
vt 0.353040 0.896610
vt 0.990756 0.000000
vt 0.975350 0.574631
vt 0.618875 0.710302
vt 0.618875 0.510885
vt 0.052994 0.041317
vt 0.826428 0.583856
vt 0.987675 0.435886
vt 0.267828 0.168649
vt 0.240388 0.043767
vt 0.944168 0.405467
vt 0.902643 0.574631
vt 0.045062 0.301427
vt 0.850945 0.021292
vt 0.371477 0.896610
vt 0.856308 0.215487
vt 0.719626 0.519125
vt 0.618875 0.610593
vt 0.963026 0.502802
vt 0.447098 0.896610
vt 0.887519 0.071829
vt 0.801212 0.574631
vt 0.887757 0.909719
vt 0.169460 0.256493
vt 0.387948 0.896610
vt 0.019556 0.199577
vt 0.267828 0.410199
vt 0.134143 0.256493
vt 0.864378 0.389124
vt 0.740911 0.466888
vt 0.240228 0.404087
vt 0.872395 0.169164
vt 0.002695 0.800264
vt 0.898862 0.359144
vt 0.972269 0.574631
vt 0.387948 0.798306
vt 0.947939 0.000000
vt 0.710383 0.583856
vt 0.944168 0.000000
vt 0.000000 0.598730
vt 0.387948 0.798306
vt 0.117879 0.010283
vt 0.527368 0.836747
vt 0.399329 0.573087
vt 0.134143 0.479053
vt 0.169460 0.293254
vt 0.898862 0.302500
vt 0.740911 0.502802
vt 0.240388 0.002139
vt 0.963026 0.143658
vt 0.812844 0.850098
vt 0.812844 0.733758
vt 0.959254 0.071829
vt 0.872395 0.071829
vt 0.759458 0.733758
vt 0.872395 0.502802
vt 0.719604 0.936456
vt 0.716545 0.519125
vt 0.000000 0.000000
vt 0.759458 0.710302
vt 0.100973 0.222318
vt 0.067172 0.821150
vt 0.068307 0.817384
vt 0.861670 0.195233
vt 0.117879 0.407256
vt 0.117879 0.116098
vt 0.887519 0.021296
vt 0.917767 0.502802
vt 0.134143 0.407256
vt 0.947939 0.359144
vt 0.687525 0.000000
vt 0.861670 0.502802
vt 0.856307 0.143658
vt 0.854852 0.845552
vt 0.887519 0.502802
vt 0.618875 0.510885
vt 0.891300 0.574631
vt 0.801212 0.000000
vt 0.826428 0.611998
vt 0.134143 0.407256
vt 0.710383 0.583856
vt 0.963026 0.233755
vt 0.267828 0.002139
vt 0.134143 0.169007
vt 0.019536 0.000000
vt 0.963026 0.215487
vt 0.169460 0.222318
vt 0.902643 0.233756
vt 0.826428 0.583856
vt 0.966107 0.143658
vt 0.975350 0.215487
vt 0.675979 0.836747
vt 0.745160 0.287315
vt 0.000980 0.821150
vt 0.906424 0.574631
vt 0.267828 0.127021
vt 0.643413 0.808606
vt 0.172750 0.404087
vt 0.910205 0.153749
vt 0.506579 0.299365
vt 0.172750 0.270879
vt 0.134143 0.407256
vt 0.902643 0.071829
vt 0.975350 0.000000
vt 0.267828 0.085394
vt 0.917767 0.138745
vt 0.643413 0.836747
vt 0.898862 0.000000
vt 0.527368 0.692220
vt 0.722707 0.510885
vt 0.447098 0.838440
vt 0.442003 0.838324
vt 0.861670 0.000000
vt 0.093816 0.069164
vt 0.408351 0.896610
vt 0.240388 0.210276
vt 0.311316 0.612811
vt 0.117879 0.222318
vt 0.240388 0.210276
vt 0.932853 0.574631
vt 0.856308 0.215487
vt 0.083669 0.273580
vt 0.745160 0.574631
vt 0.353040 0.896610
vt 0.966107 0.287315
vt 0.875332 0.943856
vt 0.972269 0.287315
vt 0.067172 0.821150
vt 0.068307 0.817384
vt 0.940396 0.143658
vt 0.117879 0.369554
vt 0.654853 0.935873
vt 0.134143 0.116098
vt 0.019565 0.299365
vt 0.951711 0.340875
vt 0.134143 0.010283
vt 0.052994 0.069164
vt 0.740911 0.359144
vt 0.951711 0.359144
vt 0.117879 0.010283
vt 0.887519 0.215487
vt 0.633443 0.920412
vt 0.966107 0.574631
vt 0.675979 0.963193
vt 0.963026 0.502802
vt 0.651088 0.963193
vt 0.527367 0.698518
vt 0.083669 0.245733
vt 0.634139 0.067625
vt 0.117879 0.479053
vt 0.993838 0.138745
vt 0.720745 0.521749
vt 0.169460 0.222318
vt 0.117879 0.443978
vt 0.740911 0.035914
vt 0.959254 0.071829
vt 0.117879 0.256493
vt 0.902643 0.000000
vt 0.527368 0.000000
vt 0.861670 0.143658
vt 0.810072 0.873554
vt 0.828463 0.553341
vt 0.222817 0.961559
vt 0.969188 0.000000
vt 0.117879 0.010283
vt 0.276203 0.821762
vt 0.052994 0.136189
vt 0.932853 0.169164
vt 0.913986 0.428590
vt 0.169460 0.407256
vt 0.117879 0.369554
vt 0.932853 0.502802
vt 0.891300 0.215487
vt 0.240388 0.410199
vt 0.719604 0.836747
vt 0.675979 0.918374
vt 0.719626 0.519125
vt 0.910205 0.430973
vt 0.408351 0.896610
vt 0.902643 0.071829
vt 0.759458 0.873554
vt 0.675979 1.000000
vt 0.828463 0.574631
vt 0.295269 0.251885
vt 0.527368 0.510885
vt 0.134143 0.369554
vt 0.850945 0.340876
vt 0.828463 0.021287
vt 0.267828 0.410199
vt 0.134143 0.293254
vt 0.850945 0.359144
vt 0.966107 0.143658
vt 0.172750 0.437389
vt 0.745160 0.574631
vt 0.503056 0.879932
vt 0.898862 0.143658
vt 0.710383 0.515005
vt 0.388617 0.838324
vt 0.745160 0.287315
vt 0.694415 0.918374
vt 0.000000 0.399153
vt 0.117879 0.443978
vt 0.388617 0.838324
vt 0.169460 0.369554
vt 0.503579 0.399153
vt 0.864378 0.389124
vt 0.117879 0.169007
vt 0.172750 0.470692
vt 0.740911 0.430973
vt 0.898862 0.430973
vt 0.100973 0.369554
vt 0.687525 0.510885
vt 0.297729 0.896610
vt 0.867032 0.000000
vt 0.993838 0.000000
vt 0.611632 0.847528
vt 0.872395 0.553340
vt 0.634139 0.000000
vt 0.963026 0.000000
vt 0.240228 0.404087
vt 0.297729 0.856476
vt 0.045062 0.245733
vt 0.060676 0.499687
vt 0.898862 0.302500
vt 0.117879 0.407256
vt 0.100973 0.479053
vt 0.052994 0.002139
vt 0.936625 0.071829
vt 0.966107 0.215487
vt 0.887757 0.909719
vt 0.719604 0.936456
vt 0.116045 0.798306
vt 0.856307 0.143658
vt 0.850945 0.143658
vt 0.316166 0.978236
vt 0.902643 0.430973
vt 0.675979 0.918374
vt 0.987675 0.000000
vt 0.100973 0.369554
vt 0.579246 0.913383
vt 0.172750 0.002139
vt 0.959254 0.340875
vt 0.932853 0.553335
vt 0.240228 0.119858
vt 0.100973 0.222318
vt 0.744793 0.836747
vt 0.951711 0.215487
vt 0.944168 0.430973
vt 0.134143 0.443978
vt 0.316166 0.978236
vt 0.733631 0.808606
vt 0.910205 0.071829
vt 0.527367 0.299365
vt 0.611632 0.935873
vt 0.932853 0.502802
vt 0.791635 0.873554
vt 0.771251 0.287315
vt 0.134143 0.369554
vt 0.834371 0.710302
vt 0.134143 0.222318
vt 0.710383 0.521749
vt 0.019536 0.000000
vt 0.117879 0.010283
vt 0.134143 0.443978
vt 0.856308 0.359144
vt 0.906424 0.430973
vt 0.222817 0.821762
vt 0.902643 0.405467
vt 0.351115 0.856476
vt 0.507827 0.000000
vt 0.936625 0.574631
vt 0.975350 0.143658
vt 0.276203 0.879932
vt 0.240388 0.210276
vt 0.643413 0.836747
vt 0.936625 0.169164
vt 0.169460 0.407256
vt 0.759458 0.971858
vt 0.117879 0.331345
vt 0.128038 0.573087
vt 0.850945 0.502802
vt 0.295269 0.291430
vt 0.834371 0.873554
vt 0.834371 0.710302
vt 0.966107 0.502802
vt 0.959254 0.430973
vt 0.297729 0.798306
vt 0.947939 0.233755
vt 0.744793 0.836747
vt 0.975350 0.359144
vt 0.745160 0.000000
vt 0.618875 0.710302
vt 0.618875 0.510885
vt 0.612962 0.822109
vt 0.134143 0.116098
vt 0.887519 0.574631
vt 0.267828 0.127021
vt 0.100973 0.010283
vt 0.801212 0.553347
vt 0.947939 0.574631
vt 0.172750 0.304181
vt 0.850945 0.000000
vt 0.719604 0.936456
vt 0.959254 0.359144
vt 0.969188 0.359144
vt 0.710383 0.710302
vt 0.963026 0.359144
vt 0.633443 0.822109
vt 0.694415 1.000000
vt 0.996919 0.000000
vt 0.801212 0.000000
vt 0.710383 0.528967
vt 0.169460 0.293254
vt 0.879814 0.575052
vt 0.019565 0.299365
vt 0.117879 0.169007
vt 0.172750 0.503994
vt 0.867032 0.394535
vt 0.740911 0.143658
vt 0.240228 0.370785
vt 0.902643 0.169164
vt 0.002695 0.820297
vt 0.996919 0.502802
vt 0.990756 0.000000
vt 0.733631 0.710302
vt 0.872395 0.574631
vt 0.812844 0.850098
vt 0.812844 0.733758
vt 1.000000 0.000000
vt 0.959254 0.574631
vt 0.267828 0.291430
vt 0.553195 0.710302
vt 0.117879 0.256493
vt 0.503056 0.924752
vt 0.267828 0.350814
vt 0.993838 0.138745
vt 0.134143 0.511120
vt 0.169460 0.331345
vt 0.719626 0.521749
vt 0.740911 0.538716
vt 0.100973 0.369554
vt 0.963026 0.215487
vt 0.222817 0.933556
vt 0.959254 0.215487
vt 0.936625 0.000000
vt 0.791635 0.873554
vt 0.947939 0.143658
vt 0.887757 0.710302
vt 0.940396 0.430973
vt 0.872395 0.574631
vt 0.521493 0.798306
vt 0.117879 0.169007
vt 0.633443 0.822109
vt 0.353916 0.598730
vt 0.093816 0.041317
vt 0.134143 0.116098
vt 0.872395 0.021299
vt 0.951711 0.215487
vt 0.134143 0.443978
vt 0.987675 0.000000
vt 0.527368 0.000000
vt 0.955482 0.071829
vt 0.867032 0.143658
vt 0.611632 0.847528
vt 0.887519 0.430973
vt 0.828509 0.873554
vt 0.895081 0.430973
vt 0.759458 0.971858
vt 0.134143 0.293254
vt 0.589228 0.963193
vt 0.955482 0.233755
vt 0.267828 0.528967
vt 0.100973 0.169007
vt 0.828463 0.553341
vt 0.722707 0.510885
vt 0.172750 0.437389
vt 0.850945 0.553344
vt 0.775547 0.971858
vt 0.972269 0.143658
vt 0.913986 0.574631
vt 0.651088 0.836747
vt 0.771251 0.553344
vt 0.388617 0.798191
vt 0.895081 0.000000
vt 0.267828 0.085394
vt 0.651088 0.836747
vt 0.169460 0.443978
vt 0.364296 0.593491
vt 0.503579 0.399153
vt 0.100973 0.407256
vt 0.134143 0.293254
vt 0.963026 0.430973
vt 0.000000 0.099788
vt 0.872395 0.000000
vt 0.267828 0.043767
vt 0.932853 0.405467
vt 0.759458 0.836747
vt 0.936625 0.574631
vt 0.654853 0.935873
vt 0.887519 0.287315
vt 0.503056 0.798306
vt 1.000000 0.138745
vt 0.902643 0.143658
vt 0.169460 0.169007
vt 0.353040 0.920066
vt 0.240388 0.127022
vt 0.917767 0.435886
vt 0.060676 0.499687
vt 0.117879 0.010283
vt 0.240388 0.043767
vt 0.902643 0.000000
vt 0.959254 0.359144
vt 0.169460 0.169007
vt 0.963026 0.000000
vt 0.297729 0.978236
vt 0.850945 0.359144
vt 0.736210 0.611998
vt 0.969188 0.287315
vt 0.612962 0.920412
vt 0.910205 0.143658
vt 0.117879 0.331345
vt 0.611632 0.935873
vt 0.134143 0.010283
vt 0.975350 0.021291
vt 0.959254 0.340875
vt 0.134143 0.443978
vt 0.093816 0.097011
vt 0.740911 0.395059
vt 0.972269 0.502802
vt 0.100973 0.256493
vt 0.932853 0.071829
vt 0.066917 0.820297
vt 0.068307 0.817384
vt 0.996919 0.000000
vt 0.651088 0.836747
vt 0.902643 0.430973
vt 0.791635 0.971858
vt 0.000000 0.698518
vt 0.134143 0.116098
vt 0.687525 0.443260
vt 0.117879 0.222318
vt 0.996919 0.138745
vt 0.710383 0.521749
vt 0.134143 0.256493
vt 0.117879 0.479053
vt 0.722707 0.519125
vt 0.959254 0.215487
vt 0.117879 0.369554
vt 0.850945 0.574631
vt 0.580753 0.000000
vt 0.716545 0.519125
vt 0.222817 0.821762
vt 0.902643 0.405467
vt 0.334603 0.896610
vt 0.902643 0.430973
vt 0.100973 0.256493
vt 0.810072 0.873554
vt 0.295269 0.002139
vt 0.357118 0.597671
vt 0.128038 0.573087
vt 0.267828 0.085394
vt 0.295269 0.002139
vt 0.963026 0.071829
vt 0.507827 0.000000
vt 0.996919 0.071829
vt 0.117879 0.116098
vt 0.887519 0.287315
vt 0.371477 0.896610
vt 0.969188 0.359144
vt 0.955482 0.143658
vt 0.527368 0.528967
vt 0.902643 0.000000
vt 0.694415 0.836747
vt 0.987675 0.574631
vt 0.295269 0.168649
vt 0.710383 0.710302
vt 0.134143 0.256493
vt 0.951711 0.233755
vt 0.801212 0.553347
vt 0.083669 0.273580
vt 0.134143 0.331345
vt 0.740911 0.323230
vt 0.972269 0.143658
vt 0.172750 0.337483
vt 0.966107 0.287315
vt 0.643413 0.836747
vt 0.895081 0.215487
vt 0.947939 0.143658
vt 0.352801 0.729899
vt 0.963026 0.359144
vt 0.810072 0.873554
vt 0.527367 0.199577
vt 0.117879 0.479053
vt 0.875332 0.845552
vt 0.172750 0.404087
vt 0.489254 0.453693
vt 0.867032 0.394535
vt 0.134143 0.222318
vt 0.169460 0.369554
vt 0.740911 0.466888
vt 0.898862 0.502802
vt 0.100973 0.407256
vt 0.687525 0.000000
vt 0.002695 0.800264
vt 0.936625 0.000000
vt 0.975350 0.430973
vt 0.887757 0.710302
vt 0.117879 0.169007
vt 0.687525 0.510885
vt 0.902643 0.574631
vt 0.240228 0.503994
vt 0.887757 0.710302
vt 0.052994 0.069164
vt 0.038113 0.453693
vt 0.828463 0.574631
vt 0.117879 0.369554
vt 0.045062 0.245733
vt 0.906424 0.071829
vt 0.966107 0.071829
vt 0.635470 0.692220
vt 0.694415 0.936456
vt 0.687525 0.510885
vt 0.867032 0.143658
vt 0.940396 0.143658
vt 0.602280 0.610593
vt 0.947939 0.215487
vt 0.334603 0.978236
vt 0.710383 0.510885
vt 0.100973 0.407256
vt 0.634139 0.285455
vt 0.134143 0.116098
vt 0.856308 0.214494
vt 0.872395 0.021299
vt 0.240388 0.410199
vt 0.240388 0.350814
vt 0.744793 0.936456
vt 0.856308 0.502802
vt 0.240388 0.410199
vt 0.867032 0.430973
vt 0.134143 0.479053
vt 0.771251 0.021292
vt 0.791635 0.971858
vt 0.990756 0.574631
vt 0.651088 0.963193
vt 0.932853 0.574631
vt 0.388617 0.798191
vt 0.527367 0.000000
vt 0.134143 0.256493
vt 0.651088 0.963193
vt 0.134143 0.407256
vt 0.713464 0.521749
vt 0.917767 0.021290
vt 0.100973 0.256493
vt 0.134143 0.479053
vt 0.898862 0.215487
vt 0.955482 0.215487
vt 0.222817 0.798306
vt 0.902643 0.430973
vt 0.527368 0.836747
vt 0.951711 0.000000
vt 0.716545 0.510885
vt 0.371477 0.920066
vt 0.240388 0.127022
vt 0.643413 0.808606
vt 0.872395 0.169164
vt 0.172750 0.437389
vt 0.117879 0.293254
vt 0.947939 0.405467
vt 0.932853 0.430973
vt 0.295269 0.127021
vt 0.334603 0.978236
vt 0.966107 0.359144
vt 0.913986 0.143658
vt 0.297729 0.879932
vt 0.527368 0.067625
vt 0.887757 0.810010
vt 1.000000 0.435886
vt 0.913986 0.000000
vt 0.527367 0.000000
vt 0.618875 0.610593
vt 0.134143 0.010283
vt 0.791635 0.971858
vt 0.993838 0.435886
vt 0.267828 0.251885
vt 0.240388 0.251885
vt 0.850945 0.553344
vt 0.917767 0.000000
vt 0.172750 0.337483
vt 0.771251 0.553344
vt 0.694415 0.836747
vt 0.895081 0.359144
vt 0.969188 0.502802
vt 0.710383 0.710302
vt 0.963026 0.430973
vt 0.634139 0.510885
vt 0.975350 0.502802
vt 0.527367 0.399153
vt 0.710383 0.692220
vt 0.045062 0.245733
vt 0.826428 0.575052
vt 0.975350 0.021291
vt 0.169460 0.169007
vt 0.172750 0.237577
vt 0.170249 0.597671
vt 0.740911 0.107743
vt 0.240228 0.470692
vt 0.932853 0.405467
vt 0.643413 0.808606
vt 0.990756 0.502802
vt 0.947939 0.071829
vt 0.580753 0.067625
vt 0.932853 0.143658
vt 0.116045 0.933556
vt 0.887519 0.359144
vt 0.117879 0.169007
vt 0.580753 0.067625
vt 0.117879 0.443978
vt 0.267828 0.350814
vt 0.267828 0.410199
vt 0.996919 0.138745
vt 0.117879 0.293254
vt 0.045062 0.273580
vt 0.716545 0.521749
vt 0.740911 0.071829
vt 0.100973 0.407256
vt 0.887519 0.143658
vt 0.834371 0.845552
vt 0.867032 0.502802
vt 0.951711 0.574631
vt 0.276203 0.821762
vt 0.947939 0.071829
vt 0.694415 0.836747
vt 0.895081 0.143658
vt 0.987675 0.000000
vt 0.826428 0.710302
vt 0.134143 0.222318
vt 0.472401 0.798306
vt 0.478836 0.798191
vt 0.357118 0.597671
vt 0.083669 0.245733
vt 0.134143 0.010283
vt 0.828463 0.553339
vt 0.856308 0.502802
vt 0.134143 0.331345
vt 0.917767 0.502802
vt 0.710383 0.583856
vt 0.959254 0.143658
vt 0.944168 0.000000
vt 0.654853 0.847528
vt 0.966107 0.287315
vt 0.602280 0.692220
vt 0.602280 0.528967
vt 0.975350 0.071829
vt 0.710383 0.510885
vt 0.875332 0.845552
vt 0.134143 0.331345
vt 0.085786 0.800867
vt 0.087430 0.799834
vt 0.951711 0.233755
vt 0.267828 0.085394
vt 0.134143 0.511120
vt 0.887519 0.553341
vt 0.745160 0.574631
vt 0.169460 0.479053
vt 0.887519 0.021296
vt 0.733631 0.808606
vt 0.969188 0.071829
vt 0.972269 0.000000
vt 0.472401 0.896610
vt 0.771251 0.574631
vt 0.297729 0.896610
vt 0.940396 0.574631
vt 0.267828 0.210276
vt 0.759458 0.873554
vt 0.100973 0.116098
vt 0.906424 0.161457
vt 0.936625 0.405467
vt 0.100973 0.443978
vt 0.134143 0.331345
vt 0.963026 0.502802
vt 0.740911 0.251401
vt 0.267828 0.168649
vt 0.932853 0.169164
vt 0.388617 0.798191
vt 0.975350 0.359144
vt 0.602280 0.528967
vt 0.897489 0.287315
vt 0.828509 0.955181
vt 0.947939 0.430973
vt 0.134143 0.169007
vt 0.527368 0.692220
vt 0.240388 0.168649
vt 0.240388 0.291430
vt 0.240388 0.350814
vt 0.038113 0.453693
vt 0.240388 0.528967
vt 0.240388 0.168649
vt 0.917767 0.000000
vt 0.944168 0.071829
vt 0.134143 0.169007
vt 0.969188 0.287315
vt 0.408351 0.920066
vt 0.856308 0.574631
vt 0.775547 0.971858
vt 0.969188 0.287315
vt 0.472401 0.798306
vt 0.478836 0.798191
vt 0.955482 0.430973
vt 0.117879 0.511120
vt 0.854852 0.943856
vt 0.172750 0.119858
vt 0.019546 0.099788
vt 0.856308 0.214494
vt 0.134143 0.479053
vt 0.052994 0.041317
vt 0.740911 0.215487
vt 1.000000 0.000000
vt 0.713464 0.515005
vt 0.240388 0.528967
vt 0.947939 0.143658
vt 0.447098 0.838440
vt 0.442003 0.838324
vt 0.902643 0.215487
vt 0.759458 0.873554
vt 0.771251 0.021292
vt 0.826428 0.583856
vt 0.710383 0.519125
vt 0.093816 0.041317
vt 0.759458 0.733758
vt 0.117879 0.256493
vt 0.713464 0.521749
vt 0.169460 0.511120
vt 0.117879 0.222318
vt 0.740911 0.000000
vt 0.527368 0.798306
vt 0.867032 0.502802
vt 0.117879 0.331345
vt 0.828463 0.000000
vt 0.389914 0.896610
vt 0.910205 0.143658
vt 0.618875 0.710302
vt 0.828463 0.553339
vt 0.759458 0.710302
vt 0.947939 0.430973
vt 0.100973 0.511120
vt 0.371477 0.896610
vt 0.093816 0.006220
vt 0.052994 0.097011
vt 0.864377 0.185508
vt 1.000000 0.071829
vt 1.000000 0.071829
vt 0.947939 0.405467
vt 0.267828 0.043767
vt 0.117879 0.511120
vt 0.963026 0.071829
vt 0.898862 0.071829
vt 0.169460 0.222318
vt 0.891300 0.287315
vt 0.297729 0.798306
vt 0.969188 0.502802
vt 0.895081 0.430973
vt 0.710383 0.528967
vt 0.850945 0.071829
vt 0.297729 0.896610
vt 0.801212 0.574631
vt 0.295269 0.210276
vt 0.389914 0.920066
vt 0.134143 0.293254
vt 0.856308 0.360137
vt 0.816857 0.021287
vt 0.169460 0.169007
vt 0.172750 0.178718
vt 0.745160 0.574631
vt 0.969188 0.071829
vt 0.172750 0.370785
vt 0.963026 0.574631
vt 0.791635 0.873554
vt 0.936625 0.430973
vt 0.861670 0.574631
vt 0.740911 0.225430
vt 0.963026 0.430973
vt 0.169431 0.933556
vt 0.000000 0.199577
vt 0.240228 0.304181
vt 0.740911 0.225430
vt 0.169460 0.293254
vt 0.467057 0.498941
vt 0.170249 0.597671
vt 0.240388 0.350814
vt 0.240388 0.410199
vt 0.172750 0.404087
vt 0.740911 0.143658
vt 0.895081 0.502802
vt 0.100973 0.293254
vt 0.810072 0.955181
vt 0.643413 0.808606
vt 0.951711 0.574631
vt 0.910205 0.000000
vt 0.775547 0.873554
vt 0.887519 0.359144
vt 0.580753 0.000000
vt 0.771251 0.574631
vt 0.240228 0.470692
vt 0.740911 0.443260
vt 0.240388 0.085394
vt 0.963026 0.340875
vt 0.947939 0.574631
vt 0.083669 0.245733
vt 0.828509 0.873554
vt 0.951711 0.359144
vt 0.898862 0.143658
vt 0.635470 0.610593
vt 0.297729 0.856476
vt 0.503056 0.798306
vt 0.955482 0.502802
vt 0.940396 0.000000
vt 0.634139 0.510885
vt 0.850945 0.430973
vt 0.297729 0.798306
vt 0.887519 0.000000
vt 0.100973 0.293254
vt 0.854852 0.943856
vt 0.117879 0.169007
vt 0.955483 0.340875
vt 0.850945 0.021292
vt 0.117879 0.116098
vt 0.887757 0.909719
vt 0.972269 0.071829
vt 0.856308 0.430973
vt 0.134143 0.369554
vt 0.771251 0.000000
vt 0.387948 0.896610
vt 0.975350 0.215487
vt 0.527367 0.698518
vt 0.875332 0.943856
vt 0.100973 0.116098
vt 0.478166 0.798306
vt 0.940396 0.169164
vt 0.134143 0.293254
vt 0.775547 0.971858
vt 0.134143 0.443978
vt 0.091040 0.540001
vt 0.932853 0.021290
vt 0.240388 0.528967
vt 0.134143 0.369554
vt 0.891300 0.215487
vt 0.910205 0.502802
vt 0.222817 0.798306
vt 0.932853 0.021290
vt 0.503056 0.924752
vt 0.887519 0.215487
vt 0.969188 0.000000
vt 0.879814 0.710302
vt 0.240388 0.168649
vt 0.589228 0.836747
vt 0.364296 0.593491
vt 0.172750 0.337483
vt 0.117879 0.407256
vt 0.906424 0.413174
vt 0.963026 0.359144
vt 0.295269 0.168649
vt 0.902643 0.233756
vt 0.334603 0.896610
vt 0.913986 0.071829
vt 0.000000 0.299365
vt 0.910205 0.071829
vt 0.527368 0.510885
vt 0.634139 0.067625
vt 0.066917 0.820297
vt 0.068307 0.817384
vt 0.972269 0.574631
vt 0.850945 0.000000
vt 0.527368 0.710302
vt 0.172750 0.119858
vt 0.651088 0.836747
vt 0.975350 0.000000
vt 0.267828 0.210276
vt 0.240388 0.210276
vt 0.024219 0.403785
vt 0.947939 0.000000
vt 0.240228 0.270879
vt 0.801212 0.000000
vt 0.744793 0.936456
vt 0.898862 0.430973
vt 0.972269 0.430973
vt 0.001507 0.817384
vt 0.975350 0.287315
vt 0.447098 0.838440
vt 0.406187 0.729899
vt 0.906424 0.000000
vt 0.000000 0.399153
vt 0.001507 0.817384
vt 0.045062 0.273580
vt 0.351115 0.798306
vt 0.019546 0.099788
vt 0.267828 0.291430
vt 0.267828 0.350814
vt 0.169460 0.443978
vt 0.157798 0.590419
vt 0.740911 0.359144
vt 0.240228 0.437389
vt 0.100973 0.222318
vt 0.297729 0.896610
vt 0.966107 0.215487
vt 0.913986 0.000000
vt 0.759458 0.710302
vt 0.932853 0.071829
vt 0.834371 0.873554
vt 0.834371 0.710302
vt 0.987675 0.502802
vt 0.887519 0.574631
vt 0.169431 0.798306
vt 0.117879 0.293254
vt 0.100973 0.169007
vt 0.990756 0.138745
vt 0.117879 0.256493
vt 0.169460 0.256493
vt 0.507812 0.099788
vt 0.740911 0.035914
vt 0.134143 0.222318
vt 0.963026 0.359144
vt 0.371477 0.920066
vt 0.951711 0.071829
vt 0.944168 0.143658
vt 0.834371 0.791928
vt 0.902643 0.502802
vt 0.912945 0.710302
vt 0.955482 0.143658
vt 0.740911 0.574631
vt 0.834371 0.791928
vt 0.134143 0.169007
vt 0.687525 0.000000
vt 0.000000 0.798306
vt 0.864377 0.185508
vt 0.169460 0.116098
vt 0.172750 0.119858
vt 0.917767 0.553335
vt 0.972269 0.071829
vt 0.134143 0.369554
vt 0.963026 0.574631
vt 0.589228 0.963193
vt 0.906424 0.430973
vt 0.000000 0.099788
vt 0.959254 0.574631
vt 0.775547 0.873554
vt 0.966107 0.287315
vt 0.478166 0.924752
vt 0.710383 0.515005
vt 0.267828 0.528967
vt 0.854852 0.845552
vt 0.172750 0.178718
vt 0.651088 0.963193
vt 0.856031 0.359144
vt 0.267828 0.043767
vt 0.134143 0.222318
vt 0.816857 0.021287
vt 0.745160 0.287315
vt 0.172750 0.370785
vt 0.932853 0.574631
vt 0.503056 0.924752
vt 0.969188 0.215487
vt 0.867032 0.574631
vt 0.736210 0.710302
vt 0.891300 0.287315
vt 0.000980 0.800503
vt 0.993838 0.000000
vt 0.267828 0.168649
vt 0.736210 0.710302
vt 0.052994 0.097011
vt 0.944168 0.405467
vt 0.100973 0.331345
vt 0.052994 0.097011
vt 0.902643 0.143658
vt 0.913986 0.071829
vt 0.267828 0.127021
vt 0.887519 0.553341
vt 0.687525 0.443260
vt 0.854852 0.943856
vt 0.897489 0.287315
vt 0.834371 0.710302
vt 0.872395 0.143658
vt 0.295269 0.350814
vt 0.527368 0.528967
vt 0.052994 0.069164
vt 0.267828 0.350814
vt 0.267828 0.410199
vt 1.000000 0.502802
vt 0.963026 0.340875
vt 0.100973 0.511120
vt 0.093816 0.006220
vt 0.240388 0.251885
vt 0.771251 0.574631
vt 0.867032 0.071829
vt 0.267828 0.350814
vt 0.969188 0.287315
vt 0.719604 0.936456
vt 0.267828 0.410199
vt 0.944168 0.574631
vt 0.651088 0.963193
vt 0.975350 0.287315
vt 0.633443 0.920412
vt 0.527367 0.498941
vt 0.117879 0.407256
vt 0.875332 0.943856
vt 0.172750 0.002139
vt 0.915155 0.143658
vt 0.955483 0.340875
vt 0.134143 0.369554
vt 0.093816 0.041317
vt 0.740911 0.179572
vt 0.936625 0.502802
vt 0.117879 0.222318
vt 0.917767 0.574631
vt 0.472401 0.798306
vt 0.478836 0.798191
vt 0.906424 0.000000
vt 0.521493 0.961559
vt 0.771251 0.000000
vt 0.775547 0.971858
vt 0.895081 0.574631
vt 0.240228 0.119858
vt 0.675979 0.836747
vt 0.117879 0.331345
vt 0.990756 0.138745
vt 0.091040 0.540001
vt 0.169460 0.010283
vt 0.117879 0.256493
vt 0.713464 0.510885
vt 0.951711 0.071829
vt 0.083669 0.245733
vt 0.872395 0.000000
vt 0.810072 0.955181
vt 0.895081 0.143658
vt 0.316166 0.896610
vt 0.902643 0.340876
vt 0.371477 0.896610
vt 0.955482 0.000000
vt 0.117879 0.222318
vt 0.791635 0.955181
vt 0.045062 0.301427
vt 0.861670 0.379398
vt 0.906424 0.413174
vt 0.267828 0.168649
vt 0.045062 0.301427
vt 0.963026 0.287315
vt 0.972269 0.359144
vt 0.134143 0.256493
vt 0.887519 0.287315
vt 0.675979 0.836747
vt 0.972269 0.430973
vt 0.969188 0.143658
vt 0.759458 0.971858
vt 0.850945 0.000000
vt 0.389914 0.896610
vt 0.828463 0.000000
vt 0.295269 0.085394
vt 0.710383 0.510885
vt 0.172750 0.237577
vt 0.955482 0.233755
vt 0.024219 0.403785
vt 0.134143 0.169007
vt 0.134143 0.256493
vt 0.850945 0.215487
vt 0.969188 0.215487
vt 0.172750 0.270879
vt 0.887519 0.071829
vt 0.352801 0.689766
vt 0.891300 0.143658
vt 0.940396 0.574631
vt 0.687525 0.285455
vt 0.722707 0.521749
vt 0.834371 0.845552
vt 0.527367 0.598730
vt 0.240228 0.270879
vt 0.530950 0.814666
vt 0.169460 0.331345
vt 0.898862 0.272131
vt 0.157798 0.590419
vt 0.117879 0.256493
vt 0.169460 0.293254
vt 0.740911 0.107743
vt 0.891300 0.359144
vt 0.100973 0.331345
vt 0.316166 0.978236
vt 0.297729 0.856476
vt 0.944168 0.143658
vt 0.969188 0.574631
vt 0.740911 0.443260
vt 0.872395 0.574631
vt 0.740911 0.510885
vt 0.000000 0.000000
vt 0.240228 0.237577
vt 0.687525 0.067625
vt 0.052994 0.041317
vt 0.060310 0.498941
vt 0.507812 0.099788
vt 0.052994 0.097011
vt 0.828509 0.955181
vt 0.972269 0.502802
vt 0.895081 0.215487
vt 0.602280 0.692220
vt 0.740911 0.000000
vt 0.612962 0.822109
vt 0.602280 0.528967
vt 1.000000 0.435886
vt 0.955482 0.359144
vt 0.527367 0.099788
vt 0.654853 0.935873
vt 0.947939 0.359144
vt 0.675979 0.836747
vt 0.975350 0.574631
vt 0.100973 0.331345
vt 0.530950 0.913383
vt 0.172750 0.119858
vt 0.861670 0.195233
vt 0.828463 0.021296
vt 0.267828 0.002139
vt 0.240388 0.350814
vt 0.134143 0.169007
vt 0.906424 0.502802
vt 0.240388 0.410199
vt 0.951711 0.143658
vt 0.134143 0.407256
vt 0.932853 0.553335
vt 0.775547 0.971858
vt 0.913986 0.574631
vt 0.000000 0.698518
vt 0.351115 0.856476
vt 0.117879 0.407256
vt 0.002149 0.800867
vt 0.169460 0.010283
vt 0.351115 0.856476
vt 0.117879 0.443978
vt 0.722707 0.521749
vt 0.713464 0.510885
vt 0.117879 0.222318
vt 0.134143 0.407256
vt 0.996919 0.071829
vt 0.913986 0.430973
vt 0.879814 0.710302
vt 0.932853 0.000000
vt 0.759458 0.836747
vt 0.987675 0.071829
vt 0.947939 0.430973
vt 0.222817 0.798306
vt 0.052994 0.069164
vt 0.580753 0.510885
vt 0.172750 0.370785
vt 0.117879 0.369554
vt 0.872395 0.405467
vt 0.917767 0.071829
vt 0.295269 0.043767
vt 0.828463 0.021287
vt 0.334603 0.896610
vt 0.719626 0.515005
vt 0.716545 0.515005
vt 0.618875 0.710302
vt 0.618875 0.510885
vt 0.612962 0.920412
vt 0.975350 0.000000
vt 0.944168 0.574631
vt 0.987675 0.574631
vt 0.912945 0.909719
vt 0.172750 0.002139
vt 0.775547 0.971858
vt 1.000000 0.574631
vt 0.093816 0.069164
vt 0.240388 0.127022
vt 0.507802 0.199577
vt 0.932853 0.000000
vt 0.172750 0.270879
vt 0.987675 0.435886
vt 0.618875 0.510885
vt 0.898862 0.502802
vt 0.966107 0.430973
vt 0.553195 0.710302
vt 0.975350 0.287315
vt 0.589228 0.963193
vt 0.966107 0.574631
vt 0.527367 0.199577
vt 0.580753 0.285455
vt 0.117879 0.116098
vt 0.116045 0.798306
vt 0.915155 0.143658
vt 0.240388 0.291430
vt 0.240388 0.350814
vt 0.172750 0.470692
vt 0.902181 0.339217
vt 0.740911 0.395059
vt 0.240228 0.237577
vt 0.947939 0.169164
vt 0.116045 0.933556
vt 0.966107 0.071829
vt 0.867032 0.000000
vt 0.527368 0.710302
vt 0.947939 0.502802
vt 0.521493 0.798306
vt 0.987675 0.574631
vt 0.527368 0.710302
vt 0.117879 0.222318
vt 0.612962 0.920412
vt 0.987675 0.138745
vt 0.117879 0.369554
vt 0.100973 0.479053
vt 0.052994 0.002139
vt 0.887519 0.000000
vt 0.895081 0.287315
vt 0.240388 0.350814
vt 0.850945 0.143658
vt 0.887757 0.845552
vt 0.867032 0.430973
vt 0.240388 0.410199
vt 0.940396 0.071829
vt 0.826428 0.611998
vt 0.902643 0.574631
vt 0.719604 0.836747
vt 0.861670 0.430973
vt 0.932853 0.000000
vt 0.791635 0.873554
vt 0.134143 0.443978
vt 0.740911 0.000000
vt 0.861670 0.379398
vt 0.134143 0.116098
vt 0.172750 0.002139
vt 0.801212 0.553339
vt 0.906424 0.502802
vt 0.134143 0.256493
vt 0.917767 0.071829
vt 0.085302 0.800264
vt 0.087430 0.799834
vt 0.955482 0.215487
vt 0.643413 0.808606
vt 0.947939 0.215487
vt 0.527368 0.836747
vt 0.966107 0.000000
vt 0.240388 0.410199
vt 0.611632 0.847528
vt 0.134143 0.256493
vt 0.944168 0.169164
vt 0.856308 0.360137
vt 0.172750 0.304181
vt 0.134143 0.443978
vt 0.801212 0.021287
vt 0.740911 0.287315
vt 0.169460 0.407256
vt 0.917767 0.553335
vt 0.387948 0.896610
vt 0.891300 0.430973
vt 0.947939 0.502802
vt 0.580753 0.285455
vt 0.891300 0.287315
vt 0.643413 0.836747
vt 0.975350 0.430973
vt 0.083669 0.273580
vt 0.675979 0.836747
vt 0.240388 0.043767
vt 0.990756 0.435886
vt 0.898862 0.272131
vt 0.100973 0.369554
vt 0.083669 0.301427
vt 0.917767 0.574631
vt 0.719626 0.515005
vt 0.267828 0.251885
vt 0.887519 0.574631
vt 0.694415 0.918374
vt 0.966107 0.000000
vt 0.634139 0.510885
vt 0.895081 0.287315
vt 0.810072 0.955181
vt 0.940396 0.000000
vt 0.240228 0.178718
vt 0.602280 0.528967
vt 0.240388 0.085394
vt 0.267828 0.350814
vt 0.267828 0.410199
vt 0.060310 0.498941
vt 0.117879 0.443978
vt 0.240388 0.085394
vt 0.932853 0.000000
vt 0.856307 0.071829
vt 0.117879 0.169007
vt 0.947939 0.071829
vt 0.912945 0.909719
vt 0.959254 0.000000
vt 0.634139 0.067625
vt 0.975350 0.287315
vt 0.710383 0.583856
vt 0.000000 0.498941
vt 0.052994 0.097011
vt 0.736210 0.611998
vt 0.117879 0.010283
vt 0.913986 0.146041
vt 0.719626 0.521749
vt 0.134143 0.407256
vt 0.093816 0.097011
vt 0.740911 0.502802
vt 0.891300 0.071829
vt 0.117879 0.443978
vt 0.872395 0.143658
vt 0.634139 0.285455
vt 0.850945 0.215487
vt 0.675979 0.836747
vt 0.917767 0.000000
vt 0.733631 0.808606
vt 0.993838 0.574631
vt 0.169460 0.116098
vt 0.297729 0.961559
vt 0.117879 0.293254
vt 0.867032 0.180096
vt 0.897489 0.287315
vt 0.172750 0.437389
vt 0.117879 0.331345
vt 0.963026 0.143658
vt 0.944168 0.502802
vt 0.117879 0.407256
vt 0.316166 0.896610
vt 0.834371 0.710302
vt 0.716545 0.515005
vt 0.969188 0.430973
vt 0.353040 0.920066
vt 0.850945 0.233756
vt 0.759458 0.850098
vt 0.861670 0.574631
vt 0.295269 0.528967
vt 0.812844 0.733758
vt 0.083669 0.301427
vt 0.173452 0.598730
vt 0.872395 0.405467
vt 0.267828 0.127021
vt 0.052994 0.136189
vt 0.963026 0.215487
vt 0.990756 0.071829
vt 0.169460 0.479053
vt 0.963026 0.287315
vt 0.694415 0.836747
vt 0.966107 0.430973
vt 0.891300 0.574631
vt 0.553195 0.808606
vt 0.963026 0.000000
vt 0.316166 0.896610
vt 0.801212 0.574631
vt 0.295269 0.127021
vt 0.388617 0.838324
vt 0.172750 0.178718
vt 0.503148 0.403786
vt 0.507802 0.199577
vt 0.295269 0.350814
vt 0.172750 0.503994
vt 0.740911 0.287315
vt 0.891300 0.430973
vt 0.172750 0.304181
vt 0.975350 0.574631
vt 0.478166 0.798306
vt 0.940396 0.502802
vt 0.955482 0.000000
vt 0.654853 0.847528
vt 0.897489 0.287315
vt 0.371477 0.920066
vt 0.000000 0.598730
vt 0.240228 0.370785
vt 0.579246 0.814666
vt 0.045062 0.273580
vt 0.940396 0.405467
vt 0.902181 0.339217
vt 0.117879 0.443978
vt 0.169460 0.331345
vt 0.944168 0.071829
vt 0.898862 0.359144
vt 0.912945 0.909719
vt 0.222817 0.938103
vt 0.589228 0.836747
vt 0.940396 0.071829
vt 0.861670 0.000000
vt 0.687525 0.067625
vt 0.902643 0.502802
vt 0.527368 0.000000
vt 0.872395 0.574631
vt 0.240228 0.002139
vt 0.651088 0.836747
vt 0.052994 0.041317
vt 0.856031 0.215487
vt 0.887519 0.000000
vt 0.169460 0.116098
vt 0.719604 0.836747
vt 0.713464 0.515005
vt 0.936625 0.430973
vt 0.602280 0.610593
vt 0.826428 0.710302
vt 0.085302 0.800264
vt 0.087430 0.799834
vt 0.951711 0.430973
vt 0.634139 0.285455
vt 0.947939 0.430973
vt 0.759458 0.836747
vt 0.134143 0.407256
vt 0.527368 0.285455
vt 0.134143 0.169007
vt 0.353916 0.598730
vt 0.801212 0.553339
vt 0.267828 0.528967
vt 0.744793 0.836747
vt 0.722707 0.515005
vt 0.861670 0.502802
vt 0.134143 0.293254
vt 0.932853 0.574631
vt 0.351115 0.798306
vt 0.972269 0.000000
vt 0.710383 0.519125
vt 0.834371 0.710302
vt 0.240388 0.043767
vt 0.002149 0.821150
vt 0.910205 0.153749
vt 0.169460 0.222318
vt 0.553195 0.808606
vt 0.117879 0.479053
vt 0.915155 0.430973
vt 0.963026 0.143658
vt 0.295269 0.251885
vt 0.521493 0.798306
vt 0.898862 0.071829
vt 0.955482 0.502802
vt 0.791635 0.955181
vt 0.902643 0.340876
vt 0.478166 0.924752
vt 0.910205 0.574631
vt 0.297729 0.879932
vt 0.240388 0.085394
vt 0.222817 0.933556
vt 0.990756 0.435886
vt 0.172750 0.270879
vt 0.100973 0.116098
vt 0.910205 0.420882
vt 0.932853 0.143658
vt 0.295269 0.085394
vt 0.828463 0.021296
vt 0.675979 0.836747
vt 0.959254 0.502802
vt 0.906424 0.143658
vt 0.527368 0.710302
vt 0.872395 0.553340
vt 0.472401 0.798306
vt 0.443019 0.689766
vt 0.959254 0.000000
vt 0.801212 0.574631
vt 0.618875 0.610593
vt 0.169460 0.331345
vt 0.733631 0.808606
vt 0.489254 0.453693
vt 0.083669 0.273580
vt 0.240388 0.168649
vt 0.436327 0.540001
vt 0.947939 0.000000
vt 0.240228 0.337483
vt 0.987675 0.138745
vt 0.503056 0.961559
vt 0.895081 0.502802
vt 0.895081 0.071829
vt 0.001507 0.799834
vt 0.947939 0.502802
vt 0.634139 0.285455
vt 0.856307 0.000000
vt 0.000000 0.199577
vt 0.001507 0.799834
vt 0.100973 0.479053
vt 0.222817 0.798306
vt 0.052994 0.002139
vt 0.913986 0.146041
vt 0.134143 0.010283
vt 0.169460 0.369554
vt 0.216052 0.612811
vt 0.740911 0.215487
vt 0.240228 0.002139
vt 0.975350 0.574631
vt 0.643413 0.836747
vt 0.913986 0.502802
vt 0.902643 0.071829
vt 0.826428 0.710302
vt 0.947939 0.574631
vt 0.744793 0.936456
vt 0.898862 0.574631
vt 0.975350 0.000000
vt 0.733631 0.710302
vt 0.117879 0.369554
vt 0.240388 0.291430
vt 0.240388 0.350814
vt 0.867032 0.180096
vt 0.117879 0.331345
vt 0.045062 0.245733
vt 0.987675 0.553332
vt 0.740911 0.000000
vt 0.134143 0.479053
vt 0.527368 0.798306
vt 0.634139 0.000000
vt 0.902643 0.071829
vt 0.856308 0.430973
vt 0.861670 0.071829
vt 0.759458 0.971858
vt 0.850945 0.502802
vt 0.618875 0.510885
vt 0.969188 0.143658
vt 0.850945 0.574631
vt 0.553195 0.808606
vt 0.134143 0.479053
vt 0.687525 0.225430
vt 0.173452 0.598730
vt 0.240388 0.410199
vt 0.100973 0.222318
vn 0.000000 0.000000 1.000000
vn 0.000000 0.000000 1.000000
vn 0.000000 0.000000 1.000000
vn 0.000000 0.000000 1.000000
vn 0.000000 1.000000 -0.000000
vn 0.000000 1.000000 -0.000000
vn 0.000000 1.000000 -0.000000
vn 0.000000 1.000000 -0.000000
vn -1.000000 0.000000 -0.000000
vn -1.000000 0.000000 -0.000000
vn -1.000000 0.000000 -0.000000
vn -1.000000 0.000000 -0.000000
vn 0.000000 0.000000 1.000000
vn 0.000000 0.000000 1.000000
vn 0.000000 0.000000 1.000000
vn 0.000000 0.000000 1.000000
vn 0.000000 0.000000 1.000000
vn 0.000000 0.000000 1.000000
vn 0.000000 0.000000 1.000000
vn 0.000000 0.000000 1.000000
vn 0.000000 -1.000000 0.000000
vn 0.000000 -1.000000 0.000000
vn 0.000000 -1.000000 0.000000
vn 0.000000 -1.000000 0.000000
vn 0.000000 1.000000 -0.000000
vn 0.000000 1.000000 -0.000000
vn 0.000000 1.000000 -0.000000
vn 0.000000 1.000000 -0.000000
vn 0.000000 0.000000 1.000000
vn 0.000000 0.000000 1.000000
vn 0.000000 0.000000 1.000000
vn 0.000000 0.000000 1.000000
vn 0.000000 -1.000000 0.000000
vn 0.000000 -1.000000 0.000000
vn 0.000000 -1.000000 0.000000
vn 0.000000 -1.000000 0.000000
vn -1.000000 0.000000 -0.000000
vn -1.000000 0.000000 -0.000000
vn -1.000000 0.000000 -0.000000
vn -1.000000 0.000000 -0.000000
vn 0.000000 0.000000 1.000000
vn 0.000000 0.000000 1.000000
vn 0.000000 0.000000 1.000000
vn 0.000000 0.000000 1.000000
vn 0.000000 0.000000 1.000000
vn 0.000000 0.000000 1.000000
vn 0.000000 0.000000 1.000000
vn 0.000000 0.000000 1.000000
vn 0.000000 1.000000 -0.000000
vn 0.000000 1.000000 -0.000000
vn 0.000000 1.000000 -0.000000
vn 0.000000 1.000000 -0.000000
vn -0.000002 -1.000000 0.000000
vn -0.000002 -1.000000 0.000000
vn -0.000002 -1.000000 0.000000
vn -0.000002 -1.000000 0.000000
vn 0.000000 0.000000 1.000000
vn 0.000000 0.000000 1.000000
vn 0.000000 0.000000 1.000000
vn 0.000000 0.000000 1.000000
vn 1.000000 -0.000000 -0.000000
vn 1.000000 -0.000000 -0.000000
vn 1.000000 -0.000000 -0.000000
vn 1.000000 -0.000000 -0.000000
vn -1.000000 0.000000 -0.000000
vn -1.000000 0.000000 -0.000000
vn -1.000000 0.000000 -0.000000
vn -1.000000 0.000000 -0.000000
vn 0.000000 1.000000 -0.000000
vn 0.000000 1.000000 -0.000000
vn 0.000000 1.000000 -0.000000
vn 0.000000 1.000000 -0.000000
vn -1.000000 0.000000 -0.000000
vn -1.000000 0.000000 -0.000000
vn -1.000000 0.000000 -0.000000
vn -1.000000 0.000000 -0.000000
vn 1.000000 -0.000000 -0.000000
vn 1.000000 -0.000000 -0.000000
vn 1.000000 -0.000000 -0.000000
vn 1.000000 -0.000000 -0.000000
vn 0.000000 -1.000000 0.000000
vn 0.000000 -1.000000 0.000000
vn 0.000000 -1.000000 0.000000
vn 0.000000 -1.000000 0.000000
vn -1.000000 0.000000 -0.000000
vn -1.000000 0.000000 -0.000000
vn -1.000000 0.000000 -0.000000
vn -1.000000 0.000000 -0.000000
vn 0.000000 -1.000000 0.000000
vn 0.000000 -1.000000 0.000000
vn 0.000000 -1.000000 0.000000
vn 0.000000 -1.000000 0.000000
vn -1.000000 0.000000 -0.000000
vn -1.000000 0.000000 -0.000000
vn -1.000000 0.000000 -0.000000
vn -1.000000 0.000000 -0.000000
vn 1.000000 -0.000000 -0.000000
vn 1.000000 -0.000000 -0.000000
vn 1.000000 -0.000000 -0.000000
vn 1.000000 -0.000000 -0.000000
vn 0.000000 1.000000 -0.000000
vn 0.000000 1.000000 -0.000000
vn 0.000000 1.000000 -0.000000
vn 0.000000 1.000000 -0.000000
vn -1.000000 0.000000 -0.000000
vn -1.000000 0.000000 -0.000000
vn -1.000000 0.000000 -0.000000
vn -1.000000 0.000000 -0.000000
vn 0.000000 0.000000 1.000000
vn 0.000000 0.000000 1.000000
vn 0.000000 0.000000 1.000000
vn 0.000000 0.000000 1.000000
vn 0.000000 -1.000000 0.000000
vn 0.000000 -1.000000 0.000000
vn 0.000000 -1.000000 0.000000
vn 0.000000 -1.000000 0.000000
vn 0.000000 0.000000 1.000000
vn 0.000000 0.000000 1.000000
vn 0.000000 0.000000 1.000000
vn 0.000000 0.000000 1.000000
vn 0.000000 1.000000 -0.000000
vn 0.000000 1.000000 -0.000000
vn 0.000000 1.000000 -0.000000
vn 0.000000 1.000000 -0.000000
vn 0.000000 1.000000 -0.000000
vn 0.000000 1.000000 -0.000000
vn 0.000000 1.000000 -0.000000
vn 0.000000 1.000000 -0.000000
vn 0.000000 0.000000 1.000000
vn 0.000000 0.000000 1.000000
vn 0.000000 0.000000 1.000000
vn 0.000000 0.000000 1.000000
vn 0.000000 -1.000000 0.000000
vn 0.000000 -1.000000 0.000000
vn 0.000000 -1.000000 0.000000
vn 0.000000 -1.000000 0.000000
vn 0.000000 0.000000 1.000000
vn 0.000000 0.000000 1.000000
vn 0.000000 0.000000 1.000000
vn 0.000000 0.000000 1.000000
vn 1.000000 -0.000000 -0.000000
vn 1.000000 -0.000000 -0.000000
vn 1.000000 -0.000000 -0.000000
vn 1.000000 -0.000000 -0.000000
vn 0.000000 0.000000 1.000000
vn 0.000000 0.000000 1.000000
vn 0.000000 0.000000 1.000000
vn 0.000000 0.000000 1.000000
vn -1.000000 0.000000 -0.000000
vn -1.000000 0.000000 -0.000000
vn -1.000000 0.000000 -0.000000
vn -1.000000 0.000000 -0.000000
vn 0.000000 0.000000 1.000000
vn 0.000000 0.000000 1.000000
vn 0.000000 0.000000 1.000000
vn 0.000000 0.000000 1.000000
vn 1.000000 0.000000 -0.000000
vn 1.000000 0.000000 -0.000000
vn 1.000000 0.000000 -0.000000
vn 1.000000 0.000000 -0.000000
vn 0.000000 0.000000 1.000000
vn 0.000000 0.000000 1.000000
vn 0.000000 0.000000 1.000000
vn 0.000000 0.000000 1.000000
vn -1.000000 0.000000 -0.000000
vn -1.000000 0.000000 -0.000000
vn -1.000000 0.000000 -0.000000
vn -1.000000 0.000000 -0.000000
vn 0.000000 -0.000000 -1.000000
vn 0.000000 -0.000000 -1.000000
vn 0.000000 -0.000000 -1.000000
vn 0.000000 -0.000000 -1.000000
vn 0.000000 -0.000000 -1.000000
vn 0.000000 -0.000000 -1.000000
vn 0.000000 -0.000000 -1.000000
vn 0.000000 -0.000000 -1.000000
vn 0.000000 1.000000 -0.000000
vn 0.000000 1.000000 -0.000000
vn 0.000000 1.000000 -0.000000
vn 0.000000 1.000000 -0.000000
vn 0.000000 1.000000 -0.000000
vn 0.000000 1.000000 -0.000000
vn 0.000000 1.000000 -0.000000
vn 0.000000 1.000000 -0.000000
vn 0.000000 1.000000 -0.000000
vn 0.000000 1.000000 -0.000000
vn 0.000000 1.000000 -0.000000
vn 0.000000 1.000000 -0.000000
vn 0.000000 -1.000000 0.000000
vn 0.000000 -1.000000 0.000000
vn 0.000000 -1.000000 0.000000
vn 0.000000 -1.000000 0.000000
vn 0.000000 -1.000000 0.000000
vn 0.000000 -1.000000 0.000000
vn 0.000000 -1.000000 0.000000
vn 0.000000 -1.000000 0.000000
vn 0.000000 -1.000000 0.000000
vn 0.000000 -1.000000 0.000000
vn 0.000000 -1.000000 0.000000
vn 0.000000 -1.000000 0.000000
vn 0.000000 -1.000000 0.000000
vn 0.000000 -1.000000 0.000000
vn 0.000000 -1.000000 0.000000
vn 0.000000 -1.000000 0.000000
vn 0.000000 -0.000000 -1.000000
vn 0.000000 -0.000000 -1.000000
vn 0.000000 -0.000000 -1.000000
vn 0.000000 -0.000000 -1.000000
vn 0.000000 -0.000000 -1.000000
vn 0.000000 -0.000000 -1.000000
vn 0.000000 -0.000000 -1.000000
vn 0.000000 -0.000000 -1.000000
vn -1.000000 -0.000000 0.000000
vn -1.000000 -0.000000 0.000000
vn -1.000000 -0.000000 0.000000
vn -1.000000 -0.000000 0.000000
vn -1.000000 -0.000000 -0.000000
vn -1.000000 -0.000000 -0.000000
vn -1.000000 -0.000000 -0.000000
vn -1.000000 -0.000000 -0.000000
vn 0.000000 0.000000 1.000000
vn 0.000000 0.000000 1.000000
vn 0.000000 0.000000 1.000000
vn 0.000000 0.000000 1.000000
vn 1.000000 0.000000 -0.000000
vn 1.000000 0.000000 -0.000000
vn 1.000000 0.000000 -0.000000
vn 1.000000 0.000000 -0.000000
vn 1.000000 -0.000000 -0.000000
vn 1.000000 -0.000000 -0.000000
vn 1.000000 -0.000000 -0.000000
vn 1.000000 -0.000000 -0.000000
vn -0.000003 1.000000 -0.000000
vn -0.000003 1.000000 -0.000000
vn -0.000003 1.000000 -0.000000
vn -0.000003 1.000000 -0.000000
vn 0.000003 -1.000000 0.000000
vn 0.000003 -1.000000 0.000000
vn 0.000003 -1.000000 0.000000
vn 0.000003 -1.000000 0.000000
vn 0.000000 1.000000 -0.000002
vn 0.000000 1.000000 -0.000002
vn 0.000000 1.000000 -0.000002
vn 0.000000 1.000000 -0.000002
vn -0.000001 -1.000000 0.000000
vn -0.000001 -1.000000 0.000000
vn -0.000001 -1.000000 0.000000
vn -0.000001 -1.000000 0.000000
vn 0.000003 1.000000 -0.000001
vn 0.000003 1.000000 -0.000001
vn 0.000003 1.000000 -0.000001
vn 0.000003 1.000000 -0.000001
vn -0.000003 -1.000000 0.000000
vn -0.000003 -1.000000 0.000000
vn -0.000003 -1.000000 0.000000
vn -0.000003 -1.000000 0.000000
vn 0.000000 0.000000 1.000000
vn 0.000000 0.000000 1.000000
vn 0.000000 0.000000 1.000000
vn 0.000000 0.000000 1.000000
vn 0.000000 1.000000 -0.000000
vn 0.000000 1.000000 -0.000000
vn 0.000000 1.000000 -0.000000
vn 0.000000 1.000000 -0.000000
vn 0.000000 0.000000 1.000000
vn 0.000000 0.000000 1.000000
vn 0.000000 0.000000 1.000000
vn 0.000000 0.000000 1.000000
vn 0.000000 -1.000000 0.000000
vn 0.000000 -1.000000 0.000000
vn 0.000000 -1.000000 0.000000
vn 0.000000 -1.000000 0.000000
vn -0.000000 1.000000 -0.000000
vn -0.000000 1.000000 -0.000000
vn -0.000000 1.000000 -0.000000
vn -0.000000 1.000000 -0.000000
vn 0.000000 0.000000 1.000000
vn 0.000000 0.000000 1.000000
vn 0.000000 0.000000 1.000000
vn 0.000000 0.000000 1.000000
vn 0.000000 -1.000000 0.000000
vn 0.000000 -1.000000 0.000000
vn 0.000000 -1.000000 0.000000
vn 0.000000 -1.000000 0.000000
vn 0.000000 0.000000 1.000000
vn 0.000000 0.000000 1.000000
vn 0.000000 0.000000 1.000000
vn 0.000000 0.000000 1.000000
vn 0.000000 1.000000 -0.000000
vn 0.000000 1.000000 -0.000000
vn 0.000000 1.000000 -0.000000
vn 0.000000 1.000000 -0.000000
vn 0.000002 -1.000000 0.000000
vn 0.000002 -1.000000 0.000000
vn 0.000002 -1.000000 0.000000
vn 0.000002 -1.000000 0.000000
vn 0.000000 1.000000 -0.000000
vn 0.000000 1.000000 -0.000000
vn 0.000000 1.000000 -0.000000
vn 0.000000 1.000000 -0.000000
vn 1.000000 0.000000 0.000000
vn 1.000000 0.000000 0.000000
vn 1.000000 0.000000 0.000000
vn 1.000000 0.000000 0.000000
vn 0.000000 -1.000000 0.000000
vn 0.000000 -1.000000 0.000000
vn 0.000000 -1.000000 0.000000
vn 0.000000 -1.000000 0.000000
vn 1.000000 0.000000 0.000000
vn 1.000000 0.000000 0.000000
vn 1.000000 0.000000 0.000000
vn 1.000000 0.000000 0.000000
vn 0.000000 -1.000000 0.000000
vn 0.000000 -1.000000 0.000000
vn 0.000000 -1.000000 0.000000
vn 0.000000 -1.000000 0.000000
vn 1.000000 0.000000 0.000000
vn 1.000000 0.000000 0.000000
vn 1.000000 0.000000 0.000000
vn 1.000000 0.000000 0.000000
vn 0.000000 1.000000 -0.000000
vn 0.000000 1.000000 -0.000000
vn 0.000000 1.000000 -0.000000
vn 0.000000 1.000000 -0.000000
vn 1.000000 0.000000 0.000000
vn 1.000000 0.000000 0.000000
vn 1.000000 0.000000 0.000000
vn 1.000000 0.000000 0.000000
vn 0.000000 -1.000000 0.000000
vn 0.000000 -1.000000 0.000000
vn 0.000000 -1.000000 0.000000
vn 0.000000 -1.000000 0.000000
vn 0.000000 1.000000 -0.000000
vn 0.000000 1.000000 -0.000000
vn 0.000000 1.000000 -0.000000
vn 0.000000 1.000000 -0.000000
vn 0.000000 1.000000 -0.000000
vn 0.000000 1.000000 -0.000000
vn 0.000000 1.000000 -0.000000
vn 0.000000 1.000000 -0.000000
vn 0.000000 -1.000000 0.000000
vn 0.000000 -1.000000 0.000000
vn 0.000000 -1.000000 0.000000
vn 0.000000 -1.000000 0.000000
vn 0.000000 1.000000 -0.000000
vn 0.000000 1.000000 -0.000000
vn 0.000000 1.000000 -0.000000
vn 0.000000 1.000000 -0.000000
vn 0.000000 0.000000 1.000000
vn 0.000000 0.000000 1.000000
vn 0.000000 0.000000 1.000000
vn 0.000000 0.000000 1.000000
vn -0.000000 0.000000 1.000000
vn -0.000000 0.000000 1.000000
vn -0.000000 0.000000 1.000000
vn -0.000000 0.000000 1.000000
vn 0.000000 0.000000 1.000000
vn 0.000000 0.000000 1.000000
vn 0.000000 0.000000 1.000000
vn 0.000000 0.000000 1.000000
vn 0.000000 1.000000 -0.000000
vn 0.000000 1.000000 -0.000000
vn 0.000000 1.000000 -0.000000
vn 0.000000 1.000000 -0.000000
vn 0.000001 -1.000000 0.000000
vn 0.000001 -1.000000 0.000000
vn 0.000001 -1.000000 0.000000
vn 0.000001 -1.000000 0.000000
vn 0.000000 -0.000000 -1.000000
vn 0.000000 -0.000000 -1.000000
vn 0.000000 -0.000000 -1.000000
vn 0.000000 -0.000000 -1.000000
vn 0.000000 1.000000 -0.000000
vn 0.000000 1.000000 -0.000000
vn 0.000000 1.000000 -0.000000
vn 0.000000 1.000000 -0.000000
vn -1.000000 0.000000 -0.000000
vn -1.000000 0.000000 -0.000000
vn -1.000000 0.000000 -0.000000
vn -1.000000 0.000000 -0.000000
vn 0.000000 -0.000000 -1.000000
vn 0.000000 -0.000000 -1.000000
vn 0.000000 -0.000000 -1.000000
vn 0.000000 -0.000000 -1.000000
vn 0.000000 -1.000000 0.000000
vn 0.000000 -1.000000 0.000000
vn 0.000000 -1.000000 0.000000
vn 0.000000 -1.000000 0.000000
vn 0.000000 1.000000 -0.000000
vn 0.000000 1.000000 -0.000000
vn 0.000000 1.000000 -0.000000
vn 0.000000 1.000000 -0.000000
vn 0.000000 -0.000000 -1.000000
vn 0.000000 -0.000000 -1.000000
vn 0.000000 -0.000000 -1.000000
vn 0.000000 -0.000000 -1.000000
vn 0.000000 -1.000000 0.000000
vn 0.000000 -1.000000 0.000000
vn 0.000000 -1.000000 0.000000
vn 0.000000 -1.000000 0.000000
vn -1.000000 0.000000 -0.000000
vn -1.000000 0.000000 -0.000000
vn -1.000000 0.000000 -0.000000
vn -1.000000 0.000000 -0.000000
vn 0.000000 -0.000000 -1.000000
vn 0.000000 -0.000000 -1.000000
vn 0.000000 -0.000000 -1.000000
vn 0.000000 -0.000000 -1.000000
vn 0.000000 -0.000000 -1.000000
vn 0.000000 -0.000000 -1.000000
vn 0.000000 -0.000000 -1.000000
vn 0.000000 -0.000000 -1.000000
vn 0.000000 1.000000 -0.000000
vn 0.000000 1.000000 -0.000000
vn 0.000000 1.000000 -0.000000
vn 0.000000 1.000000 -0.000000
vn -0.000002 -1.000000 0.000000
vn -0.000002 -1.000000 0.000000
vn -0.000002 -1.000000 0.000000
vn -0.000002 -1.000000 0.000000
vn 0.000000 -0.000000 -1.000000
vn 0.000000 -0.000000 -1.000000
vn 0.000000 -0.000000 -1.000000
vn 0.000000 -0.000000 -1.000000
vn 1.000000 0.000000 0.000000
vn 1.000000 0.000000 0.000000
vn 1.000000 0.000000 0.000000
vn 1.000000 0.000000 0.000000
vn -1.000000 0.000000 -0.000000
vn -1.000000 0.000000 -0.000000
vn -1.000000 0.000000 -0.000000
vn -1.000000 0.000000 -0.000000
vn 0.000000 1.000000 -0.000000
vn 0.000000 1.000000 -0.000000
vn 0.000000 1.000000 -0.000000
vn 0.000000 1.000000 -0.000000
vn -1.000000 0.000000 -0.000000
vn -1.000000 0.000000 -0.000000
vn -1.000000 0.000000 -0.000000
vn -1.000000 0.000000 -0.000000
vn 1.000000 0.000000 0.000000
vn 1.000000 0.000000 0.000000
vn 1.000000 0.000000 0.000000
vn 1.000000 0.000000 0.000000
vn 0.000000 -1.000000 0.000000
vn 0.000000 -1.000000 0.000000
vn 0.000000 -1.000000 0.000000
vn 0.000000 -1.000000 0.000000
vn -1.000000 0.000000 -0.000000
vn -1.000000 0.000000 -0.000000
vn -1.000000 0.000000 -0.000000
vn -1.000000 0.000000 -0.000000
vn 0.000000 -1.000000 0.000000
vn 0.000000 -1.000000 0.000000
vn 0.000000 -1.000000 0.000000
vn 0.000000 -1.000000 0.000000
vn -1.000000 0.000000 -0.000000
vn -1.000000 0.000000 -0.000000
vn -1.000000 0.000000 -0.000000
vn -1.000000 0.000000 -0.000000
vn 1.000000 0.000000 0.000000
vn 1.000000 0.000000 0.000000
vn 1.000000 0.000000 0.000000
vn 1.000000 0.000000 0.000000
vn 0.000000 1.000000 -0.000000
vn 0.000000 1.000000 -0.000000
vn 0.000000 1.000000 -0.000000
vn 0.000000 1.000000 -0.000000
vn -1.000000 0.000000 -0.000000
vn -1.000000 0.000000 -0.000000
vn -1.000000 0.000000 -0.000000
vn -1.000000 0.000000 -0.000000
vn 0.000000 -1.000000 0.000000
vn 0.000000 -1.000000 0.000000
vn 0.000000 -1.000000 0.000000
vn 0.000000 -1.000000 0.000000
vn 0.000000 1.000000 -0.000000
vn 0.000000 1.000000 -0.000000
vn 0.000000 1.000000 -0.000000
vn 0.000000 1.000000 -0.000000
vn 0.000000 1.000000 -0.000000
vn 0.000000 1.000000 -0.000000
vn 0.000000 1.000000 -0.000000
vn 0.000000 1.000000 -0.000000
vn 0.000000 -0.000000 -1.000000
vn 0.000000 -0.000000 -1.000000
vn 0.000000 -0.000000 -1.000000
vn 0.000000 -0.000000 -1.000000
vn 0.000000 -1.000000 0.000000
vn 0.000000 -1.000000 0.000000
vn 0.000000 -1.000000 0.000000
vn 0.000000 -1.000000 0.000000
vn 0.000000 -0.000000 -1.000000
vn 0.000000 -0.000000 -1.000000
vn 0.000000 -0.000000 -1.000000
vn 0.000000 -0.000000 -1.000000
vn 1.000000 -0.000000 0.000000
vn 1.000000 -0.000000 0.000000
vn 1.000000 -0.000000 0.000000
vn 1.000000 -0.000000 0.000000
vn 0.000000 -0.000000 -1.000000
vn 0.000000 -0.000000 -1.000000
vn 0.000000 -0.000000 -1.000000
vn 0.000000 -0.000000 -1.000000
vn -1.000000 -0.000000 0.000000
vn -1.000000 -0.000000 0.000000
vn -1.000000 -0.000000 0.000000
vn -1.000000 -0.000000 0.000000
vn 1.000000 0.000000 -0.000000
vn 1.000000 0.000000 -0.000000
vn 1.000000 0.000000 -0.000000
vn 1.000000 0.000000 -0.000000
vn 0.000000 -0.000000 -1.000000
vn 0.000000 -0.000000 -1.000000
vn 0.000000 -0.000000 -1.000000
vn 0.000000 -0.000000 -1.000000
vn -1.000000 -0.000000 0.000000
vn -1.000000 -0.000000 0.000000
vn -1.000000 -0.000000 0.000000
vn -1.000000 -0.000000 0.000000
vn 0.000000 0.000000 1.000000
vn 0.000000 0.000000 1.000000
vn 0.000000 0.000000 1.000000
vn 0.000000 0.000000 1.000000
vn 0.000000 0.000000 1.000000
vn 0.000000 0.000000 1.000000
vn 0.000000 0.000000 1.000000
vn 0.000000 0.000000 1.000000
vn 0.000000 1.000000 -0.000000
vn 0.000000 1.000000 -0.000000
vn 0.000000 1.000000 -0.000000
vn 0.000000 1.000000 -0.000000
vn 0.000000 1.000000 -0.000000
vn 0.000000 1.000000 -0.000000
vn 0.000000 1.000000 -0.000000
vn 0.000000 1.000000 -0.000000
vn 0.000001 1.000000 -0.000000
vn 0.000001 1.000000 -0.000000
vn 0.000001 1.000000 -0.000000
vn 0.000001 1.000000 -0.000000
vn 0.000000 -1.000000 0.000000
vn 0.000000 -1.000000 0.000000
vn 0.000000 -1.000000 0.000000
vn 0.000000 -1.000000 0.000000
vn 0.000000 -1.000000 0.000000
vn 0.000000 -1.000000 0.000000
vn 0.000000 -1.000000 0.000000
vn 0.000000 -1.000000 0.000000
vn 0.000000 0.000000 1.000000
vn 0.000000 0.000000 1.000000
vn 0.000000 0.000000 1.000000
vn 0.000000 0.000000 1.000000
vn 0.000000 0.000000 1.000000
vn 0.000000 0.000000 1.000000
vn 0.000000 0.000000 1.000000
vn 0.000000 0.000000 1.000000
vn -1.000000 -0.000000 0.000000
vn -1.000000 -0.000000 0.000000
vn -1.000000 -0.000000 0.000000
vn -1.000000 -0.000000 0.000000
vn -1.000000 0.000000 0.000000
vn -1.000000 0.000000 0.000000
vn -1.000000 0.000000 0.000000
vn -1.000000 0.000000 0.000000
vn 0.000000 -0.000000 -1.000000
vn 0.000000 -0.000000 -1.000000
vn 0.000000 -0.000000 -1.000000
vn 0.000000 -0.000000 -1.000000
vn 1.000000 -0.000000 0.000000
vn 1.000000 -0.000000 0.000000
vn 1.000000 -0.000000 0.000000
vn 1.000000 -0.000000 0.000000
vn 0.000000 -0.000000 -1.000000
vn 0.000000 -0.000000 -1.000000
vn 0.000000 -0.000000 -1.000000
vn 0.000000 -0.000000 -1.000000
vn -0.000000 -0.000000 -1.000000
vn -0.000000 -0.000000 -1.000000
vn -0.000000 -0.000000 -1.000000
vn -0.000000 -0.000000 -1.000000
vn -0.000002 1.000000 0.000000
vn -0.000002 1.000000 0.000000
vn -0.000002 1.000000 0.000000
vn -0.000002 1.000000 0.000000
vn 0.000002 -1.000000 0.000000
vn 0.000002 -1.000000 0.000000
vn 0.000002 -1.000000 0.000000
vn 0.000002 -1.000000 0.000000
vn 0.000000 1.000000 0.000002
vn 0.000000 1.000000 0.000002
vn 0.000000 1.000000 0.000002
vn 0.000000 1.000000 0.000002
vn -0.000001 -1.000000 0.000000
vn -0.000001 -1.000000 0.000000
vn -0.000001 -1.000000 0.000000
vn -0.000001 -1.000000 0.000000
vn 0.000002 1.000000 0.000000
vn 0.000002 1.000000 0.000000
vn 0.000002 1.000000 0.000000
vn 0.000002 1.000000 0.000000
vn -0.000003 -1.000000 0.000000
vn -0.000003 -1.000000 0.000000
vn -0.000003 -1.000000 0.000000
vn -0.000003 -1.000000 0.000000
vn 0.000000 1.000000 0.000002
vn 0.000000 1.000000 0.000002
vn 0.000000 1.000000 0.000002
vn 0.000000 1.000000 0.000002
vn 0.000000 -0.000000 -1.000000
vn 0.000000 -0.000000 -1.000000
vn 0.000000 -0.000000 -1.000000
vn 0.000000 -0.000000 -1.000000
vn 0.000000 1.000000 -0.000000
vn 0.000000 1.000000 -0.000000
vn 0.000000 1.000000 -0.000000
vn 0.000000 1.000000 -0.000000
vn 0.000000 -0.000000 -1.000000
vn 0.000000 -0.000000 -1.000000
vn 0.000000 -0.000000 -1.000000
vn 0.000000 -0.000000 -1.000000
vn 0.000000 -1.000000 0.000000
vn 0.000000 -1.000000 0.000000
vn 0.000000 -1.000000 0.000000
vn 0.000000 -1.000000 0.000000
vn -0.000000 1.000000 -0.000000
vn -0.000000 1.000000 -0.000000
vn -0.000000 1.000000 -0.000000
vn -0.000000 1.000000 -0.000000
vn 0.000000 -0.000000 -1.000000
vn 0.000000 -0.000000 -1.000000
vn 0.000000 -0.000000 -1.000000
vn 0.000000 -0.000000 -1.000000
vn 0.000000 -1.000000 0.000000
vn 0.000000 -1.000000 0.000000
vn 0.000000 -1.000000 0.000000
vn 0.000000 -1.000000 0.000000
vn 0.000000 -0.000000 -1.000000
vn 0.000000 -0.000000 -1.000000
vn 0.000000 -0.000000 -1.000000
vn 0.000000 -0.000000 -1.000000
vn 0.000000 -0.000000 -1.000000
vn 0.000000 -0.000000 -1.000000
vn 0.000000 -0.000000 -1.000000
vn 0.000000 -0.000000 -1.000000
vn 0.000000 1.000000 -0.000000
vn 0.000000 1.000000 -0.000000
vn 0.000000 1.000000 -0.000000
vn 0.000000 1.000000 -0.000000
vn 0.000002 -1.000000 0.000000
vn 0.000002 -1.000000 0.000000
vn 0.000002 -1.000000 0.000000
vn 0.000002 -1.000000 0.000000
vn 0.000000 -0.000000 -1.000000
vn 0.000000 -0.000000 -1.000000
vn 0.000000 -0.000000 -1.000000
vn 0.000000 -0.000000 -1.000000
vn 0.000000 1.000000 -0.000000
vn 0.000000 1.000000 -0.000000
vn 0.000000 1.000000 -0.000000
vn 0.000000 1.000000 -0.000000
vn 1.000000 0.000000 0.000000
vn 1.000000 0.000000 0.000000
vn 1.000000 0.000000 0.000000
vn 1.000000 0.000000 0.000000
vn 0.000000 -1.000000 0.000000
vn 0.000000 -1.000000 0.000000
vn 0.000000 -1.000000 0.000000
vn 0.000000 -1.000000 0.000000
vn 1.000000 0.000000 0.000000
vn 1.000000 0.000000 0.000000
vn 1.000000 0.000000 0.000000
vn 1.000000 0.000000 0.000000
vn 0.000000 -1.000000 0.000000
vn 0.000000 -1.000000 0.000000
vn 0.000000 -1.000000 0.000000
vn 0.000000 -1.000000 0.000000
vn 1.000000 0.000000 0.000000
vn 1.000000 0.000000 0.000000
vn 1.000000 0.000000 0.000000
vn 1.000000 0.000000 0.000000
vn 0.000000 1.000000 -0.000000
vn 0.000000 1.000000 -0.000000
vn 0.000000 1.000000 -0.000000
vn 0.000000 1.000000 -0.000000
vn 1.000000 0.000000 0.000000
vn 1.000000 0.000000 0.000000
vn 1.000000 0.000000 0.000000
vn 1.000000 0.000000 0.000000
vn 0.000000 -1.000000 0.000000
vn 0.000000 -1.000000 0.000000
vn 0.000000 -1.000000 0.000000
vn 0.000000 -1.000000 0.000000
vn 0.000000 1.000000 -0.000000
vn 0.000000 1.000000 -0.000000
vn 0.000000 1.000000 -0.000000
vn 0.000000 1.000000 -0.000000
vn 0.000000 1.000000 -0.000000
vn 0.000000 1.000000 -0.000000
vn 0.000000 1.000000 -0.000000
vn 0.000000 1.000000 -0.000000
vn 0.000000 -0.000000 -1.000000
vn 0.000000 -0.000000 -1.000000
vn 0.000000 -0.000000 -1.000000
vn 0.000000 -0.000000 -1.000000
vn 0.000000 -1.000000 0.000000
vn 0.000000 -1.000000 0.000000
vn 0.000000 -1.000000 0.000000
vn 0.000000 -1.000000 0.000000
vn 0.000000 -0.000000 -1.000000
vn 0.000000 -0.000000 -1.000000
vn 0.000000 -0.000000 -1.000000
vn 0.000000 -0.000000 -1.000000
vn 0.000000 1.000000 -0.000000
vn 0.000000 1.000000 -0.000000
vn 0.000000 1.000000 -0.000000
vn 0.000000 1.000000 -0.000000
vn 0.000000 -1.000000 0.000000
vn 0.000000 -1.000000 0.000000
vn 0.000000 -1.000000 0.000000
vn 0.000000 -1.000000 0.000000
vn 0.000000 -1.000000 0.000000
vn 0.000000 -1.000000 0.000000
vn 0.000000 -1.000000 0.000000
vn 0.000000 -1.000000 0.000000
vn 1.000000 -0.000000 0.000000
vn 1.000000 -0.000000 0.000000
vn 1.000000 -0.000000 0.000000
vn 1.000000 -0.000000 0.000000
vn 0.000000 -0.000000 -1.000000
vn 0.000000 -0.000000 -1.000000
vn 0.000000 -0.000000 -1.000000
vn 0.000000 -0.000000 -1.000000
vn 0.000001 -1.000000 0.000000
vn 0.000001 -1.000000 0.000000
vn 0.000001 -1.000000 0.000000
vn 0.000001 -1.000000 0.000000
vn 0.000000 0.923880 -0.382682
vn 0.000000 0.923880 -0.382682
vn 0.000000 0.831468 -0.555573
vn 0.000000 0.831468 -0.555573
vn -1.000000 0.000000 -0.000000
vn -1.000000 0.000000 -0.000000
vn -1.000000 0.000000 -0.000000
vn -1.000000 0.000000 -0.000000
vn -1.000000 0.000000 -0.000000
vn -1.000000 0.000000 -0.000000
vn -1.000000 0.000000 -0.000000
vn -1.000000 0.000000 -0.000000
vn -1.000000 0.000000 -0.000000
vn -1.000000 0.000000 -0.000000
vn -1.000000 0.000000 -0.000000
vn -1.000000 0.000000 -0.000000
vn 0.000000 -0.923880 0.382682
vn 0.000000 -0.831468 0.555573
vn 0.000000 -0.831468 0.555573
vn 0.000000 -0.923880 0.382682
vn -1.000000 0.000000 -0.000000
vn -1.000000 0.000000 -0.000000
vn -1.000000 0.000000 -0.000000
vn -1.000000 0.000000 -0.000000
vn 0.000000 -0.195077 0.980788
vn 0.000000 -0.049044 0.998797
vn 0.000000 -0.049044 0.998797
vn 0.000000 -0.195077 0.980788
vn -1.000000 0.000000 -0.000000
vn -1.000000 0.000000 -0.000000
vn -1.000000 0.000000 -0.000000
vn -1.000000 0.000000 -0.000000
vn 0.000000 0.000000 1.000000
vn 0.000000 0.000000 1.000000
vn 0.000000 0.000000 1.000000
vn 0.000000 0.000000 1.000000
vn -1.000000 0.000000 -0.000000
vn -1.000000 0.000000 -0.000000
vn -1.000000 0.000000 -0.000000
vn -1.000000 0.000000 -0.000000
vn -1.000000 0.000000 -0.000000
vn -1.000000 0.000000 -0.000000
vn -1.000000 0.000000 -0.000000
vn -1.000000 0.000000 -0.000000
vn 0.000000 -1.000000 0.000000
vn 0.000000 -0.980788 0.195077
vn 0.000000 -0.980788 0.195077
vn 0.000000 -1.000000 0.000000
vn -1.000000 0.000000 -0.000000
vn -1.000000 0.000000 -0.000000
vn -1.000000 0.000000 -0.000000
vn -1.000000 0.000000 -0.000000
vn 0.000000 -0.555573 0.831468
vn 0.000000 -0.382681 0.923880
vn 0.000000 -0.382681 0.923880
vn 0.000000 -0.555573 0.831468
vn 0.000000 -0.831468 0.555573
vn 0.000000 -0.707107 0.707107
vn 0.000000 -0.707107 0.707107
vn 0.000000 -0.831468 0.555573
vn 0.000000 -0.980788 0.195077
vn 0.000000 -0.923880 0.382682
vn 0.000000 -0.923880 0.382682
vn 0.000000 -0.980788 0.195077
vn 0.000000 -0.382681 0.923880
vn 0.000000 -0.195077 0.980788
vn 0.000000 -0.195077 0.980788
vn 0.000000 -0.382681 0.923880
vn 0.000000 0.831468 -0.555573
vn 0.000000 0.831468 -0.555573
vn 0.000000 0.707107 -0.707107
vn 0.000000 0.707107 -0.707107
vn 0.000000 0.707107 -0.707107
vn 0.000000 0.707107 -0.707107
vn 0.000000 0.555573 -0.831468
vn 0.000000 0.555573 -0.831468
vn 0.000000 0.555573 -0.831468
vn 0.000000 0.555573 -0.831468
vn 0.000000 0.382681 -0.923880
vn 0.000000 0.382681 -0.923880
vn 0.000000 0.382681 -0.923880
vn 0.000000 0.382681 -0.923880
vn 0.000000 0.196421 -0.980520
vn 0.000000 0.196421 -0.980520
vn -1.000000 0.000000 -0.000000
vn -1.000000 0.000000 -0.000000
vn -1.000000 0.000000 -0.000000
vn -1.000000 0.000000 -0.000000
vn 0.000000 -0.707107 0.707107
vn 0.000000 -0.555573 0.831468
vn 0.000000 -0.555573 0.831468
vn 0.000000 -0.707107 0.707107
vn 0.000000 0.196421 -0.980520
vn 0.000000 0.196421 -0.980520
vn -0.000031 0.050508 -0.998724
vn 0.000000 0.050508 -0.998724
vn 0.000000 0.956936 -0.290301
vn 0.000000 0.956936 -0.290301
vn 0.000000 0.923880 -0.382682
vn 0.000000 0.923880 -0.382682
vn 0.000000 0.000122 -1.000000
vn 0.000000 0.000122 -1.000000
vn 0.000000 0.000122 -1.000000
vn 0.000000 0.000122 -1.000000
vn 0.000000 0.980788 -0.195077
vn 0.000000 0.980788 -0.195077
vn 0.000000 0.923880 -0.382682
vn 0.000000 0.923880 -0.382682
vn 0.000000 0.196421 -0.980520
vn 0.000000 0.196421 -0.980520
vn 0.000000 0.050508 -0.998724
vn 0.000000 0.050508 -0.998724
vn 0.000000 0.382681 -0.923880
vn 0.000000 0.382681 -0.923880
vn 0.000000 0.196421 -0.980520
vn 0.000000 0.196421 -0.980520
vn 0.000000 0.555573 -0.831468
vn 0.000000 0.555573 -0.831468
vn 0.000000 0.382681 -0.923880
vn 0.000000 0.382681 -0.923880
vn 0.000000 0.707107 -0.707107
vn 0.000000 0.707107 -0.707107
vn 0.000000 0.555573 -0.831468
vn 0.000000 0.555573 -0.831468
vn 0.000000 0.831468 -0.555573
vn 0.000000 0.831468 -0.555573
vn 0.000000 0.707107 -0.707107
vn 0.000000 0.707107 -0.707107
vn 0.000000 0.923880 -0.382682
vn 0.000000 0.923880 -0.382682
vn 0.000000 0.831468 -0.555573
vn 0.000000 0.831468 -0.555573
vn 0.000000 1.000000 -0.000000
vn 0.000000 0.980788 -0.195077
vn 0.000000 0.980788 -0.195077
vn 0.000000 1.000000 -0.000000
vn -1.000000 0.000000 -0.000000
vn -1.000000 0.000000 -0.000000
vn -1.000000 0.000000 -0.000000
vn -1.000000 0.000000 -0.000000
vn -1.000000 0.000000 -0.000000
vn -1.000000 0.000000 -0.000000
vn -1.000000 0.000000 -0.000000
vn -1.000000 0.000000 -0.000000
vn -1.000000 0.000000 -0.000000
vn -1.000000 0.000000 -0.000000
vn -1.000000 0.000000 -0.000000
vn -1.000000 0.000000 -0.000000
vn -1.000000 0.000000 -0.000000
vn -1.000000 0.000000 -0.000000
vn -1.000000 0.000000 -0.000000
vn -1.000000 0.000000 -0.000000
vn -1.000000 0.000000 -0.000000
vn -1.000000 0.000000 -0.000000
vn -1.000000 0.000000 -0.000000
vn -1.000000 0.000000 -0.000000
vn -1.000000 0.000000 -0.000000
vn -1.000000 0.000000 -0.000000
vn -1.000000 0.000000 -0.000000
vn -1.000000 0.000000 -0.000000
vn -1.000000 0.000000 -0.000000
vn -1.000000 0.000000 -0.000000
vn -1.000000 0.000000 -0.000000
vn -1.000000 0.000000 -0.000000
vn -1.000000 0.000000 -0.000000
vn -1.000000 0.000000 -0.000000
vn -1.000000 0.000000 -0.000000
vn -1.000000 0.000000 -0.000000
vn -1.000000 0.000000 -0.000000
vn -1.000000 0.000000 -0.000000
vn -1.000000 0.000000 -0.000000
vn -1.000000 0.000000 -0.000000
vn 0.000000 1.000000 -0.000000
vn 0.000000 1.000000 -0.000000
vn 0.000000 1.000000 -0.000000
vn 0.000000 1.000000 -0.000000
vn -1.000000 0.000000 -0.000000
vn -1.000000 0.000000 -0.000000
vn -1.000000 0.000000 -0.000000
vn -1.000000 0.000000 -0.000000
vn 0.000000 -0.000000 -1.000000
vn 0.000000 -0.000000 -1.000000
vn 0.000000 -0.000000 -1.000000
vn 0.000000 -0.000000 -1.000000
vn -1.000000 0.000000 -0.000000
vn -1.000000 0.000000 -0.000000
vn -1.000000 0.000000 -0.000000
vn -1.000000 0.000000 -0.000000
vn 0.000000 0.000122 -1.000000
vn 0.000000 0.000122 -1.000000
vn 0.000000 0.000122 -1.000000
vn 0.000000 0.000122 -1.000000
vn -1.000000 0.000000 -0.000000
vn -1.000000 0.000000 -0.000000
vn -1.000000 0.000000 -0.000000
vn -1.000000 0.000000 -0.000000
vn 0.000000 0.000122 -1.000000
vn -0.000031 0.000122 -1.000000
vn 0.000000 0.000122 -1.000000
vn 0.000000 0.000122 -1.000000
vn 0.000000 0.000000 1.000000
vn 0.000000 0.000000 1.000000
vn 0.000000 0.000000 1.000000
vn 0.000000 0.000000 1.000000
vn 0.000000 0.050508 -0.998724
vn -0.000031 0.050508 -0.998724
vn -0.000061 0.000122 -1.000000
vn 0.000000 0.000122 -1.000000
vn 0.000000 0.000122 -1.000000
vn 0.000000 0.000122 -1.000000
vn 0.000000 0.000122 -1.000000
vn 0.000000 0.000122 -1.000000
vn 0.000000 0.000122 -1.000000
vn -0.000061 0.000122 -1.000000
vn -0.000031 0.000122 -1.000000
vn 0.000000 0.000122 -1.000000
vn 0.000000 -0.000000 -1.000000
vn 0.000000 -0.000000 -1.000000
vn 0.000000 -0.000000 -1.000000
vn 0.000000 -0.000000 -1.000000
vn 0.000000 0.000122 -1.000000
vn 0.000000 0.000122 -1.000000
vn 0.000000 0.000122 -1.000000
vn 0.000000 0.000122 -1.000000
vn 0.000000 0.956936 -0.290301
vn 0.000000 0.956936 -0.290301
vn 0.000000 0.923880 -0.382682
vn 0.000000 0.923880 -0.382682
vn 0.000000 0.196421 -0.980520
vn 0.000000 0.196421 -0.980520
vn 0.000000 0.050508 -0.998724
vn 0.000000 0.050508 -0.998724
vn 0.000000 0.382681 -0.923880
vn 0.000000 0.382681 -0.923880
vn 0.000000 0.196421 -0.980520
vn 0.000000 0.196421 -0.980520
vn 0.000000 0.555573 -0.831468
vn 0.000000 0.555573 -0.831468
vn 0.000000 0.382681 -0.923880
vn 0.000000 0.382681 -0.923880
vn 0.000000 0.707107 -0.707107
vn 0.000000 0.707107 -0.707107
vn 0.000000 0.555573 -0.831468
vn 0.000000 0.555573 -0.831468
vn 0.000000 0.831468 -0.555573
vn 0.000000 0.831468 -0.555573
vn 0.000000 0.707107 -0.707107
vn 0.000000 0.707107 -0.707107
vn 0.000000 0.923880 -0.382682
vn 0.000000 0.923880 -0.382682
vn 0.000000 0.831468 -0.555573
vn 0.000000 0.831468 -0.555573
vn 0.000000 -0.049044 0.998797
vn 0.000000 0.000000 1.000000
vn 0.000000 0.000000 1.000000
vn 0.000000 -0.049044 0.998797
vn -1.000000 0.000000 -0.000000
vn -1.000000 0.000000 -0.000000
vn -1.000000 0.000000 -0.000000
vn -1.000000 0.000000 -0.000000
vn 0.000000 1.000000 -0.000000
vn 0.000000 1.000000 -0.000000
vn 0.000000 1.000000 -0.000000
vn 0.000000 1.000000 -0.000000
vn 0.000000 0.050508 -0.998724
vn 0.000000 0.050508 -0.998724
vn 0.000000 0.000122 -1.000000
vn 0.000000 0.000122 -1.000000
vn -1.000000 0.000000 -0.000000
vn -1.000000 0.000000 -0.000000
vn -1.000000 0.000000 -0.000000
vn -1.000000 0.000000 -0.000000
vn 0.000000 0.923880 -0.382682
vn 0.000000 0.831468 -0.555573
vn 0.000000 0.831468 -0.555573
vn 0.000000 0.923880 -0.382682
vn 1.000000 0.000000 0.000000
vn 1.000000 0.000000 0.000000
vn 1.000000 0.000000 0.000000
vn 1.000000 0.000000 0.000000
vn 1.000000 0.000000 0.000000
vn 1.000000 0.000000 0.000000
vn 1.000000 0.000000 0.000000
vn 1.000000 0.000000 0.000000
vn 1.000000 0.000000 0.000000
vn 1.000000 0.000000 0.000000
vn 1.000000 0.000000 0.000000
vn 1.000000 0.000000 0.000000
vn 0.000000 -0.923880 0.382682
vn 0.000000 -0.923880 0.382682
vn 0.000000 -0.831468 0.555573
vn 0.000000 -0.831468 0.555573
vn 1.000000 0.000000 0.000000
vn 1.000000 0.000000 0.000000
vn 1.000000 0.000000 0.000000
vn 1.000000 0.000000 0.000000
vn 0.000000 -0.195077 0.980788
vn 0.000000 -0.195077 0.980788
vn 0.000000 -0.049044 0.998797
vn 0.000000 -0.049044 0.998797
vn 1.000000 0.000000 0.000000
vn 1.000000 0.000000 0.000000
vn 1.000000 0.000000 0.000000
vn 1.000000 0.000000 0.000000
vn 0.000000 0.000000 1.000000
vn 0.000000 0.000000 1.000000
vn 0.000000 0.000000 1.000000
vn 0.000000 0.000000 1.000000
vn 1.000000 0.000000 0.000000
vn 1.000000 0.000000 0.000000
vn 1.000000 0.000000 0.000000
vn 1.000000 0.000000 0.000000
vn 1.000000 0.000000 0.000000
vn 1.000000 0.000000 0.000000
vn 1.000000 0.000000 0.000000
vn 1.000000 0.000000 0.000000
vn 0.000000 -1.000000 0.000000
vn 0.000000 -1.000000 0.000000
vn 0.000000 -0.980788 0.195077
vn 0.000000 -0.980788 0.195077
vn 1.000000 0.000000 0.000000
vn 1.000000 0.000000 0.000000
vn 1.000000 0.000000 0.000000
vn 1.000000 0.000000 0.000000
vn 0.000000 -0.555573 0.831468
vn 0.000000 -0.555573 0.831468
vn 0.000000 -0.382681 0.923880
vn 0.000000 -0.382681 0.923880
vn 0.000000 -0.831468 0.555573
vn 0.000000 -0.831468 0.555573
vn 0.000000 -0.707107 0.707107
vn 0.000000 -0.707107 0.707107
vn 0.000000 -0.980788 0.195077
vn 0.000000 -0.980788 0.195077
vn 0.000000 -0.923880 0.382682
vn 0.000000 -0.923880 0.382682
vn 0.000000 -0.382681 0.923880
vn 0.000000 -0.382681 0.923880
vn 0.000000 -0.195077 0.980788
vn 0.000000 -0.195077 0.980788
vn 0.000000 0.831468 -0.555573
vn 0.000000 0.707107 -0.707107
vn 0.000000 0.707107 -0.707107
vn 0.000000 0.831468 -0.555573
vn 0.000000 0.707107 -0.707107
vn 0.000000 0.555573 -0.831468
vn 0.000000 0.555573 -0.831468
vn 0.000000 0.707107 -0.707107
vn 0.000000 0.555573 -0.831468
vn 0.000000 0.382681 -0.923880
vn 0.000000 0.382681 -0.923880
vn 0.000000 0.555573 -0.831468
vn 0.000000 0.382681 -0.923880
vn -0.000031 0.196451 -0.980514
vn 0.000000 0.196421 -0.980520
vn 0.000000 0.382681 -0.923880
vn 1.000000 0.000000 0.000000
vn 1.000000 0.000000 0.000000
vn 1.000000 0.000000 0.000000
vn 1.000000 0.000000 0.000000
vn 0.000000 -0.707107 0.707107
vn 0.000000 -0.707107 0.707107
vn 0.000000 -0.555573 0.831468
vn 0.000000 -0.555573 0.831468
vn -0.000031 0.196451 -0.980514
vn -0.000061 0.050539 -0.998722
vn -0.000031 0.050508 -0.998724
vn 0.000000 0.196421 -0.980520
vn 0.000000 0.956936 -0.290301
vn 0.000000 0.923880 -0.382682
vn 0.000000 0.923880 -0.382682
vn 0.000000 0.956936 -0.290301
vn 0.000000 0.000122 -1.000000
vn 0.000000 0.000122 -1.000000
vn 0.000000 0.000122 -1.000000
vn 0.000000 0.000122 -1.000000
vn 0.000000 0.980788 -0.195077
vn 0.000000 0.923880 -0.382682
vn 0.000000 0.923880 -0.382682
vn 0.000000 0.980788 -0.195077
vn 0.000000 0.196421 -0.980520
vn 0.000000 0.050508 -0.998724
vn 0.000000 0.050508 -0.998724
vn 0.000000 0.196421 -0.980520
vn 0.000000 0.382681 -0.923880
vn 0.000000 0.196421 -0.980520
vn 0.000000 0.196421 -0.980520
vn 0.000000 0.382681 -0.923880
vn 0.000000 0.555573 -0.831468
vn 0.000000 0.382681 -0.923880
vn 0.000000 0.382681 -0.923880
vn 0.000000 0.555573 -0.831468
vn 0.000000 0.707107 -0.707107
vn 0.000000 0.555573 -0.831468
vn 0.000000 0.555573 -0.831468
vn 0.000000 0.707107 -0.707107
vn 0.000000 0.831468 -0.555573
vn 0.000000 0.707107 -0.707107
vn 0.000000 0.707107 -0.707107
vn 0.000000 0.831468 -0.555573
vn 0.000000 0.923880 -0.382682
vn 0.000000 0.831468 -0.555573
vn 0.000000 0.831468 -0.555573
vn 0.000000 0.923880 -0.382682
vn 0.000000 1.000000 -0.000000
vn 0.000000 1.000000 -0.000000
vn 0.000000 0.980788 -0.195077
vn 0.000000 0.980788 -0.195077
vn -1.000000 0.000000 -0.000000
vn -1.000000 0.000000 -0.000000
vn -1.000000 0.000000 -0.000000
vn -1.000000 0.000000 -0.000000
vn 1.000000 0.000000 0.000000
vn 1.000000 0.000000 0.000000
vn 1.000000 0.000000 0.000000
vn 1.000000 0.000000 0.000000
vn 1.000000 0.000000 0.000000
vn 1.000000 0.000000 0.000000
vn 1.000000 0.000000 0.000000
vn 1.000000 0.000000 0.000000
vn 1.000000 0.000000 0.000000
vn 1.000000 0.000000 0.000000
vn 1.000000 0.000000 0.000000
vn 1.000000 0.000000 0.000000
vn 1.000000 0.000000 0.000000
vn 1.000000 0.000000 0.000000
vn 1.000000 0.000000 0.000000
vn 1.000000 0.000000 0.000000
vn 1.000000 0.000000 0.000000
vn 1.000000 0.000000 0.000000
vn 1.000000 0.000000 0.000000
vn 1.000000 0.000000 0.000000
vn 1.000000 0.000000 0.000000
vn 1.000000 0.000000 0.000000
vn 1.000000 0.000000 0.000000
vn 1.000000 0.000000 0.000000
vn 1.000000 0.000000 0.000000
vn 1.000000 0.000000 0.000000
vn 1.000000 0.000000 0.000000
vn 1.000000 0.000000 0.000000
vn 1.000000 0.000000 0.000000
vn 1.000000 0.000000 0.000000
vn 1.000000 0.000000 0.000000
vn 1.000000 0.000000 0.000000
vn 1.000000 0.000000 0.000000
vn 1.000000 0.000000 0.000000
vn 1.000000 0.000000 0.000000
vn 1.000000 0.000000 0.000000
vn 0.000000 1.000000 -0.000000
vn 0.000000 1.000000 -0.000000
vn 0.000000 1.000000 -0.000000
vn 0.000000 1.000000 -0.000000
vn 1.000000 0.000000 0.000000
vn 1.000000 0.000000 0.000000
vn 1.000000 0.000000 0.000000
vn 1.000000 0.000000 0.000000
vn 0.000000 -0.000000 -1.000000
vn 0.000000 -0.000000 -1.000000
vn 0.000000 -0.000000 -1.000000
vn 0.000000 -0.000000 -1.000000
vn 1.000000 0.000000 0.000000
vn 1.000000 0.000000 0.000000
vn 1.000000 0.000000 0.000000
vn 1.000000 0.000000 0.000000
vn 0.000000 0.000122 -1.000000
vn 0.000000 0.000122 -1.000000
vn 0.000000 0.000122 -1.000000
vn 0.000000 0.000122 -1.000000
vn 1.000000 0.000000 0.000000
vn 1.000000 0.000000 0.000000
vn 1.000000 0.000000 0.000000
vn 1.000000 0.000000 0.000000
vn 0.000000 0.000091 -1.000000
vn 0.000000 0.000122 -1.000000
vn 0.000000 0.000122 -1.000000
vn -0.000031 0.000122 -1.000000
vn 0.000000 0.000000 1.000000
vn 0.000000 0.000000 1.000000
vn 0.000000 0.000000 1.000000
vn 0.000000 0.000000 1.000000
vn -0.000061 0.050539 -0.998722
vn -0.000031 0.000122 -1.000000
vn -0.000061 0.000122 -1.000000
vn -0.000031 0.050508 -0.998724
vn 0.000061 0.000091 -1.000000
vn 0.000061 0.000091 -1.000000
vn 0.000000 0.000091 -1.000000
vn -0.000031 0.000122 -1.000000
vn -0.000031 0.000122 -1.000000
vn 0.000000 0.000091 -1.000000
vn -0.000031 0.000122 -1.000000
vn -0.000061 0.000122 -1.000000
vn 0.000000 -0.000000 -1.000000
vn 0.000000 -0.000000 -1.000000
vn 0.000000 -0.000000 -1.000000
vn 0.000000 -0.000000 -1.000000
vn 0.000061 0.000091 -1.000000
vn 0.000000 0.000122 -1.000000
vn 0.000000 0.000122 -1.000000
vn 0.000000 0.000091 -1.000000
vn 0.000000 0.956936 -0.290301
vn 0.000000 0.923880 -0.382682
vn 0.000000 0.923880 -0.382682
vn 0.000000 0.956936 -0.290301
vn -0.000061 0.196480 -0.980508
vn -0.000061 0.050569 -0.998721
vn -0.000061 0.050539 -0.998722
vn -0.000031 0.196451 -0.980514
vn 0.000000 0.382681 -0.923880
vn -0.000061 0.196480 -0.980508
vn -0.000031 0.196451 -0.980514
vn 0.000000 0.382681 -0.923880
vn 0.000000 0.555573 -0.831468
vn 0.000000 0.382681 -0.923880
vn 0.000000 0.382681 -0.923880
vn 0.000000 0.555573 -0.831468
vn 0.000000 0.707107 -0.707107
vn 0.000000 0.555573 -0.831468
vn 0.000000 0.555573 -0.831468
vn 0.000000 0.707107 -0.707107
vn 0.000000 0.831468 -0.555573
vn 0.000000 0.707107 -0.707107
vn 0.000000 0.707107 -0.707107
vn 0.000000 0.831468 -0.555573
vn 0.000000 0.923880 -0.382682
vn 0.000000 0.831468 -0.555573
vn 0.000000 0.831468 -0.555573
vn 0.000000 0.923880 -0.382682
vn 0.000000 -0.049044 0.998797
vn 0.000000 -0.049044 0.998797
vn 0.000000 0.000000 1.000000
vn 0.000000 0.000000 1.000000
vn 1.000000 0.000000 0.000000
vn 1.000000 0.000000 0.000000
vn 1.000000 0.000000 0.000000
vn 1.000000 0.000000 0.000000
vn 0.000000 1.000000 -0.000000
vn 0.000000 1.000000 -0.000000
vn 0.000000 1.000000 -0.000000
vn 0.000000 1.000000 -0.000000
vn 0.000000 0.050508 -0.998724
vn 0.000000 0.000122 -1.000000
vn 0.000000 0.000122 -1.000000
vn 0.000000 0.050508 -0.998724
vn 1.000000 0.000000 0.000000
vn 1.000000 0.000000 0.000000
vn 1.000000 0.000000 0.000000
vn 1.000000 0.000000 0.000000
vn 0.000000 0.923880 0.382681
vn 0.000000 0.831468 0.555573
vn 0.000000 0.831468 0.555573
vn 0.000000 0.923880 0.382681
vn -1.000000 0.000000 -0.000000
vn -1.000000 0.000000 -0.000000
vn -1.000000 0.000000 -0.000000
vn -1.000000 0.000000 -0.000000
vn -1.000000 0.000000 -0.000000
vn -1.000000 0.000000 -0.000000
vn -1.000000 0.000000 -0.000000
vn -1.000000 0.000000 -0.000000
vn -1.000000 0.000000 -0.000000
vn -1.000000 0.000000 -0.000000
vn -1.000000 0.000000 -0.000000
vn -1.000000 0.000000 -0.000000
vn 0.000000 -0.923880 -0.382681
vn 0.000000 -0.923880 -0.382681
vn 0.000000 -0.831468 -0.555573
vn 0.000000 -0.831468 -0.555573
vn -1.000000 0.000000 -0.000000
vn -1.000000 0.000000 -0.000000
vn -1.000000 0.000000 -0.000000
vn -1.000000 0.000000 -0.000000
vn 0.000000 -0.195077 -0.980788
vn 0.000000 -0.195077 -0.980788
vn 0.000000 -0.049044 -0.998797
vn 0.000000 -0.049044 -0.998797
vn -1.000000 0.000000 -0.000000
vn -1.000000 0.000000 -0.000000
vn -1.000000 0.000000 -0.000000
vn -1.000000 0.000000 -0.000000
vn 0.000000 -0.000000 -1.000000
vn 0.000000 -0.000000 -1.000000
vn 0.000000 -0.000000 -1.000000
vn 0.000000 -0.000000 -1.000000
vn -1.000000 0.000000 -0.000000
vn -1.000000 0.000000 -0.000000
vn -1.000000 0.000000 -0.000000
vn -1.000000 0.000000 -0.000000
vn -1.000000 0.000000 -0.000000
vn -1.000000 0.000000 -0.000000
vn -1.000000 0.000000 -0.000000
vn -1.000000 0.000000 -0.000000
vn 0.000000 -1.000000 0.000000
vn 0.000000 -1.000000 0.000000
vn 0.000000 -0.980788 -0.195077
vn 0.000000 -0.980788 -0.195077
vn -1.000000 0.000000 -0.000000
vn -1.000000 0.000000 -0.000000
vn -1.000000 0.000000 -0.000000
vn -1.000000 0.000000 -0.000000
vn 0.000000 -0.555573 -0.831468
vn 0.000000 -0.555573 -0.831468
vn 0.000000 -0.382682 -0.923880
vn 0.000000 -0.382682 -0.923880
vn 0.000000 -0.831468 -0.555573
vn 0.000000 -0.831468 -0.555573
vn 0.000000 -0.707107 -0.707107
vn 0.000000 -0.707107 -0.707107
vn 0.000000 -0.980788 -0.195077
vn 0.000000 -0.980788 -0.195077
vn 0.000000 -0.923880 -0.382681
vn 0.000000 -0.923880 -0.382681
vn 0.000000 -0.382682 -0.923880
vn 0.000000 -0.382682 -0.923880
vn 0.000000 -0.195077 -0.980788
vn 0.000000 -0.195077 -0.980788
vn 0.000000 0.831468 0.555573
vn 0.000000 0.707107 0.707107
vn 0.000000 0.707107 0.707107
vn 0.000000 0.831468 0.555573
vn 0.000000 0.707107 0.707107
vn 0.000000 0.555573 0.831468
vn 0.000000 0.555573 0.831468
vn 0.000000 0.707107 0.707107
vn 0.000000 0.555573 0.831468
vn 0.000000 0.382682 0.923880
vn 0.000000 0.382682 0.923880
vn 0.000000 0.555573 0.831468
vn 0.000000 0.382682 0.923880
vn 0.000000 0.196421 0.980519
vn 0.000000 0.196421 0.980519
vn 0.000000 0.382682 0.923880
vn -1.000000 0.000000 -0.000000
vn -1.000000 0.000000 -0.000000
vn -1.000000 0.000000 -0.000000
vn -1.000000 0.000000 -0.000000
vn 0.000000 -0.707107 -0.707107
vn 0.000000 -0.707107 -0.707107
vn 0.000000 -0.555573 -0.831468
vn 0.000000 -0.555573 -0.831468
vn 0.000000 0.196421 0.980519
vn 0.000031 0.050569 0.998721
vn 0.000000 0.050539 0.998722
vn 0.000000 0.196421 0.980519
vn 0.000000 0.956936 0.290300
vn 0.000000 0.923880 0.382681
vn 0.000000 0.923880 0.382681
vn 0.000000 0.956936 0.290300
vn 0.000000 0.000122 1.000000
vn 0.000000 0.000122 1.000000
vn 0.000000 0.000122 1.000000
vn 0.000000 0.000122 1.000000
vn 0.000000 0.980788 0.195077
vn 0.000000 0.923880 0.382681
vn 0.000000 0.923880 0.382681
vn 0.000000 0.980788 0.195077
vn 0.000000 0.196421 0.980519
vn 0.000000 0.050509 0.998724
vn 0.000000 0.050509 0.998724
vn 0.000000 0.196421 0.980519
vn 0.000000 0.382682 0.923880
vn 0.000000 0.196421 0.980519
vn 0.000000 0.196421 0.980519
vn 0.000000 0.382682 0.923880
vn 0.000000 0.555573 0.831468
vn 0.000000 0.382682 0.923880
vn 0.000000 0.382682 0.923880
vn 0.000000 0.555573 0.831468
vn 0.000000 0.707107 0.707107
vn 0.000000 0.555573 0.831468
vn 0.000000 0.555573 0.831468
vn 0.000000 0.707107 0.707107
vn 0.000000 0.831468 0.555573
vn 0.000000 0.707107 0.707107
vn 0.000000 0.707107 0.707107
vn 0.000000 0.831468 0.555573
vn 0.000000 0.923880 0.382681
vn 0.000000 0.831468 0.555573
vn 0.000000 0.831468 0.555573
vn 0.000000 0.923880 0.382681
vn 0.000000 1.000000 -0.000000
vn 0.000000 1.000000 -0.000000
vn 0.000000 0.980788 0.195077
vn 0.000000 0.980788 0.195077
vn -1.000000 0.000000 -0.000000
vn -1.000000 0.000000 -0.000000
vn -1.000000 0.000000 -0.000000
vn -1.000000 0.000000 -0.000000
vn -1.000000 0.000000 -0.000000
vn -1.000000 0.000000 -0.000000
vn -1.000000 0.000000 -0.000000
vn -1.000000 0.000000 -0.000000
vn -1.000000 0.000000 -0.000000
vn -1.000000 0.000000 -0.000000
vn -1.000000 0.000000 -0.000000
vn -1.000000 0.000000 -0.000000
vn -1.000000 0.000000 -0.000000
vn -1.000000 0.000000 -0.000000
vn -1.000000 0.000000 -0.000000
vn -1.000000 0.000000 -0.000000
vn -1.000000 0.000000 -0.000000
vn -1.000000 0.000000 -0.000000
vn -1.000000 0.000000 -0.000000
vn -1.000000 0.000000 -0.000000
vn -1.000000 0.000000 -0.000000
vn -1.000000 0.000000 -0.000000
vn -1.000000 0.000000 -0.000000
vn -1.000000 0.000000 -0.000000
vn -1.000000 0.000000 -0.000000
vn -1.000000 0.000000 -0.000000
vn -1.000000 0.000000 -0.000000
vn -1.000000 0.000000 -0.000000
vn -1.000000 0.000000 -0.000000
vn -1.000000 0.000000 -0.000000
vn -1.000000 0.000000 -0.000000
vn -1.000000 0.000000 -0.000000
vn -1.000000 0.000000 -0.000000
vn -1.000000 0.000000 -0.000000
vn -1.000000 0.000000 -0.000000
vn -1.000000 0.000000 -0.000000
vn 0.000000 1.000000 -0.000000
vn 0.000000 1.000000 -0.000000
vn 0.000000 1.000000 -0.000000
vn 0.000000 1.000000 -0.000000
vn -1.000000 0.000000 -0.000000
vn -1.000000 0.000000 -0.000000
vn -1.000000 0.000000 -0.000000
vn -1.000000 0.000000 -0.000000
vn 0.000000 0.000000 1.000000
vn 0.000000 0.000000 1.000000
vn 0.000000 0.000000 1.000000
vn 0.000000 0.000000 1.000000
vn -1.000000 0.000000 -0.000000
vn -1.000000 0.000000 -0.000000
vn -1.000000 0.000000 -0.000000
vn -1.000000 0.000000 -0.000000
vn 0.000000 0.000122 1.000000
vn 0.000000 0.000122 1.000000
vn 0.000000 0.000122 1.000000
vn 0.000000 0.000122 1.000000
vn -1.000000 0.000000 -0.000000
vn -1.000000 0.000000 -0.000000
vn -1.000000 0.000000 -0.000000
vn -1.000000 0.000000 -0.000000
vn 0.000031 0.000092 1.000000
vn 0.000000 0.000122 1.000000
vn 0.000000 0.000122 1.000000
vn 0.000000 0.000092 1.000000
vn 0.000000 -0.000000 -1.000000
vn 0.000000 -0.000000 -1.000000
vn 0.000000 -0.000000 -1.000000
vn 0.000000 -0.000000 -1.000000
vn 0.000031 0.050569 0.998721
vn 0.000061 0.000122 1.000000
vn 0.000000 0.000122 1.000000
vn 0.000000 0.050539 0.998722
vn 0.000000 0.000122 1.000000
vn 0.000000 0.000061 1.000000
vn 0.000031 0.000092 1.000000
vn 0.000061 0.000122 1.000000
vn 0.000061 0.000122 1.000000
vn 0.000031 0.000092 1.000000
vn 0.000000 0.000092 1.000000
vn 0.000000 0.000122 1.000000
vn 0.000000 0.000000 1.000000
vn 0.000000 0.000000 1.000000
vn 0.000000 0.000000 1.000000
vn 0.000000 0.000000 1.000000
vn 0.000000 0.000061 1.000000
vn 0.000000 0.000122 1.000000
vn 0.000000 0.000122 1.000000
vn 0.000031 0.000092 1.000000
vn 0.000000 0.956936 0.290300
vn 0.000000 0.923880 0.382681
vn 0.000000 0.923880 0.382681
vn 0.000000 0.956936 0.290300
vn 0.000000 0.196421 0.980519
vn 0.000000 0.050569 0.998721
vn 0.000031 0.050569 0.998721
vn 0.000000 0.196421 0.980519
vn 0.000000 0.382682 0.923880
vn 0.000000 0.196421 0.980519
vn 0.000000 0.196421 0.980519
vn 0.000000 0.382682 0.923880
vn 0.000000 0.555573 0.831468
vn 0.000000 0.382682 0.923880
vn 0.000000 0.382682 0.923880
vn 0.000000 0.555573 0.831468
vn 0.000000 0.707107 0.707107
vn 0.000000 0.555573 0.831468
vn 0.000000 0.555573 0.831468
vn 0.000000 0.707107 0.707107
vn 0.000000 0.831468 0.555573
vn 0.000000 0.707107 0.707107
vn 0.000000 0.707107 0.707107
vn 0.000000 0.831468 0.555573
vn 0.000000 0.923880 0.382681
vn 0.000000 0.831468 0.555573
vn 0.000000 0.831468 0.555573
vn 0.000000 0.923880 0.382681
vn 0.000000 -0.049044 -0.998797
vn 0.000000 -0.049044 -0.998797
vn 0.000000 -0.000000 -1.000000
vn 0.000000 -0.000000 -1.000000
vn -1.000000 0.000000 -0.000000
vn -1.000000 0.000000 -0.000000
vn -1.000000 0.000000 -0.000000
vn -1.000000 0.000000 -0.000000
vn 0.000000 1.000000 -0.000000
vn 0.000000 1.000000 -0.000000
vn 0.000000 1.000000 -0.000000
vn 0.000000 1.000000 -0.000000
vn 0.000000 0.050509 0.998724
vn 0.000000 0.000122 1.000000
vn 0.000000 0.000122 1.000000
vn 0.000000 0.050509 0.998724
vn -1.000000 0.000000 -0.000000
vn -1.000000 0.000000 -0.000000
vn -1.000000 0.000000 -0.000000
vn -1.000000 0.000000 -0.000000
vn 0.000000 0.923880 0.382681
vn 0.000000 0.923880 0.382681
vn 0.000000 0.831468 0.555573
vn 0.000000 0.831468 0.555573
vn 1.000000 0.000000 0.000000
vn 1.000000 0.000000 0.000000
vn 1.000000 0.000000 0.000000
vn 1.000000 0.000000 0.000000
vn 1.000000 0.000000 0.000000
vn 1.000000 0.000000 0.000000
vn 1.000000 0.000000 0.000000
vn 1.000000 0.000000 0.000000
vn 1.000000 0.000000 0.000000
vn 1.000000 0.000000 0.000000
vn 1.000000 0.000000 0.000000
vn 1.000000 0.000000 0.000000
vn 0.000000 -0.923880 -0.382681
vn 0.000000 -0.831468 -0.555573
vn 0.000000 -0.831468 -0.555573
vn 0.000000 -0.923880 -0.382681
vn 1.000000 0.000000 0.000000
vn 1.000000 0.000000 0.000000
vn 1.000000 0.000000 0.000000
vn 1.000000 0.000000 0.000000
vn 0.000000 -0.195077 -0.980788
vn 0.000000 -0.049044 -0.998797
vn 0.000000 -0.049044 -0.998797
vn 0.000000 -0.195077 -0.980788
vn 1.000000 0.000000 0.000000
vn 1.000000 0.000000 0.000000
vn 1.000000 0.000000 0.000000
vn 1.000000 0.000000 0.000000
vn 0.000000 -0.000000 -1.000000
vn 0.000000 -0.000000 -1.000000
vn 0.000000 -0.000000 -1.000000
vn 0.000000 -0.000000 -1.000000
vn 1.000000 0.000000 0.000000
vn 1.000000 0.000000 0.000000
vn 1.000000 0.000000 0.000000
vn 1.000000 0.000000 0.000000
vn 1.000000 0.000000 0.000000
vn 1.000000 0.000000 0.000000
vn 1.000000 0.000000 0.000000
vn 1.000000 0.000000 0.000000
vn 0.000000 -1.000000 0.000000
vn 0.000000 -0.980788 -0.195077
vn 0.000000 -0.980788 -0.195077
vn 0.000000 -1.000000 0.000000
vn 1.000000 0.000000 0.000000
vn 1.000000 0.000000 0.000000
vn 1.000000 0.000000 0.000000
vn 1.000000 0.000000 0.000000
vn 0.000000 -0.555573 -0.831468
vn 0.000000 -0.382682 -0.923880
vn 0.000000 -0.382682 -0.923880
vn 0.000000 -0.555573 -0.831468
vn 0.000000 -0.831468 -0.555573
vn 0.000000 -0.707107 -0.707107
vn 0.000000 -0.707107 -0.707107
vn 0.000000 -0.831468 -0.555573
vn 0.000000 -0.980788 -0.195077
vn 0.000000 -0.923880 -0.382681
vn 0.000000 -0.923880 -0.382681
vn 0.000000 -0.980788 -0.195077
vn 0.000000 -0.382682 -0.923880
vn 0.000000 -0.195077 -0.980788
vn 0.000000 -0.195077 -0.980788
vn 0.000000 -0.382682 -0.923880
vn 0.000000 0.831468 0.555573
vn 0.000000 0.831468 0.555573
vn 0.000000 0.707107 0.707107
vn 0.000000 0.707107 0.707107
vn 0.000000 0.707107 0.707107
vn 0.000000 0.707107 0.707107
vn 0.000000 0.555573 0.831468
vn 0.000000 0.555573 0.831468
vn 0.000000 0.555573 0.831468
vn 0.000000 0.555573 0.831468
vn 0.000000 0.382682 0.923880
vn 0.000000 0.382682 0.923880
vn 0.000000 0.382682 0.923880
vn 0.000000 0.382682 0.923880
vn 0.000000 0.196421 0.980519
vn -0.000031 0.196451 0.980514
vn 1.000000 0.000000 0.000000
vn 1.000000 0.000000 0.000000
vn 1.000000 0.000000 0.000000
vn 1.000000 0.000000 0.000000
vn 0.000000 -0.707107 -0.707107
vn 0.000000 -0.555573 -0.831468
vn 0.000000 -0.555573 -0.831468
vn 0.000000 -0.707107 -0.707107
vn -0.000031 0.196451 0.980514
vn 0.000000 0.196421 0.980519
vn 0.000000 0.050539 0.998722
vn -0.000092 0.050569 0.998720
vn 0.000000 0.956936 0.290300
vn 0.000000 0.956936 0.290300
vn 0.000000 0.923880 0.382681
vn 0.000000 0.923880 0.382681
vn 0.000000 0.000122 1.000000
vn 0.000000 0.000122 1.000000
vn 0.000000 0.000122 1.000000
vn 0.000000 0.000122 1.000000
vn 0.000000 0.980788 0.195077
vn 0.000000 0.980788 0.195077
vn 0.000000 0.923880 0.382681
vn 0.000000 0.923880 0.382681
vn 0.000000 0.196421 0.980519
vn 0.000000 0.196421 0.980519
vn 0.000000 0.050509 0.998724
vn 0.000000 0.050509 0.998724
vn 0.000000 0.382682 0.923880
vn 0.000000 0.382682 0.923880
vn 0.000000 0.196421 0.980519
vn 0.000000 0.196421 0.980519
vn 0.000000 0.555573 0.831468
vn 0.000000 0.555573 0.831468
vn 0.000000 0.382682 0.923880
vn 0.000000 0.382682 0.923880
vn 0.000000 0.707107 0.707107
vn 0.000000 0.707107 0.707107
vn 0.000000 0.555573 0.831468
vn 0.000000 0.555573 0.831468
vn 0.000000 0.831468 0.555573
vn 0.000000 0.831468 0.555573
vn 0.000000 0.707107 0.707107
vn 0.000000 0.707107 0.707107
vn 0.000000 0.923880 0.382681
vn 0.000000 0.923880 0.382681
vn 0.000000 0.831468 0.555573
vn 0.000000 0.831468 0.555573
vn 0.000000 1.000000 -0.000000
vn 0.000000 0.980788 0.195077
vn 0.000000 0.980788 0.195077
vn 0.000000 1.000000 -0.000000
vn -1.000000 0.000000 -0.000000
vn -1.000000 0.000000 -0.000000
vn -1.000000 0.000000 -0.000000
vn -1.000000 0.000000 -0.000000
vn 1.000000 0.000000 0.000000
vn 1.000000 0.000000 0.000000
vn 1.000000 0.000000 0.000000
vn 1.000000 0.000000 0.000000
vn 1.000000 0.000000 0.000000
vn 1.000000 0.000000 0.000000
vn 1.000000 0.000000 0.000000
vn 1.000000 0.000000 0.000000
vn 1.000000 0.000000 0.000000
vn 1.000000 0.000000 0.000000
vn 1.000000 0.000000 0.000000
vn 1.000000 0.000000 0.000000
vn 1.000000 0.000000 0.000000
vn 1.000000 0.000000 0.000000
vn 1.000000 0.000000 0.000000
vn 1.000000 0.000000 0.000000
vn 1.000000 0.000000 0.000000
vn 1.000000 0.000000 0.000000
vn 1.000000 0.000000 0.000000
vn 1.000000 0.000000 0.000000
vn 1.000000 0.000000 0.000000
vn 1.000000 0.000000 0.000000
vn 1.000000 0.000000 0.000000
vn 1.000000 0.000000 0.000000
vn 1.000000 0.000000 0.000000
vn 1.000000 0.000000 0.000000
vn 1.000000 0.000000 0.000000
vn 1.000000 0.000000 0.000000
vn 1.000000 0.000000 0.000000
vn 1.000000 0.000000 0.000000
vn 1.000000 0.000000 0.000000
vn 1.000000 0.000000 0.000000
vn 1.000000 0.000000 0.000000
vn 1.000000 0.000000 0.000000
vn 1.000000 0.000000 0.000000
vn 1.000000 0.000000 0.000000
vn 0.000000 1.000000 -0.000000
vn 0.000000 1.000000 -0.000000
vn 0.000000 1.000000 -0.000000
vn 0.000000 1.000000 -0.000000
vn 1.000000 0.000000 0.000000
vn 1.000000 0.000000 0.000000
vn 1.000000 0.000000 0.000000
vn 1.000000 0.000000 0.000000
vn 0.000000 0.000000 1.000000
vn 0.000000 0.000000 1.000000
vn 0.000000 0.000000 1.000000
vn 0.000000 0.000000 1.000000
vn 1.000000 0.000000 0.000000
vn 1.000000 0.000000 0.000000
vn 1.000000 0.000000 0.000000
vn 1.000000 0.000000 0.000000
vn 0.000000 0.000122 1.000000
vn 0.000000 0.000122 1.000000
vn 0.000000 0.000122 1.000000
vn 0.000000 0.000122 1.000000
vn 1.000000 0.000000 0.000000
vn 1.000000 0.000000 0.000000
vn 1.000000 0.000000 0.000000
vn 1.000000 0.000000 0.000000
vn -0.000031 0.000092 1.000000
vn 0.000000 0.000092 1.000000
vn 0.000000 0.000122 1.000000
vn 0.000000 0.000122 1.000000
vn 0.000000 -0.000000 -1.000000
vn 0.000000 -0.000000 -1.000000
vn 0.000000 -0.000000 -1.000000
vn 0.000000 -0.000000 -1.000000
vn -0.000092 0.050569 0.998720
vn 0.000000 0.050539 0.998722
vn 0.000000 0.000122 1.000000
vn -0.000092 0.000122 1.000000
vn -0.000061 0.000092 1.000000
vn -0.000092 0.000122 1.000000
vn -0.000031 0.000092 1.000000
vn 0.000000 0.000061 1.000000
vn -0.000092 0.000122 1.000000
vn 0.000000 0.000122 1.000000
vn 0.000000 0.000092 1.000000
vn -0.000031 0.000092 1.000000
vn 0.000000 0.000000 1.000000
vn 0.000000 0.000000 1.000000
vn 0.000000 0.000000 1.000000
vn 0.000000 0.000000 1.000000
vn 0.000000 0.000061 1.000000
vn -0.000031 0.000092 1.000000
vn 0.000000 0.000122 1.000000
vn 0.000000 0.000122 1.000000
vn 0.000000 0.956936 0.290300
vn 0.000000 0.956936 0.290300
vn 0.000000 0.923880 0.382681
vn 0.000000 0.923880 0.382681
vn -0.000061 0.196480 0.980508
vn -0.000031 0.196451 0.980514
vn -0.000092 0.050569 0.998720
vn -0.000153 0.050600 0.998719
vn 0.000000 0.382682 0.923880
vn 0.000000 0.382682 0.923880
vn -0.000031 0.196451 0.980514
vn -0.000061 0.196480 0.980508
vn 0.000000 0.555573 0.831468
vn 0.000000 0.555573 0.831468
vn 0.000000 0.382682 0.923880
vn 0.000000 0.382682 0.923880
vn 0.000000 0.707107 0.707107
vn 0.000000 0.707107 0.707107
vn 0.000000 0.555573 0.831468
vn 0.000000 0.555573 0.831468
vn 0.000000 0.831468 0.555573
vn 0.000000 0.831468 0.555573
vn 0.000000 0.707107 0.707107
vn 0.000000 0.707107 0.707107
vn 0.000000 0.923880 0.382681
vn 0.000000 0.923880 0.382681
vn 0.000000 0.831468 0.555573
vn 0.000000 0.831468 0.555573
vn 0.000000 -0.049044 -0.998797
vn 0.000000 -0.000000 -1.000000
vn 0.000000 -0.000000 -1.000000
vn 0.000000 -0.049044 -0.998797
vn 1.000000 0.000000 0.000000
vn 1.000000 0.000000 0.000000
vn 1.000000 0.000000 0.000000
vn 1.000000 0.000000 0.000000
vn 0.000000 1.000000 -0.000000
vn 0.000000 1.000000 -0.000000
vn 0.000000 1.000000 -0.000000
vn 0.000000 1.000000 -0.000000
vn 0.000000 0.050509 0.998724
vn 0.000000 0.050509 0.998724
vn 0.000000 0.000122 1.000000
vn 0.000000 0.000122 1.000000
vn 1.000000 0.000000 0.000000
vn 1.000000 0.000000 0.000000
vn 1.000000 0.000000 0.000000
vn 1.000000 0.000000 0.000000
vn -1.000000 0.000000 -0.000000
vn -1.000000 0.000000 -0.000000
vn -1.000000 0.000000 -0.000000
vn -1.000000 0.000000 -0.000000
vn 0.000000 1.000000 -0.000000
vn 0.000000 1.000000 -0.000000
vn 0.000000 1.000000 -0.000000
vn 0.000000 1.000000 -0.000000
vn -1.000000 0.000000 -0.000000
vn -1.000000 0.000000 -0.000000
vn -1.000000 0.000000 -0.000000
vn -1.000000 0.000000 -0.000000
vn 0.000000 1.000000 -0.000000
vn 0.000000 1.000000 -0.000000
vn 0.000000 1.000000 -0.000000
vn 0.000000 1.000000 -0.000000
vn -1.000000 0.000000 -0.000000
vn -1.000000 0.000000 -0.000000
vn -1.000000 0.000000 -0.000000
vn -1.000000 0.000000 -0.000000
vn 0.000000 -1.000000 0.000000
vn 0.000000 -1.000000 0.000000
vn 0.000000 -1.000000 0.000000
vn 0.000000 -1.000000 0.000000
vn 0.000000 1.000000 -0.000000
vn 0.000000 1.000000 -0.000000
vn 0.000000 1.000000 -0.000000
vn 0.000000 1.000000 -0.000000
vn -0.707107 0.707107 -0.000000
vn -0.707107 0.707107 -0.000000
vn -0.923880 0.382682 -0.000000
vn -0.707107 0.707107 -0.000000
vn -0.707107 0.707107 -0.000000
vn -0.707107 0.707107 -0.000000
vn -0.707107 0.707107 -0.000000
vn -0.707107 0.707107 -0.000000
vn -0.707107 0.707107 -0.000000
vn -0.707107 0.707107 -0.000000
vn -0.707107 0.707107 -0.000000
vn -1.000000 0.000000 -0.000000
vn -1.000000 0.000000 -0.000000
vn -1.000000 0.000000 -0.000000
vn -1.000000 0.000000 -0.000000
vn 0.000000 1.000000 -0.000000
vn 0.000000 1.000000 -0.000000
vn 0.000000 1.000000 -0.000000
vn 0.000000 1.000000 -0.000000
vn 0.000000 0.000000 1.000000
vn 0.000000 0.000000 1.000000
vn 0.000000 0.000000 1.000000
vn 0.000000 0.000000 1.000000
vn -1.000000 0.000000 -0.000000
vn -1.000000 0.000000 -0.000000
vn -1.000000 0.000000 -0.000000
vn -1.000000 0.000000 -0.000000
vn 0.000000 1.000000 -0.000000
vn 0.000000 1.000000 -0.000000
vn 0.000000 1.000000 -0.000000
vn 0.000000 1.000000 -0.000000
vn -1.000000 0.000000 -0.000000
vn -1.000000 0.000000 -0.000000
vn -1.000000 0.000000 -0.000000
vn -1.000000 0.000000 -0.000000
vn 0.000000 -1.000000 0.000000
vn 0.000000 -1.000000 0.000000
vn 0.000000 -1.000000 0.000000
vn 0.000000 -1.000000 0.000000
vn 0.000000 1.000000 -0.000000
vn 0.000000 1.000000 -0.000000
vn 0.000000 1.000000 -0.000000
vn 0.000000 1.000000 -0.000000
vn -0.707107 0.707107 -0.000000
vn -0.707107 0.707107 -0.000000
vn -0.707107 0.707107 -0.000000
vn -0.707107 0.707107 -0.000000
vn -0.707107 0.707107 -0.000000
vn -0.707107 0.707107 -0.000000
vn -0.707107 0.707107 -0.000000
vn -0.707107 0.707107 -0.000000
vn -0.707107 0.707107 -0.000000
vn -0.923880 0.382682 -0.000000
vn -0.707107 0.707107 -0.000000
vn -1.000000 0.000000 -0.000000
vn -1.000000 0.000000 -0.000000
vn -1.000000 0.000000 -0.000000
vn -1.000000 0.000000 -0.000000
vn -1.000000 0.000000 -0.000000
vn -1.000000 0.000000 -0.000000
vn -1.000000 0.000000 -0.000000
vn -1.000000 0.000000 -0.000000
vn -1.000000 0.000000 -0.000000
vn -1.000000 0.000000 -0.000000
vn -1.000000 0.000000 -0.000000
vn -1.000000 0.000000 -0.000000
vn -1.000000 0.000000 -0.000000
vn -1.000000 0.000000 -0.000000
vn -1.000000 0.000000 -0.000000
vn -1.000000 0.000000 -0.000000
vn -1.000000 0.000000 -0.000000
vn -0.923880 0.382682 -0.000000
vn -0.923880 0.382682 -0.000000
vn 0.000000 -1.000000 0.000000
vn 0.000000 -1.000000 0.000000
vn 0.000000 -1.000000 0.000000
vn 0.000000 -1.000000 0.000000
vn -1.000000 0.000000 -0.000000
vn -1.000000 0.000000 -0.000000
vn -1.000000 0.000000 -0.000000
vn -1.000000 0.000000 -0.000000
vn -1.000000 0.000000 -0.000000
vn -1.000000 0.000000 -0.000000
vn -1.000000 0.000000 -0.000000
vn 0.000000 1.000000 -0.000000
vn 0.000000 1.000000 -0.000000
vn 0.000000 1.000000 -0.000000
vn 0.000000 1.000000 -0.000000
vn 0.000000 1.000000 -0.000000
vn 0.000000 1.000000 -0.000000
vn 0.000000 1.000000 -0.000000
vn 0.000000 1.000000 -0.000000
vn 0.000000 1.000000 -0.000000
vn 0.000000 1.000000 -0.000000
vn 0.000000 1.000000 -0.000000
vn 0.000000 1.000000 -0.000000
vn -1.000000 0.000000 -0.000000
vn -1.000000 0.000000 -0.000000
vn -1.000000 0.000000 -0.000000
vn -1.000000 0.000000 -0.000000
vn 0.000000 0.000000 1.000000
vn 0.000000 0.000000 1.000000
vn 0.000000 0.000000 1.000000
vn 0.000000 0.000000 1.000000
vn 0.000000 1.000000 -0.000000
vn 0.000000 1.000000 -0.000000
vn 0.000000 1.000000 -0.000000
vn 0.000000 1.000000 -0.000000
vn 0.000000 1.000000 -0.000000
vn 0.000000 1.000000 -0.000000
vn 0.000000 1.000000 -0.000000
vn 0.000000 1.000000 -0.000000
vn 0.000000 1.000000 -0.000000
vn 0.000000 1.000000 -0.000000
vn 0.000000 1.000000 -0.000000
vn 0.000000 1.000000 -0.000000
vn 0.000000 -1.000000 0.000000
vn 0.000000 -1.000000 0.000000
vn 0.000000 -1.000000 0.000000
vn 0.000000 -1.000000 0.000000
vn 0.000000 -1.000000 0.000000
vn 0.000000 -1.000000 0.000000
vn 0.000000 -1.000000 0.000000
vn 0.000000 -1.000000 0.000000
vn -1.000000 0.000000 -0.000000
vn -1.000000 0.000000 -0.000000
vn -1.000000 0.000000 -0.000000
vn -1.000000 0.000000 -0.000000
vn -1.000000 0.000000 -0.000000
vn -1.000000 0.000000 -0.000000
vn -1.000000 0.000000 -0.000000
vn -1.000000 0.000000 -0.000000
vn -1.000000 0.000000 -0.000000
vn -1.000000 0.000000 -0.000000
vn -1.000000 0.000000 -0.000000
vn -1.000000 0.000000 -0.000000
vn 0.000000 -1.000000 0.000000
vn 0.000000 -1.000000 0.000000
vn 0.000000 -1.000000 0.000000
vn 0.000000 -1.000000 0.000000
vn -1.000000 0.000000 -0.000000
vn -1.000000 0.000000 -0.000000
vn -1.000000 0.000000 -0.000000
vn -1.000000 0.000000 -0.000000
vn -1.000000 0.000000 -0.000000
vn -1.000000 0.000000 -0.000000
vn -1.000000 0.000000 -0.000000
vn 0.000000 1.000000 -0.000000
vn 0.000000 1.000000 -0.000000
vn 0.000000 1.000000 -0.000000
vn 0.000000 1.000000 -0.000000
vn 0.000000 1.000000 -0.000000
vn 0.000000 1.000000 -0.000000
vn 0.000000 1.000000 -0.000000
vn 0.000000 1.000000 -0.000000
vn 0.000000 1.000000 -0.000000
vn 0.000000 1.000000 -0.000000
vn 0.000000 1.000000 -0.000000
vn 0.000000 1.000000 -0.000000
vn -1.000000 0.000000 -0.000000
vn -1.000000 0.000000 -0.000000
vn -1.000000 0.000000 -0.000000
vn -1.000000 0.000000 -0.000000
vn 0.000000 1.000000 -0.000000
vn 0.000000 1.000000 -0.000000
vn 0.000000 1.000000 -0.000000
vn 0.000000 1.000000 -0.000000
vn 0.000000 1.000000 -0.000000
vn 0.000000 1.000000 -0.000000
vn 0.000000 1.000000 -0.000000
vn 0.000000 1.000000 -0.000000
vn 0.000000 1.000000 -0.000000
vn 0.000000 1.000000 -0.000000
vn 0.000000 1.000000 -0.000000
vn 0.000000 1.000000 -0.000000
vn 0.000000 -1.000000 0.000000
vn 0.000000 -1.000000 0.000000
vn 0.000000 -1.000000 0.000000
vn 0.000000 -1.000000 0.000000
vn 0.000000 -1.000000 0.000000
vn 0.000000 -1.000000 0.000000
vn 0.000000 -1.000000 0.000000
vn 0.000000 -1.000000 0.000000
vn -1.000000 0.000000 -0.000000
vn -1.000000 0.000000 -0.000000
vn -1.000000 0.000000 -0.000000
vn -1.000000 0.000000 -0.000000
vn -1.000000 0.000000 -0.000000
vn -1.000000 0.000000 -0.000000
vn -1.000000 0.000000 -0.000000
vn -1.000000 0.000000 -0.000000
vn -1.000000 0.000000 -0.000000
vn -1.000000 0.000000 -0.000000
vn -1.000000 0.000000 -0.000000
vn -1.000000 0.000000 -0.000000
vn -1.000000 0.000000 -0.000000
vn -1.000000 0.000000 -0.000000
vn -1.000000 0.000000 -0.000000
vn -1.000000 0.000000 -0.000000
vn -1.000000 0.000000 -0.000000
vn -1.000000 0.000000 -0.000000
vn -1.000000 0.000000 -0.000000
vn -1.000000 0.000000 -0.000000
vn -1.000000 0.000000 -0.000000
vn -1.000000 0.000000 -0.000000
vn -1.000000 0.000000 -0.000000
vn -1.000000 0.000000 -0.000000
vn -1.000000 0.000000 -0.000000
vn -1.000000 0.000000 -0.000000
vn -1.000000 0.000000 -0.000000
vn -1.000000 0.000000 -0.000000
vn -1.000000 0.000000 -0.000000
vn -1.000000 0.000000 -0.000000
vn -1.000000 0.000000 -0.000000
vn -1.000000 0.000000 -0.000000
vn -1.000000 0.000000 -0.000000
vn -1.000000 0.000000 -0.000000
vn -1.000000 0.000000 -0.000000
vn -1.000000 0.000000 -0.000000
vn -1.000000 0.000000 -0.000000
vn -1.000000 0.000000 -0.000000
vn -1.000000 0.000000 -0.000000
vn -1.000000 0.000000 -0.000000
vn 0.000000 -1.000000 0.000000
vn 0.000000 -1.000000 0.000000
vn 0.000000 -1.000000 0.000000
vn 0.000000 -1.000000 0.000000
vn 0.000000 -1.000000 0.000000
vn 0.000000 -1.000000 0.000000
vn 0.000000 -1.000000 0.000000
vn 0.000000 -1.000000 0.000000
vn 0.000000 -1.000000 0.000000
vn 0.000000 -1.000000 0.000000
vn 0.000000 -1.000000 0.000000
vn 0.000000 -1.000000 0.000000
vn 0.000000 -1.000000 0.000000
vn 0.000000 -1.000000 0.000000
vn 0.000000 -1.000000 0.000000
vn 0.000000 -1.000000 0.000000
vn 0.000000 -1.000000 0.000000
vn 0.000000 -1.000000 0.000000
vn 0.000000 -1.000000 0.000000
vn 0.000000 -1.000000 0.000000
vn 0.000000 -1.000000 0.000000
vn 0.000000 -1.000000 0.000000
vn 0.000000 -1.000000 0.000000
vn 0.000000 -1.000000 0.000000
vn 0.000000 1.000000 -0.000000
vn 0.000000 1.000000 -0.000000
vn 0.000000 1.000000 -0.000000
vn 0.000000 1.000000 -0.000000
vn 0.000000 1.000000 -0.000000
vn 0.000000 1.000000 -0.000000
vn 0.000000 1.000000 -0.000000
vn 0.000000 1.000000 -0.000000
vn 0.000000 1.000000 -0.000000
vn 0.000000 1.000000 -0.000000
vn 0.000000 1.000000 -0.000000
vn 0.000000 1.000000 -0.000000
vn 0.000000 1.000000 -0.000000
vn 0.000000 1.000000 -0.000000
vn 0.000000 1.000000 -0.000000
vn 0.000000 1.000000 -0.000000
vn 0.000000 1.000000 -0.000000
vn 0.000000 1.000000 -0.000000
vn 0.000000 1.000000 -0.000000
vn 0.000000 1.000000 -0.000000
vn 0.000000 1.000000 -0.000000
vn 0.000000 1.000000 -0.000000
vn 0.000000 1.000000 -0.000000
vn 0.000000 1.000000 -0.000000
vn 0.000000 1.000000 -0.000000
vn 0.000000 1.000000 -0.000000
vn 0.000000 1.000000 -0.000000
vn 0.000000 1.000000 -0.000000
vn 0.000000 1.000000 -0.000000
vn 0.000000 1.000000 -0.000000
vn 0.000000 1.000000 -0.000000
vn 0.000000 1.000000 -0.000000
vn 0.000000 1.000000 -0.000000
vn 0.000000 1.000000 -0.000000
vn 0.000000 1.000000 -0.000000
vn 0.000000 1.000000 -0.000000
vn -1.000000 0.000000 -0.000000
vn -1.000000 0.000000 -0.000000
vn -1.000000 0.000000 -0.000000
vn -1.000000 0.000000 -0.000000
vn -1.000000 0.000000 -0.000000
vn -1.000000 0.000000 -0.000000
vn -1.000000 0.000000 -0.000000
vn -1.000000 0.000000 -0.000000
vn 0.000000 1.000000 -0.000000
vn 0.000000 1.000000 -0.000000
vn 0.000000 1.000000 -0.000000
vn 0.000000 1.000000 -0.000000
vn 0.000000 1.000000 -0.000000
vn 0.000000 1.000000 -0.000000
vn 0.000000 1.000000 -0.000000
vn 0.000000 1.000000 -0.000000
vn 0.000000 1.000000 -0.000000
vn 0.000000 1.000000 -0.000000
vn 0.000000 1.000000 -0.000000
vn 0.000000 1.000000 -0.000000
vn 0.000000 1.000000 -0.000000
vn 0.000000 1.000000 -0.000000
vn 0.000000 1.000000 -0.000000
vn 0.000000 1.000000 -0.000000
vn 0.000000 1.000000 -0.000000
vn 0.000000 1.000000 -0.000000
vn 0.000000 1.000000 -0.000000
vn 0.000000 1.000000 -0.000000
vn 0.000000 1.000000 -0.000000
vn 0.000000 1.000000 -0.000000
vn 0.000000 1.000000 -0.000000
vn 0.000000 1.000000 -0.000000
vn 0.000000 1.000000 -0.000000
vn 0.000000 1.000000 -0.000000
vn 0.000000 1.000000 -0.000000
vn 0.000000 1.000000 -0.000000
vn 0.000000 1.000000 -0.000000
vn 0.000000 1.000000 -0.000000
vn 0.000000 1.000000 -0.000000
vn 0.000000 1.000000 -0.000000
vn 0.000000 1.000000 -0.000000
vn 0.000000 1.000000 -0.000000
vn 0.000000 1.000000 -0.000000
vn 0.000000 1.000000 -0.000000
vn -1.000000 0.000000 -0.000000
vn -1.000000 0.000000 -0.000000
vn -1.000000 0.000000 -0.000000
vn -1.000000 0.000000 -0.000000
vn -1.000000 0.000000 -0.000000
vn -1.000000 0.000000 -0.000000
vn -1.000000 0.000000 -0.000000
vn -1.000000 0.000000 -0.000000
vn -1.000000 0.000000 -0.000000
vn -1.000000 0.000000 -0.000000
vn -1.000000 0.000000 -0.000000
vn -1.000000 0.000000 -0.000000
vn 0.000000 -1.000000 0.000000
vn 0.000000 -1.000000 0.000000
vn 0.000000 -1.000000 0.000000
vn 0.000000 -1.000000 0.000000
vn 0.000000 -1.000000 0.000000
vn 0.000000 -1.000000 0.000000
vn 0.000000 -1.000000 0.000000
vn 0.000000 -1.000000 0.000000
vn 0.000000 -1.000000 0.000000
vn 0.000000 -1.000000 0.000000
vn 0.000000 -1.000000 0.000000
vn 0.000000 -1.000000 0.000000
vn -1.000000 0.000000 -0.000000
vn -1.000000 0.000000 -0.000000
vn -1.000000 0.000000 -0.000000
vn -1.000000 0.000000 -0.000000
vn -1.000000 0.000000 -0.000000
vn -1.000000 0.000000 -0.000000
vn -1.000000 0.000000 -0.000000
vn -1.000000 0.000000 -0.000000
vn -1.000000 0.000000 -0.000000
vn -1.000000 0.000000 -0.000000
vn -1.000000 0.000000 -0.000000
vn -1.000000 0.000000 -0.000000
vn -1.000000 0.000000 -0.000000
vn -1.000000 0.000000 -0.000000
vn -1.000000 0.000000 -0.000000
vn -1.000000 0.000000 -0.000000
vn -1.000000 0.000000 -0.000000
vn -1.000000 0.000000 -0.000000
vn -1.000000 0.000000 -0.000000
vn -1.000000 0.000000 -0.000000
vn -1.000000 0.000000 -0.000000
vn -1.000000 0.000000 -0.000000
vn -1.000000 0.000000 -0.000000
vn -1.000000 0.000000 -0.000000
vn -1.000000 0.000000 -0.000000
vn -1.000000 0.000000 -0.000000
vn -1.000000 0.000000 -0.000000
vn -1.000000 0.000000 -0.000000
vn 0.000000 -1.000000 0.000000
vn 0.000000 -1.000000 0.000000
vn 0.000000 -1.000000 0.000000
vn 0.000000 -1.000000 0.000000
vn 0.000000 -1.000000 0.000000
vn 0.000000 -1.000000 0.000000
vn 0.000000 -1.000000 0.000000
vn 0.000000 -1.000000 0.000000
vn 0.000000 -1.000000 0.000000
vn 0.000000 -1.000000 0.000000
vn 0.000000 -1.000000 0.000000
vn 0.000000 -1.000000 0.000000
vn 0.000000 -1.000000 0.000000
vn 0.000000 -1.000000 0.000000
vn 0.000000 -1.000000 0.000000
vn 0.000000 -1.000000 0.000000
vn 0.000000 -1.000000 0.000000
vn 0.000000 -1.000000 0.000000
vn 0.000000 -1.000000 0.000000
vn 0.000000 -1.000000 0.000000
vn 0.000000 -1.000000 0.000000
vn 0.000000 -1.000000 0.000000
vn 0.000000 -1.000000 0.000000
vn 0.000000 -1.000000 0.000000
vn 0.000000 1.000000 -0.000000
vn 0.000000 1.000000 -0.000000
vn 0.000000 1.000000 -0.000000
vn 0.000000 1.000000 -0.000000
vn 0.000000 1.000000 -0.000000
vn 0.000000 1.000000 -0.000000
vn 0.000000 1.000000 -0.000000
vn 0.000000 1.000000 -0.000000
vn 0.000000 1.000000 -0.000000
vn 0.000000 1.000000 -0.000000
vn 0.000000 1.000000 -0.000000
vn 0.000000 1.000000 -0.000000
vn 0.000000 1.000000 -0.000000
vn 0.000000 1.000000 -0.000000
vn 0.000000 1.000000 -0.000000
vn 0.000000 1.000000 -0.000000
vn 0.000000 1.000000 -0.000000
vn 0.000000 1.000000 -0.000000
vn 0.000000 1.000000 -0.000000
vn 0.000000 1.000000 -0.000000
vn 0.000000 1.000000 -0.000000
vn 0.000000 1.000000 -0.000000
vn 0.000000 1.000000 -0.000000
vn 0.000000 1.000000 -0.000000
vn 0.000000 1.000000 -0.000000
vn 0.000000 1.000000 -0.000000
vn 0.000000 1.000000 -0.000000
vn 0.000000 1.000000 -0.000000
vn 0.000000 1.000000 -0.000000
vn 0.000000 1.000000 -0.000000
vn 0.000000 1.000000 -0.000000
vn 0.000000 1.000000 -0.000000
vn 0.000000 1.000000 -0.000000
vn 0.000000 1.000000 -0.000000
vn 0.000000 1.000000 -0.000000
vn 0.000000 1.000000 -0.000000
vn 0.000000 0.000000 1.000000
vn 0.000000 0.000000 1.000000
vn 0.000000 0.000000 1.000000
vn 0.000000 0.000000 1.000000
vn 0.000000 0.000000 1.000000
vn 0.000000 0.000000 1.000000
vn 0.000000 0.000000 1.000000
vn 0.000000 0.000000 1.000000
vn 0.000000 0.000000 1.000000
vn 0.000000 0.000000 1.000000
vn 0.000000 0.000000 1.000000
vn 0.000000 0.000000 1.000000
vn -1.000000 0.000000 -0.000000
vn -1.000000 0.000000 -0.000000
vn -1.000000 0.000000 -0.000000
vn -1.000000 0.000000 -0.000000
vn -1.000000 0.000000 -0.000000
vn -1.000000 0.000000 -0.000000
vn -1.000000 0.000000 -0.000000
vn -1.000000 0.000000 -0.000000
vn 0.000000 1.000000 -0.000000
vn 0.000000 1.000000 -0.000000
vn 0.000000 1.000000 -0.000000
vn 0.000000 1.000000 -0.000000
vn 0.000000 1.000000 -0.000000
vn 0.000000 1.000000 -0.000000
vn 0.000000 1.000000 -0.000000
vn 0.000000 1.000000 -0.000000
vn 0.000000 1.000000 -0.000000
vn 0.000000 1.000000 -0.000000
vn 0.000000 1.000000 -0.000000
vn 0.000000 1.000000 -0.000000
vn 0.000000 1.000000 -0.000000
vn 0.000000 1.000000 -0.000000
vn 0.000000 1.000000 -0.000000
vn 0.000000 1.000000 -0.000000
vn 0.000000 1.000000 -0.000000
vn 0.000000 1.000000 -0.000000
vn 0.000000 1.000000 -0.000000
vn 0.000000 1.000000 -0.000000
vn 0.000000 1.000000 -0.000000
vn 0.000000 1.000000 -0.000000
vn 0.000000 1.000000 -0.000000
vn 0.000000 1.000000 -0.000000
vn 0.000000 1.000000 -0.000000
vn 0.000000 1.000000 -0.000000
vn 0.000000 1.000000 -0.000000
vn 0.000000 1.000000 -0.000000
vn 0.000000 1.000000 -0.000000
vn 0.000000 1.000000 -0.000000
vn 0.000000 1.000000 -0.000000
vn 0.000000 1.000000 -0.000000
vn 0.000000 1.000000 -0.000000
vn 0.000000 1.000000 -0.000000
vn 0.000000 1.000000 -0.000000
vn 0.000000 1.000000 -0.000000
vn -1.000000 0.000000 -0.000000
vn -1.000000 0.000000 -0.000000
vn -1.000000 0.000000 -0.000000
vn -1.000000 0.000000 -0.000000
vn -1.000000 0.000000 -0.000000
vn -1.000000 0.000000 -0.000000
vn -1.000000 0.000000 -0.000000
vn -1.000000 0.000000 -0.000000
vn -1.000000 0.000000 -0.000000
vn -1.000000 0.000000 -0.000000
vn -1.000000 0.000000 -0.000000
vn -1.000000 0.000000 -0.000000
vn 0.000000 -1.000000 0.000000
vn 0.000000 -1.000000 0.000000
vn 0.000000 -1.000000 0.000000
vn 0.000000 -1.000000 0.000000
vn 0.000000 -1.000000 0.000000
vn 0.000000 -1.000000 0.000000
vn 0.000000 -1.000000 0.000000
vn 0.000000 -1.000000 0.000000
vn 0.000000 -1.000000 0.000000
vn 0.000000 -1.000000 0.000000
vn 0.000000 -1.000000 0.000000
vn 0.000000 -1.000000 0.000000
vn 0.000000 -1.000000 0.000000
vn 0.000000 -1.000000 0.000000
vn 0.000000 -1.000000 0.000000
vn 0.000000 -1.000000 0.000000
vn 0.000000 -1.000000 0.000000
vn 0.000000 -1.000000 0.000000
vn 0.000000 -1.000000 0.000000
vn 0.000000 -1.000000 0.000000
vn 0.000000 -1.000000 0.000000
vn 0.000000 -1.000000 0.000000
vn 0.000000 -1.000000 0.000000
vn 0.000000 -1.000000 0.000000
vn -1.000000 0.000000 -0.000000
vn -1.000000 0.000000 -0.000000
vn -1.000000 0.000000 -0.000000
vn -1.000000 0.000000 -0.000000
vn -1.000000 0.000000 -0.000000
vn -1.000000 0.000000 -0.000000
vn -1.000000 0.000000 -0.000000
vn -1.000000 0.000000 -0.000000
vn -1.000000 0.000000 -0.000000
vn -1.000000 0.000000 -0.000000
vn -1.000000 0.000000 -0.000000
vn -1.000000 0.000000 -0.000000
vn 0.000000 1.000000 -0.000000
vn 0.000000 1.000000 -0.000000
vn 0.000000 1.000000 -0.000000
vn 0.000000 1.000000 -0.000000
vn 0.000000 1.000000 -0.000000
vn 0.000000 1.000000 -0.000000
vn 0.000000 1.000000 -0.000000
vn 0.000000 1.000000 -0.000000
vn 0.000000 1.000000 -0.000000
vn 0.000000 1.000000 -0.000000
vn 0.000000 1.000000 -0.000000
vn 0.000000 1.000000 -0.000000
vn -1.000000 0.000000 -0.000000
vn -1.000000 0.000000 -0.000000
vn -1.000000 0.000000 -0.000000
vn -1.000000 0.000000 -0.000000
vn -1.000000 0.000000 -0.000000
vn -1.000000 0.000000 -0.000000
vn -1.000000 0.000000 -0.000000
vn -1.000000 0.000000 -0.000000
vn -1.000000 0.000000 -0.000000
vn -1.000000 0.000000 -0.000000
vn -1.000000 0.000000 -0.000000
vn -1.000000 0.000000 -0.000000
vn 0.000000 0.000000 1.000000
vn 0.000000 0.000000 1.000000
vn 0.000000 0.000000 1.000000
vn 0.000000 0.000000 1.000000
vn 0.000000 0.000000 1.000000
vn 0.000000 0.000000 1.000000
vn 0.000000 0.000000 1.000000
vn 0.000000 0.000000 1.000000
vn 0.000000 0.000000 1.000000
vn 0.000000 0.000000 1.000000
vn 0.000000 0.000000 1.000000
vn 0.000000 0.000000 1.000000
vn 0.000000 1.000000 -0.000000
vn 0.000000 1.000000 -0.000000
vn 0.000000 1.000000 -0.000000
vn 0.000000 1.000000 -0.000000
vn 0.000000 1.000000 -0.000000
vn 0.000000 1.000000 -0.000000
vn 0.000000 1.000000 -0.000000
vn 0.000000 1.000000 -0.000000
vn 0.000000 1.000000 -0.000000
vn 0.000000 1.000000 -0.000000
vn 0.000000 1.000000 -0.000000
vn 0.000000 1.000000 -0.000000
vn -1.000000 0.000000 -0.000000
vn -1.000000 0.000000 -0.000000
vn -1.000000 0.000000 -0.000000
vn -1.000000 0.000000 -0.000000
vn -1.000000 0.000000 -0.000000
vn -1.000000 0.000000 -0.000000
vn -1.000000 0.000000 -0.000000
vn -1.000000 0.000000 -0.000000
vn -1.000000 0.000000 -0.000000
vn -1.000000 0.000000 -0.000000
vn -1.000000 0.000000 -0.000000
vn -1.000000 0.000000 -0.000000
vn 0.000000 -1.000000 0.000000
vn 0.000000 -1.000000 0.000000
vn 0.000000 -1.000000 0.000000
vn 0.000000 -1.000000 0.000000
vn 0.000000 -1.000000 0.000000
vn 0.000000 -1.000000 0.000000
vn 0.000000 -1.000000 0.000000
vn 0.000000 -1.000000 0.000000
vn 0.000000 -1.000000 0.000000
vn 0.000000 -1.000000 0.000000
vn 0.000000 -1.000000 0.000000
vn 0.000000 -1.000000 0.000000
vn -1.000000 0.000000 -0.000000
vn -1.000000 0.000000 -0.000000
vn -1.000000 0.000000 -0.000000
vn -1.000000 0.000000 -0.000000
vn -1.000000 0.000000 -0.000000
vn -1.000000 0.000000 -0.000000
vn -1.000000 0.000000 -0.000000
vn -1.000000 0.000000 -0.000000
vn -1.000000 0.000000 -0.000000
vn -1.000000 0.000000 -0.000000
vn -1.000000 0.000000 -0.000000
vn -1.000000 0.000000 -0.000000
vn 0.000000 1.000000 -0.000000
vn 0.000000 1.000000 -0.000000
vn 0.000000 1.000000 -0.000000
vn 0.000000 1.000000 -0.000000
vn 0.000000 1.000000 -0.000000
vn 0.000000 1.000000 -0.000000
vn 0.000000 1.000000 -0.000000
vn 0.000000 1.000000 -0.000000
vn 0.000000 1.000000 -0.000000
vn 0.000000 1.000000 -0.000000
vn 0.000000 1.000000 -0.000000
vn 0.000000 1.000000 -0.000000
vn -1.000000 0.000000 -0.000000
vn -1.000000 0.000000 -0.000000
vn -1.000000 0.000000 -0.000000
vn -1.000000 0.000000 -0.000000
vn -1.000000 0.000000 -0.000000
vn -1.000000 0.000000 -0.000000
vn -1.000000 0.000000 -0.000000
vn -1.000000 0.000000 -0.000000
vn -1.000000 0.000000 -0.000000
vn -1.000000 0.000000 -0.000000
vn -1.000000 0.000000 -0.000000
vn -1.000000 0.000000 -0.000000
vn 0.000000 1.000000 -0.000000
vn 0.000000 1.000000 -0.000000
vn 0.000000 1.000000 -0.000000
vn 0.000000 1.000000 -0.000000
vn 0.000000 1.000000 -0.000000
vn 0.000000 1.000000 -0.000000
vn 0.000000 1.000000 -0.000000
vn 0.000000 1.000000 -0.000000
vn 0.000000 1.000000 -0.000000
vn 0.000000 1.000000 -0.000000
vn 0.000000 1.000000 -0.000000
vn 0.000000 1.000000 -0.000000
vn -1.000000 0.000000 -0.000000
vn -1.000000 0.000000 -0.000000
vn -1.000000 0.000000 -0.000000
vn -1.000000 0.000000 -0.000000
vn -1.000000 0.000000 -0.000000
vn -1.000000 0.000000 -0.000000
vn -1.000000 0.000000 -0.000000
vn -1.000000 0.000000 -0.000000
vn -1.000000 0.000000 -0.000000
vn -1.000000 0.000000 -0.000000
vn -1.000000 0.000000 -0.000000
vn -1.000000 0.000000 -0.000000
vn 0.000000 1.000000 -0.000000
vn 0.000000 1.000000 -0.000000
vn 0.000000 1.000000 -0.000000
vn 0.000000 1.000000 -0.000000
vn 0.000000 1.000000 -0.000000
vn 0.000000 1.000000 -0.000000
vn 0.000000 1.000000 -0.000000
vn 0.000000 1.000000 -0.000000
vn 0.000000 1.000000 -0.000000
vn 0.000000 1.000000 -0.000000
vn 0.000000 1.000000 -0.000000
vn 0.000000 1.000000 -0.000000
vn 0.000000 1.000000 -0.000000
vn 0.000000 1.000000 -0.000000
vn 0.000000 1.000000 -0.000000
vn 0.000000 1.000000 -0.000000
vn 0.000000 1.000000 -0.000000
vn -1.000000 0.000000 -0.000000
vn -1.000000 0.000000 -0.000000
vn -1.000000 0.000000 -0.000000
vn -1.000000 0.000000 -0.000000
vn -1.000000 0.000000 -0.000000
vn -1.000000 0.000000 -0.000000
vn -1.000000 0.000000 -0.000000
vn -1.000000 0.000000 -0.000000
vn -1.000000 0.000000 -0.000000
vn -1.000000 0.000000 -0.000000
vn -1.000000 0.000000 -0.000000
vn -1.000000 0.000000 -0.000000
vn -1.000000 0.000000 -0.000000
vn -1.000000 0.000000 -0.000000
vn -1.000000 0.000000 -0.000000
vn -1.000000 0.000000 -0.000000
vn -1.000000 0.000000 -0.000000
vn -1.000000 0.000000 -0.000000
vn -1.000000 0.000000 -0.000000
vn -1.000000 0.000000 -0.000000
vn -1.000000 0.000000 -0.000000
vn -1.000000 0.000000 -0.000000
vn -1.000000 0.000000 -0.000000
vn -1.000000 0.000000 -0.000000
vn -1.000000 0.000000 -0.000000
vn -1.000000 0.000000 -0.000000
vn -1.000000 0.000000 -0.000000
vn -1.000000 0.000000 -0.000000
vn -1.000000 0.000000 -0.000000
vn -1.000000 0.000000 -0.000000
vn -1.000000 0.000000 -0.000000
vn -1.000000 0.000000 -0.000000
vn -1.000000 0.000000 -0.000000
vn -1.000000 0.000000 -0.000000
vn -1.000000 0.000000 -0.000000
vn -1.000000 0.000000 -0.000000
vn -1.000000 0.000000 -0.000000
vn -1.000000 0.000000 -0.000000
vn -1.000000 0.000000 -0.000000
vn 0.000000 0.000000 1.000000
vn 0.000000 0.000000 1.000000
vn 0.000000 0.000000 1.000000
vn 0.000000 0.000000 1.000000
vn 0.000000 0.000000 1.000000
vn -1.000000 0.000000 -0.000000
vn -1.000000 0.000000 -0.000000
vn -1.000000 0.000000 -0.000000
vn -1.000000 0.000000 -0.000000
vn -1.000000 0.000000 -0.000000
vn -1.000000 0.000000 -0.000000
vn -1.000000 0.000000 -0.000000
vn -1.000000 0.000000 -0.000000
vn -1.000000 0.000000 -0.000000
vn -1.000000 0.000000 -0.000000
vn -1.000000 0.000000 -0.000000
vn -1.000000 0.000000 -0.000000
vn -1.000000 0.000000 -0.000000
vn 0.000000 -1.000000 0.000000
vn 0.000000 -1.000000 0.000000
vn 0.000000 -1.000000 0.000000
vn 0.000000 -1.000000 0.000000
vn -1.000000 0.000000 -0.000000
vn -1.000000 0.000000 -0.000000
vn -1.000000 0.000000 -0.000000
vn -1.000000 0.000000 -0.000000
vn 0.000000 1.000000 -0.000000
vn 0.000000 1.000000 -0.000000
vn 0.000000 1.000000 -0.000000
vn 0.000000 1.000000 -0.000000
vn -1.000000 0.000000 -0.000000
vn -1.000000 0.000000 -0.000000
vn -1.000000 0.000000 -0.000000
vn -1.000000 0.000000 -0.000000
vn -1.000000 0.000000 -0.000000
vn -1.000000 0.000000 -0.000000
vn -1.000000 0.000000 -0.000000
vn -1.000000 0.000000 -0.000000
vn -1.000000 0.000000 -0.000000
vn -1.000000 0.000000 -0.000000
vn -1.000000 0.000000 -0.000000
vn -1.000000 0.000000 -0.000000
vn -1.000000 0.000000 -0.000000
vn -1.000000 0.000000 -0.000000
vn -1.000000 0.000000 -0.000000
vn -1.000000 0.000000 -0.000000
vn -1.000000 0.000000 -0.000000
vn -1.000000 0.000000 -0.000000
vn -1.000000 0.000000 -0.000000
vn -1.000000 0.000000 -0.000000
vn -1.000000 0.000000 -0.000000
vn -1.000000 0.000000 -0.000000
vn -1.000000 0.000000 -0.000000
vn 0.000000 0.000000 1.000000
vn 0.000000 0.000000 1.000000
vn 0.000000 0.000000 1.000000
vn 0.000000 0.000000 1.000000
vn 0.000000 0.000000 1.000000
vn -1.000000 0.000000 -0.000000
vn -1.000000 0.000000 -0.000000
vn -1.000000 0.000000 -0.000000
vn -1.000000 0.000000 -0.000000
vn -1.000000 0.000000 -0.000000
vn -1.000000 0.000000 -0.000000
vn -1.000000 0.000000 -0.000000
vn -1.000000 0.000000 -0.000000
vn 0.000000 -1.000000 0.000000
vn 0.000000 -1.000000 0.000000
vn 0.000000 -1.000000 0.000000
vn 0.000000 -1.000000 0.000000
vn -1.000000 0.000000 -0.000000
vn -1.000000 0.000000 -0.000000
vn -1.000000 0.000000 -0.000000
vn -1.000000 0.000000 -0.000000
vn -1.000000 0.000000 -0.000000
vn -1.000000 0.000000 -0.000000
vn -1.000000 0.000000 -0.000000
vn -1.000000 0.000000 -0.000000
vn -1.000000 0.000000 -0.000000
vn 0.000000 -1.000000 0.000000
vn 0.000000 -1.000000 0.000000
vn 0.000000 -1.000000 0.000000
vn 0.000000 -1.000000 0.000000
vn -1.000000 0.000000 -0.000000
vn -1.000000 0.000000 -0.000000
vn -1.000000 0.000000 -0.000000
vn -1.000000 0.000000 -0.000000
vn -1.000000 0.000000 -0.000000
vn -1.000000 0.000000 -0.000000
vn -1.000000 0.000000 -0.000000
vn -1.000000 0.000000 -0.000000
vn -1.000000 0.000000 -0.000000
vn -1.000000 0.000000 -0.000000
vn -1.000000 0.000000 -0.000000
vn -1.000000 0.000000 -0.000000
vn -1.000000 0.000000 -0.000000
vn -1.000000 0.000000 -0.000000
vn -1.000000 0.000000 -0.000000
vn -1.000000 0.000000 -0.000000
vn -1.000000 0.000000 -0.000000
vn -1.000000 0.000000 -0.000000
vn -1.000000 0.000000 -0.000000
vn -1.000000 0.000000 -0.000000
vn -1.000000 0.000000 -0.000000
vn -1.000000 0.000000 -0.000000
vn -1.000000 0.000000 -0.000000
vn -1.000000 0.000000 -0.000000
vn -1.000000 0.000000 -0.000000
vn -1.000000 0.000000 -0.000000
vn -1.000000 0.000000 -0.000000
vn 0.000000 0.000000 1.000000
vn 0.000000 0.000000 1.000000
vn 0.000000 0.000000 1.000000
vn 0.000000 0.000000 1.000000
vn -1.000000 0.000000 -0.000000
vn -1.000000 0.000000 -0.000000
vn -1.000000 0.000000 -0.000000
vn 0.000000 -1.000000 0.000000
vn 0.000000 -1.000000 0.000000
vn 0.000000 -1.000000 0.000000
vn 0.000000 -1.000000 0.000000
vn -1.000000 0.000000 -0.000000
vn -1.000000 0.000000 -0.000000
vn -1.000000 0.000000 -0.000000
vn -1.000000 0.000000 -0.000000
vn -1.000000 0.000000 -0.000000
vn -1.000000 0.000000 -0.000000
vn -1.000000 0.000000 -0.000000
vn -1.000000 0.000000 -0.000000
vn 0.000000 0.000000 1.000000
vn 0.000000 0.000000 1.000000
vn 0.000000 0.000000 1.000000
vn 0.000000 0.000000 1.000000
vn 0.000000 -1.000000 0.000000
vn 0.000000 -1.000000 0.000000
vn 0.000000 -1.000000 0.000000
vn 0.000000 -1.000000 0.000000
vn -1.000000 0.000000 -0.000000
vn -1.000000 0.000000 -0.000000
vn -1.000000 0.000000 -0.000000
vn -1.000000 0.000000 -0.000000
vn -1.000000 0.000000 -0.000000
vn -1.000000 0.000000 -0.000000
vn -1.000000 0.000000 -0.000000
vn -1.000000 0.000000 -0.000000
vn -1.000000 0.000000 -0.000000
vn -1.000000 0.000000 -0.000000
vn -1.000000 0.000000 -0.000000
vn -1.000000 0.000000 -0.000000
vn -1.000000 0.000000 -0.000000
vn -1.000000 0.000000 -0.000000
vn -1.000000 0.000000 -0.000000
vn -1.000000 0.000000 -0.000000
vn -1.000000 0.000000 -0.000000
vn -1.000000 0.000000 -0.000000
vn -1.000000 0.000000 -0.000000
vn -1.000000 0.000000 -0.000000
vn 0.000000 -1.000000 0.000000
vn 0.000000 -1.000000 0.000000
vn 0.000000 -1.000000 0.000000
vn 0.000000 -1.000000 0.000000
vn -1.000000 0.000000 -0.000000
vn -1.000000 0.000000 -0.000000
vn -1.000000 0.000000 -0.000000
vn -1.000000 0.000000 -0.000000
vn -1.000000 0.000000 -0.000000
vn -1.000000 0.000000 -0.000000
vn -1.000000 0.000000 -0.000000
vn -1.000000 0.000000 -0.000000
vn -1.000000 0.000000 -0.000000
vn -1.000000 0.000000 -0.000000
vn -1.000000 0.000000 -0.000000
vn -1.000000 0.000000 -0.000000
vn -1.000000 0.000000 -0.000000
vn 0.000000 -1.000000 0.000000
vn 0.000000 -1.000000 0.000000
vn 0.000000 -1.000000 0.000000
vn 0.000000 -1.000000 0.000000
vn -1.000000 0.000000 -0.000000
vn -1.000000 0.000000 -0.000000
vn -1.000000 0.000000 -0.000000
vn -1.000000 0.000000 -0.000000
vn 0.000000 -1.000000 0.000000
vn 0.000000 -1.000000 0.000000
vn 0.000000 -1.000000 0.000000
vn 0.000000 -1.000000 0.000000
vn -1.000000 0.000000 -0.000000
vn -1.000000 0.000000 -0.000000
vn -1.000000 0.000000 -0.000000
vn -1.000000 0.000000 -0.000000
vn -1.000000 0.000000 -0.000000
vn -1.000000 0.000000 -0.000000
vn -1.000000 0.000000 -0.000000
vn -1.000000 0.000000 -0.000000
vn -1.000000 0.000000 -0.000000
vn 0.000000 1.000000 -0.000000
vn 0.000000 1.000000 -0.000000
vn 0.000000 1.000000 -0.000000
vn 0.000000 1.000000 -0.000000
vn 1.000000 0.000000 0.000000
vn 1.000000 0.000000 0.000000
vn 1.000000 0.000000 0.000000
vn 1.000000 0.000000 0.000000
vn 0.000000 1.000000 -0.000000
vn 0.000000 1.000000 -0.000000
vn 0.000000 1.000000 -0.000000
vn 0.000000 1.000000 -0.000000
vn 1.000000 0.000000 0.000000
vn 1.000000 0.000000 0.000000
vn 1.000000 0.000000 0.000000
vn 1.000000 0.000000 0.000000
vn 0.000000 1.000000 -0.000000
vn 0.000000 1.000000 -0.000000
vn 0.000000 1.000000 -0.000000
vn 0.000000 1.000000 -0.000000
vn 1.000000 0.000000 0.000000
vn 1.000000 0.000000 0.000000
vn 1.000000 0.000000 0.000000
vn 1.000000 0.000000 0.000000
vn 0.000000 -1.000000 0.000000
vn 0.000000 -1.000000 0.000000
vn 0.000000 -1.000000 0.000000
vn 0.000000 -1.000000 0.000000
vn 0.000000 1.000000 -0.000000
vn 0.000000 1.000000 -0.000000
vn 0.000000 1.000000 -0.000000
vn 0.000000 1.000000 -0.000000
vn 0.707107 0.707107 -0.000000
vn 0.707107 0.707107 -0.000000
vn 0.707107 0.707107 -0.000000
vn 0.707107 0.707107 -0.000000
vn 0.707107 0.707107 -0.000000
vn 0.707107 0.707107 -0.000000
vn 0.707107 0.707107 -0.000000
vn 0.707107 0.707107 -0.000000
vn 0.707107 0.707107 -0.000000
vn 0.923880 0.382682 -0.000000
vn 0.707107 0.707107 -0.000000
vn 1.000000 0.000000 0.000000
vn 1.000000 0.000000 0.000000
vn 1.000000 0.000000 0.000000
vn 1.000000 0.000000 0.000000
vn 0.000000 1.000000 -0.000000
vn 0.000000 1.000000 -0.000000
vn 0.000000 1.000000 -0.000000
vn 0.000000 1.000000 -0.000000
vn 0.000000 0.000000 1.000000
vn 0.000000 0.000000 1.000000
vn 0.000000 0.000000 1.000000
vn 0.000000 0.000000 1.000000
vn 1.000000 0.000000 0.000000
vn 1.000000 0.000000 0.000000
vn 1.000000 0.000000 0.000000
vn 1.000000 0.000000 0.000000
vn 0.000000 1.000000 -0.000000
vn 0.000000 1.000000 -0.000000
vn 0.000000 1.000000 -0.000000
vn 0.000000 1.000000 -0.000000
vn 1.000000 0.000000 0.000000
vn 1.000000 0.000000 0.000000
vn 1.000000 0.000000 0.000000
vn 1.000000 0.000000 0.000000
vn 0.000000 -1.000000 0.000000
vn 0.000000 -1.000000 0.000000
vn 0.000000 -1.000000 0.000000
vn 0.000000 -1.000000 0.000000
vn 0.000000 1.000000 -0.000000
vn 0.000000 1.000000 -0.000000
vn 0.000000 1.000000 -0.000000
vn 0.000000 1.000000 -0.000000
vn 0.707107 0.707107 -0.000000
vn 0.707107 0.707107 -0.000000
vn 0.923880 0.382682 -0.000000
vn 0.707107 0.707107 -0.000000
vn 0.707107 0.707107 -0.000000
vn 0.707107 0.707107 -0.000000
vn 0.707107 0.707107 -0.000000
vn 0.707107 0.707107 -0.000000
vn 0.707107 0.707107 -0.000000
vn 0.707107 0.707107 -0.000000
vn 0.707107 0.707107 -0.000000
vn 1.000000 0.000000 0.000000
vn 1.000000 0.000000 0.000000
vn 1.000000 0.000000 0.000000
vn 1.000000 0.000000 0.000000
vn 1.000000 0.000000 0.000000
vn 1.000000 0.000000 0.000000
vn 1.000000 0.000000 0.000000
vn 1.000000 0.000000 0.000000
vn 1.000000 0.000000 0.000000
vn 1.000000 0.000000 0.000000
vn 1.000000 0.000000 0.000000
vn 1.000000 0.000000 0.000000
vn 1.000000 0.000000 0.000000
vn 1.000000 0.000000 0.000000
vn 1.000000 0.000000 0.000000
vn 1.000000 0.000000 0.000000
vn 0.923880 0.382682 -0.000000
vn 0.923880 0.382682 -0.000000
vn 1.000000 0.000000 0.000000
vn 0.000000 -1.000000 0.000000
vn 0.000000 -1.000000 0.000000
vn 0.000000 -1.000000 0.000000
vn 0.000000 -1.000000 0.000000
vn 1.000000 0.000000 0.000000
vn 1.000000 0.000000 0.000000
vn 1.000000 0.000000 0.000000
vn 1.000000 0.000000 0.000000
vn 1.000000 0.000000 0.000000
vn 1.000000 0.000000 0.000000
vn 1.000000 0.000000 0.000000
vn 0.000000 1.000000 -0.000000
vn 0.000000 1.000000 -0.000000
vn 0.000000 1.000000 -0.000000
vn 0.000000 1.000000 -0.000000
vn 0.000000 1.000000 -0.000000
vn 0.000000 1.000000 -0.000000
vn 0.000000 1.000000 -0.000000
vn 0.000000 1.000000 -0.000000
vn 0.000000 1.000000 -0.000000
vn 0.000000 1.000000 -0.000000
vn 0.000000 1.000000 -0.000000
vn 0.000000 1.000000 -0.000000
vn 1.000000 0.000000 0.000000
vn 1.000000 0.000000 0.000000
vn 1.000000 0.000000 0.000000
vn 1.000000 0.000000 0.000000
vn 0.000000 0.000000 1.000000
vn 0.000000 0.000000 1.000000
vn 0.000000 0.000000 1.000000
vn 0.000000 0.000000 1.000000
vn 0.000000 1.000000 -0.000000
vn 0.000000 1.000000 -0.000000
vn 0.000000 1.000000 -0.000000
vn 0.000000 1.000000 -0.000000
vn 0.000000 1.000000 -0.000000
vn 0.000000 1.000000 -0.000000
vn 0.000000 1.000000 -0.000000
vn 0.000000 1.000000 -0.000000
vn 0.000000 1.000000 -0.000000
vn 0.000000 1.000000 -0.000000
vn 0.000000 1.000000 -0.000000
vn 0.000000 1.000000 -0.000000
vn 0.000000 -1.000000 0.000000
vn 0.000000 -1.000000 0.000000
vn 0.000000 -1.000000 0.000000
vn 0.000000 -1.000000 0.000000
vn 0.000000 -1.000000 0.000000
vn 0.000000 -1.000000 0.000000
vn 0.000000 -1.000000 0.000000
vn 0.000000 -1.000000 0.000000
vn 1.000000 0.000000 0.000000
vn 1.000000 0.000000 0.000000
vn 1.000000 0.000000 0.000000
vn 1.000000 0.000000 0.000000
vn 1.000000 0.000000 0.000000
vn 1.000000 0.000000 0.000000
vn 1.000000 0.000000 0.000000
vn 1.000000 0.000000 0.000000
vn 1.000000 0.000000 0.000000
vn 1.000000 0.000000 0.000000
vn 1.000000 0.000000 0.000000
vn 1.000000 0.000000 0.000000
vn 0.000000 -1.000000 0.000000
vn 0.000000 -1.000000 0.000000
vn 0.000000 -1.000000 0.000000
vn 0.000000 -1.000000 0.000000
vn 1.000000 0.000000 0.000000
vn 1.000000 0.000000 0.000000
vn 1.000000 0.000000 0.000000
vn 1.000000 0.000000 0.000000
vn 1.000000 0.000000 0.000000
vn 1.000000 0.000000 0.000000
vn 1.000000 0.000000 0.000000
vn 0.000000 1.000000 -0.000000
vn 0.000000 1.000000 -0.000000
vn 0.000000 1.000000 -0.000000
vn 0.000000 1.000000 -0.000000
vn 0.000000 1.000000 -0.000000
vn 0.000000 1.000000 -0.000000
vn 0.000000 1.000000 -0.000000
vn 0.000000 1.000000 -0.000000
vn 0.000000 1.000000 -0.000000
vn 0.000000 1.000000 -0.000000
vn 0.000000 1.000000 -0.000000
vn 0.000000 1.000000 -0.000000
vn 1.000000 0.000000 0.000000
vn 1.000000 0.000000 0.000000
vn 1.000000 0.000000 0.000000
vn 1.000000 0.000000 0.000000
vn 0.000000 1.000000 -0.000000
vn 0.000000 1.000000 -0.000000
vn 0.000000 1.000000 -0.000000
vn 0.000000 1.000000 -0.000000
vn 0.000000 1.000000 -0.000000
vn 0.000000 1.000000 -0.000000
vn 0.000000 1.000000 -0.000000
vn 0.000000 1.000000 -0.000000
vn 0.000000 1.000000 -0.000000
vn 0.000000 1.000000 -0.000000
vn 0.000000 1.000000 -0.000000
vn 0.000000 1.000000 -0.000000
vn 0.000000 -1.000000 0.000000
vn 0.000000 -1.000000 0.000000
vn 0.000000 -1.000000 0.000000
vn 0.000000 -1.000000 0.000000
vn 0.000000 -1.000000 0.000000
vn 0.000000 -1.000000 0.000000
vn 0.000000 -1.000000 0.000000
vn 0.000000 -1.000000 0.000000
vn 1.000000 0.000000 0.000000
vn 1.000000 0.000000 0.000000
vn 1.000000 0.000000 0.000000
vn 1.000000 0.000000 0.000000
vn 1.000000 0.000000 0.000000
vn 1.000000 0.000000 0.000000
vn 1.000000 0.000000 0.000000
vn 1.000000 0.000000 0.000000
vn 1.000000 0.000000 0.000000
vn 1.000000 0.000000 0.000000
vn 1.000000 0.000000 0.000000
vn 1.000000 0.000000 0.000000
vn 1.000000 0.000000 0.000000
vn 1.000000 0.000000 0.000000
vn 1.000000 0.000000 0.000000
vn 1.000000 0.000000 0.000000
vn 1.000000 0.000000 0.000000
vn 1.000000 0.000000 0.000000
vn 1.000000 0.000000 0.000000
vn 1.000000 0.000000 0.000000
vn 1.000000 0.000000 0.000000
vn 1.000000 0.000000 0.000000
vn 1.000000 0.000000 0.000000
vn 1.000000 0.000000 0.000000
vn 1.000000 0.000000 0.000000
vn 1.000000 0.000000 0.000000
vn 1.000000 0.000000 0.000000
vn 1.000000 0.000000 0.000000
vn 1.000000 0.000000 0.000000
vn 1.000000 0.000000 0.000000
vn 1.000000 0.000000 0.000000
vn 1.000000 0.000000 0.000000
vn 1.000000 0.000000 0.000000
vn 1.000000 0.000000 0.000000
vn 1.000000 0.000000 0.000000
vn 1.000000 0.000000 0.000000
vn 1.000000 0.000000 0.000000
vn 1.000000 0.000000 0.000000
vn 1.000000 0.000000 0.000000
vn 1.000000 0.000000 0.000000
vn 0.000000 -1.000000 0.000000
vn 0.000000 -1.000000 0.000000
vn 0.000000 -1.000000 0.000000
vn 0.000000 -1.000000 0.000000
vn 0.000000 -1.000000 0.000000
vn 0.000000 -1.000000 0.000000
vn 0.000000 -1.000000 0.000000
vn 0.000000 -1.000000 0.000000
vn 0.000000 -1.000000 0.000000
vn 0.000000 -1.000000 0.000000
vn 0.000000 -1.000000 0.000000
vn 0.000000 -1.000000 0.000000
vn 0.000000 -1.000000 0.000000
vn 0.000000 -1.000000 0.000000
vn 0.000000 -1.000000 0.000000
vn 0.000000 -1.000000 0.000000
vn 0.000000 -1.000000 0.000000
vn 0.000000 -1.000000 0.000000
vn 0.000000 -1.000000 0.000000
vn 0.000000 -1.000000 0.000000
vn 0.000000 -1.000000 0.000000
vn 0.000000 -1.000000 0.000000
vn 0.000000 -1.000000 0.000000
vn 0.000000 -1.000000 0.000000
vn 0.000000 1.000000 -0.000000
vn 0.000000 1.000000 -0.000000
vn 0.000000 1.000000 -0.000000
vn 0.000000 1.000000 -0.000000
vn 0.000000 1.000000 -0.000000
vn 0.000000 1.000000 -0.000000
vn 0.000000 1.000000 -0.000000
vn 0.000000 1.000000 -0.000000
vn 0.000000 1.000000 -0.000000
vn 0.000000 1.000000 -0.000000
vn 0.000000 1.000000 -0.000000
vn 0.000000 1.000000 -0.000000
vn 0.000000 1.000000 -0.000000
vn 0.000000 1.000000 -0.000000
vn 0.000000 1.000000 -0.000000
vn 0.000000 1.000000 -0.000000
vn 0.000000 1.000000 -0.000000
vn 0.000000 1.000000 -0.000000
vn 0.000000 1.000000 -0.000000
vn 0.000000 1.000000 -0.000000
vn 0.000000 1.000000 -0.000000
vn 0.000000 1.000000 -0.000000
vn 0.000000 1.000000 -0.000000
vn 0.000000 1.000000 -0.000000
vn 0.000000 1.000000 -0.000000
vn 0.000000 1.000000 -0.000000
vn 0.000000 1.000000 -0.000000
vn 0.000000 1.000000 -0.000000
vn 0.000000 1.000000 -0.000000
vn 0.000000 1.000000 -0.000000
vn 0.000000 1.000000 -0.000000
vn 0.000000 1.000000 -0.000000
vn 0.000000 1.000000 -0.000000
vn 0.000000 1.000000 -0.000000
vn 0.000000 1.000000 -0.000000
vn 0.000000 1.000000 -0.000000
vn 1.000000 0.000000 0.000000
vn 1.000000 0.000000 0.000000
vn 1.000000 0.000000 0.000000
vn 1.000000 0.000000 0.000000
vn 1.000000 0.000000 0.000000
vn 1.000000 0.000000 0.000000
vn 1.000000 0.000000 0.000000
vn 1.000000 0.000000 0.000000
vn 0.000000 1.000000 -0.000000
vn 0.000000 1.000000 -0.000000
vn 0.000000 1.000000 -0.000000
vn 0.000000 1.000000 -0.000000
vn 0.000000 1.000000 -0.000000
vn 0.000000 1.000000 -0.000000
vn 0.000000 1.000000 -0.000000
vn 0.000000 1.000000 -0.000000
vn 0.000000 1.000000 -0.000000
vn 0.000000 1.000000 -0.000000
vn 0.000000 1.000000 -0.000000
vn 0.000000 1.000000 -0.000000
vn 0.000000 1.000000 -0.000000
vn 0.000000 1.000000 -0.000000
vn 0.000000 1.000000 -0.000000
vn 0.000000 1.000000 -0.000000
vn 0.000000 1.000000 -0.000000
vn 0.000000 1.000000 -0.000000
vn 0.000000 1.000000 -0.000000
vn 0.000000 1.000000 -0.000000
vn 0.000000 1.000000 -0.000000
vn 0.000000 1.000000 -0.000000
vn 0.000000 1.000000 -0.000000
vn 0.000000 1.000000 -0.000000
vn 0.000000 1.000000 -0.000000
vn 0.000000 1.000000 -0.000000
vn 0.000000 1.000000 -0.000000
vn 0.000000 1.000000 -0.000000
vn 0.000000 1.000000 -0.000000
vn 0.000000 1.000000 -0.000000
vn 0.000000 1.000000 -0.000000
vn 0.000000 1.000000 -0.000000
vn 0.000000 1.000000 -0.000000
vn 0.000000 1.000000 -0.000000
vn 0.000000 1.000000 -0.000000
vn 0.000000 1.000000 -0.000000
vn 1.000000 0.000000 0.000000
vn 1.000000 0.000000 0.000000
vn 1.000000 0.000000 0.000000
vn 1.000000 0.000000 0.000000
vn 1.000000 0.000000 0.000000
vn 1.000000 0.000000 0.000000
vn 1.000000 0.000000 0.000000
vn 1.000000 0.000000 0.000000
vn 1.000000 0.000000 0.000000
vn 1.000000 0.000000 0.000000
vn 1.000000 0.000000 0.000000
vn 1.000000 0.000000 0.000000
vn 0.000000 -1.000000 0.000000
vn 0.000000 -1.000000 0.000000
vn 0.000000 -1.000000 0.000000
vn 0.000000 -1.000000 0.000000
vn 0.000000 -1.000000 0.000000
vn 0.000000 -1.000000 0.000000
vn 0.000000 -1.000000 0.000000
vn 0.000000 -1.000000 0.000000
vn 0.000000 -1.000000 0.000000
vn 0.000000 -1.000000 0.000000
vn 0.000000 -1.000000 0.000000
vn 0.000000 -1.000000 0.000000
vn 1.000000 0.000000 0.000000
vn 1.000000 0.000000 0.000000
vn 1.000000 0.000000 0.000000
vn 1.000000 0.000000 0.000000
vn 1.000000 0.000000 0.000000
vn 1.000000 0.000000 0.000000
vn 1.000000 0.000000 0.000000
vn 1.000000 0.000000 0.000000
vn 1.000000 0.000000 0.000000
vn 1.000000 0.000000 0.000000
vn 1.000000 0.000000 0.000000
vn 1.000000 0.000000 0.000000
vn 1.000000 0.000000 0.000000
vn 1.000000 0.000000 0.000000
vn 1.000000 0.000000 0.000000
vn 1.000000 0.000000 0.000000
vn 1.000000 0.000000 0.000000
vn 1.000000 0.000000 0.000000
vn 1.000000 0.000000 0.000000
vn 1.000000 0.000000 0.000000
vn 1.000000 0.000000 0.000000
vn 1.000000 0.000000 0.000000
vn 1.000000 0.000000 0.000000
vn 1.000000 0.000000 0.000000
vn 1.000000 0.000000 0.000000
vn 1.000000 0.000000 0.000000
vn 1.000000 0.000000 0.000000
vn 1.000000 0.000000 0.000000
vn 0.000000 -1.000000 0.000000
vn 0.000000 -1.000000 0.000000
vn 0.000000 -1.000000 0.000000
vn 0.000000 -1.000000 0.000000
vn 0.000000 -1.000000 0.000000
vn 0.000000 -1.000000 0.000000
vn 0.000000 -1.000000 0.000000
vn 0.000000 -1.000000 0.000000
vn 0.000000 -1.000000 0.000000
vn 0.000000 -1.000000 0.000000
vn 0.000000 -1.000000 0.000000
vn 0.000000 -1.000000 0.000000
vn 0.000000 -1.000000 0.000000
vn 0.000000 -1.000000 0.000000
vn 0.000000 -1.000000 0.000000
vn 0.000000 -1.000000 0.000000
vn 0.000000 -1.000000 0.000000
vn 0.000000 -1.000000 0.000000
vn 0.000000 -1.000000 0.000000
vn 0.000000 -1.000000 0.000000
vn 0.000000 -1.000000 0.000000
vn 0.000000 -1.000000 0.000000
vn 0.000000 -1.000000 0.000000
vn 0.000000 -1.000000 0.000000
vn 0.000000 1.000000 -0.000000
vn 0.000000 1.000000 -0.000000
vn 0.000000 1.000000 -0.000000
vn 0.000000 1.000000 -0.000000
vn 0.000000 1.000000 -0.000000
vn 0.000000 1.000000 -0.000000
vn 0.000000 1.000000 -0.000000
vn 0.000000 1.000000 -0.000000
vn 0.000000 1.000000 -0.000000
vn 0.000000 1.000000 -0.000000
vn 0.000000 1.000000 -0.000000
vn 0.000000 1.000000 -0.000000
vn 0.000000 1.000000 -0.000000
vn 0.000000 1.000000 -0.000000
vn 0.000000 1.000000 -0.000000
vn 0.000000 1.000000 -0.000000
vn 0.000000 1.000000 -0.000000
vn 0.000000 1.000000 -0.000000
vn 0.000000 1.000000 -0.000000
vn 0.000000 1.000000 -0.000000
vn 0.000000 1.000000 -0.000000
vn 0.000000 1.000000 -0.000000
vn 0.000000 1.000000 -0.000000
vn 0.000000 1.000000 -0.000000
vn 0.000000 1.000000 -0.000000
vn 0.000000 1.000000 -0.000000
vn 0.000000 1.000000 -0.000000
vn 0.000000 1.000000 -0.000000
vn 0.000000 1.000000 -0.000000
vn 0.000000 1.000000 -0.000000
vn 0.000000 1.000000 -0.000000
vn 0.000000 1.000000 -0.000000
vn 0.000000 1.000000 -0.000000
vn 0.000000 1.000000 -0.000000
vn 0.000000 1.000000 -0.000000
vn 0.000000 1.000000 -0.000000
vn 0.000000 0.000000 1.000000
vn 0.000000 0.000000 1.000000
vn 0.000000 0.000000 1.000000
vn 0.000000 0.000000 1.000000
vn 0.000000 0.000000 1.000000
vn 0.000000 0.000000 1.000000
vn 0.000000 0.000000 1.000000
vn 0.000000 0.000000 1.000000
vn 0.000000 0.000000 1.000000
vn 0.000000 0.000000 1.000000
vn 0.000000 0.000000 1.000000
vn 0.000000 0.000000 1.000000
vn 1.000000 0.000000 0.000000
vn 1.000000 0.000000 0.000000
vn 1.000000 0.000000 0.000000
vn 1.000000 0.000000 0.000000
vn 1.000000 0.000000 0.000000
vn 1.000000 0.000000 0.000000
vn 1.000000 0.000000 0.000000
vn 1.000000 0.000000 0.000000
vn 0.000000 1.000000 -0.000000
vn 0.000000 1.000000 -0.000000
vn 0.000000 1.000000 -0.000000
vn 0.000000 1.000000 -0.000000
vn 0.000000 1.000000 -0.000000
vn 0.000000 1.000000 -0.000000
vn 0.000000 1.000000 -0.000000
vn 0.000000 1.000000 -0.000000
vn 0.000000 1.000000 -0.000000
vn 0.000000 1.000000 -0.000000
vn 0.000000 1.000000 -0.000000
vn 0.000000 1.000000 -0.000000
vn 0.000000 1.000000 -0.000000
vn 0.000000 1.000000 -0.000000
vn 0.000000 1.000000 -0.000000
vn 0.000000 1.000000 -0.000000
vn 0.000000 1.000000 -0.000000
vn 0.000000 1.000000 -0.000000
vn 0.000000 1.000000 -0.000000
vn 0.000000 1.000000 -0.000000
vn 0.000000 1.000000 -0.000000
vn 0.000000 1.000000 -0.000000
vn 0.000000 1.000000 -0.000000
vn 0.000000 1.000000 -0.000000
vn 0.000000 1.000000 -0.000000
vn 0.000000 1.000000 -0.000000
vn 0.000000 1.000000 -0.000000
vn 0.000000 1.000000 -0.000000
vn 0.000000 1.000000 -0.000000
vn 0.000000 1.000000 -0.000000
vn 0.000000 1.000000 -0.000000
vn 0.000000 1.000000 -0.000000
vn 0.000000 1.000000 -0.000000
vn 0.000000 1.000000 -0.000000
vn 0.000000 1.000000 -0.000000
vn 0.000000 1.000000 -0.000000
vn 1.000000 0.000000 0.000000
vn 1.000000 0.000000 0.000000
vn 1.000000 0.000000 0.000000
vn 1.000000 0.000000 0.000000
vn 1.000000 0.000000 0.000000
vn 1.000000 0.000000 0.000000
vn 1.000000 0.000000 0.000000
vn 1.000000 0.000000 0.000000
vn 1.000000 0.000000 0.000000
vn 1.000000 0.000000 0.000000
vn 1.000000 0.000000 0.000000
vn 1.000000 0.000000 0.000000
vn 0.000000 -1.000000 0.000000
vn 0.000000 -1.000000 0.000000
vn 0.000000 -1.000000 0.000000
vn 0.000000 -1.000000 0.000000
vn 0.000000 -1.000000 0.000000
vn 0.000000 -1.000000 0.000000
vn 0.000000 -1.000000 0.000000
vn 0.000000 -1.000000 0.000000
vn 0.000000 -1.000000 0.000000
vn 0.000000 -1.000000 0.000000
vn 0.000000 -1.000000 0.000000
vn 0.000000 -1.000000 0.000000
vn 0.000000 -1.000000 0.000000
vn 0.000000 -1.000000 0.000000
vn 0.000000 -1.000000 0.000000
vn 0.000000 -1.000000 0.000000
vn 0.000000 -1.000000 0.000000
vn 0.000000 -1.000000 0.000000
vn 0.000000 -1.000000 0.000000
vn 0.000000 -1.000000 0.000000
vn 0.000000 -1.000000 0.000000
vn 0.000000 -1.000000 0.000000
vn 0.000000 -1.000000 0.000000
vn 0.000000 -1.000000 0.000000
vn 1.000000 0.000000 0.000000
vn 1.000000 0.000000 0.000000
vn 1.000000 0.000000 0.000000
vn 1.000000 0.000000 0.000000
vn 1.000000 0.000000 0.000000
vn 1.000000 0.000000 0.000000
vn 1.000000 0.000000 0.000000
vn 1.000000 0.000000 0.000000
vn 1.000000 0.000000 0.000000
vn 1.000000 0.000000 0.000000
vn 1.000000 0.000000 0.000000
vn 1.000000 0.000000 0.000000
vn 0.000000 1.000000 -0.000000
vn 0.000000 1.000000 -0.000000
vn 0.000000 1.000000 -0.000000
vn 0.000000 1.000000 -0.000000
vn 0.000000 1.000000 -0.000000
vn 0.000000 1.000000 -0.000000
vn 0.000000 1.000000 -0.000000
vn 0.000000 1.000000 -0.000000
vn 0.000000 1.000000 -0.000000
vn 0.000000 1.000000 -0.000000
vn 0.000000 1.000000 -0.000000
vn 0.000000 1.000000 -0.000000
vn 1.000000 0.000000 0.000000
vn 1.000000 0.000000 0.000000
vn 1.000000 0.000000 0.000000
vn 1.000000 0.000000 0.000000
vn 1.000000 0.000000 0.000000
vn 1.000000 0.000000 0.000000
vn 1.000000 0.000000 0.000000
vn 1.000000 0.000000 0.000000
vn 1.000000 0.000000 0.000000
vn 1.000000 0.000000 0.000000
vn 1.000000 0.000000 0.000000
vn 1.000000 0.000000 0.000000
vn 0.000000 0.000000 1.000000
vn 0.000000 0.000000 1.000000
vn 0.000000 0.000000 1.000000
vn 0.000000 0.000000 1.000000
vn 0.000000 0.000000 1.000000
vn 0.000000 0.000000 1.000000
vn 0.000000 0.000000 1.000000
vn 0.000000 0.000000 1.000000
vn 0.000000 0.000000 1.000000
vn 0.000000 0.000000 1.000000
vn 0.000000 0.000000 1.000000
vn 0.000000 0.000000 1.000000
vn 0.000000 1.000000 -0.000000
vn 0.000000 1.000000 -0.000000
vn 0.000000 1.000000 -0.000000
vn 0.000000 1.000000 -0.000000
vn 0.000000 1.000000 -0.000000
vn 0.000000 1.000000 -0.000000
vn 0.000000 1.000000 -0.000000
vn 0.000000 1.000000 -0.000000
vn 0.000000 1.000000 -0.000000
vn 0.000000 1.000000 -0.000000
vn 0.000000 1.000000 -0.000000
vn 0.000000 1.000000 -0.000000
vn 1.000000 0.000000 0.000000
vn 1.000000 0.000000 0.000000
vn 1.000000 0.000000 0.000000
vn 1.000000 0.000000 0.000000
vn 1.000000 0.000000 0.000000
vn 1.000000 0.000000 0.000000
vn 1.000000 0.000000 0.000000
vn 1.000000 0.000000 0.000000
vn 1.000000 0.000000 0.000000
vn 1.000000 0.000000 0.000000
vn 1.000000 0.000000 0.000000
vn 1.000000 0.000000 0.000000
vn 0.000000 -1.000000 0.000000
vn 0.000000 -1.000000 0.000000
vn 0.000000 -1.000000 0.000000
vn 0.000000 -1.000000 0.000000
vn 0.000000 -1.000000 0.000000
vn 0.000000 -1.000000 0.000000
vn 0.000000 -1.000000 0.000000
vn 0.000000 -1.000000 0.000000
vn 0.000000 -1.000000 0.000000
vn 0.000000 -1.000000 0.000000
vn 0.000000 -1.000000 0.000000
vn 0.000000 -1.000000 0.000000
vn 1.000000 0.000000 0.000000
vn 1.000000 0.000000 0.000000
vn 1.000000 0.000000 0.000000
vn 1.000000 0.000000 0.000000
vn 1.000000 0.000000 0.000000
vn 1.000000 0.000000 0.000000
vn 1.000000 0.000000 0.000000
vn 1.000000 0.000000 0.000000
vn 1.000000 0.000000 0.000000
vn 1.000000 0.000000 0.000000
vn 1.000000 0.000000 0.000000
vn 1.000000 0.000000 0.000000
vn 0.000000 1.000000 -0.000000
vn 0.000000 1.000000 -0.000000
vn 0.000000 1.000000 -0.000000
vn 0.000000 1.000000 -0.000000
vn 0.000000 1.000000 -0.000000
vn 0.000000 1.000000 -0.000000
vn 0.000000 1.000000 -0.000000
vn 0.000000 1.000000 -0.000000
vn 0.000000 1.000000 -0.000000
vn 0.000000 1.000000 -0.000000
vn 0.000000 1.000000 -0.000000
vn 0.000000 1.000000 -0.000000
vn 1.000000 0.000000 0.000000
vn 1.000000 0.000000 0.000000
vn 1.000000 0.000000 0.000000
vn 1.000000 0.000000 0.000000
vn 1.000000 0.000000 0.000000
vn 1.000000 0.000000 0.000000
vn 1.000000 0.000000 0.000000
vn 1.000000 0.000000 0.000000
vn 1.000000 0.000000 0.000000
vn 1.000000 0.000000 0.000000
vn 1.000000 0.000000 0.000000
vn 1.000000 0.000000 0.000000
vn 0.000000 1.000000 -0.000000
vn 0.000000 1.000000 -0.000000
vn 0.000000 1.000000 -0.000000
vn 0.000000 1.000000 -0.000000
vn 0.000000 1.000000 -0.000000
vn 0.000000 1.000000 -0.000000
vn 0.000000 1.000000 -0.000000
vn 0.000000 1.000000 -0.000000
vn 0.000000 1.000000 -0.000000
vn 0.000000 1.000000 -0.000000
vn 0.000000 1.000000 -0.000000
vn 0.000000 1.000000 -0.000000
vn 1.000000 0.000000 0.000000
vn 1.000000 0.000000 0.000000
vn 1.000000 0.000000 0.000000
vn 1.000000 0.000000 0.000000
vn 1.000000 0.000000 0.000000
vn 1.000000 0.000000 0.000000
vn 1.000000 0.000000 0.000000
vn 1.000000 0.000000 0.000000
vn 1.000000 0.000000 0.000000
vn 1.000000 0.000000 0.000000
vn 1.000000 0.000000 0.000000
vn 1.000000 0.000000 0.000000
vn 0.000000 1.000000 -0.000000
vn 0.000000 1.000000 -0.000000
vn 0.000000 1.000000 -0.000000
vn 0.000000 1.000000 -0.000000
vn 0.000000 1.000000 -0.000000
vn 0.000000 1.000000 -0.000000
vn 0.000000 1.000000 -0.000000
vn 0.000000 1.000000 -0.000000
vn 0.000000 1.000000 -0.000000
vn 0.000000 1.000000 -0.000000
vn 0.000000 1.000000 -0.000000
vn 0.000000 1.000000 -0.000000
vn 0.000000 1.000000 -0.000000
vn 0.000000 1.000000 -0.000000
vn 0.000000 1.000000 -0.000000
vn 0.000000 1.000000 -0.000000
vn 0.000000 1.000000 -0.000000
vn 1.000000 0.000000 0.000000
vn 1.000000 0.000000 0.000000
vn 1.000000 0.000000 0.000000
vn 1.000000 0.000000 0.000000
vn 1.000000 0.000000 0.000000
vn 1.000000 0.000000 0.000000
vn 1.000000 0.000000 0.000000
vn 1.000000 0.000000 0.000000
vn 1.000000 0.000000 0.000000
vn 1.000000 0.000000 0.000000
vn 1.000000 0.000000 0.000000
vn 1.000000 0.000000 0.000000
vn 1.000000 0.000000 0.000000
vn 1.000000 0.000000 0.000000
vn 1.000000 0.000000 0.000000
vn 1.000000 0.000000 0.000000
vn 1.000000 0.000000 0.000000
vn 1.000000 0.000000 0.000000
vn 1.000000 0.000000 0.000000
vn 1.000000 0.000000 0.000000
vn 1.000000 0.000000 0.000000
vn 1.000000 0.000000 0.000000
vn 1.000000 0.000000 0.000000
vn 1.000000 0.000000 0.000000
vn 1.000000 0.000000 0.000000
vn 1.000000 0.000000 0.000000
vn 1.000000 0.000000 0.000000
vn 1.000000 0.000000 0.000000
vn 1.000000 0.000000 0.000000
vn 1.000000 0.000000 0.000000
vn 1.000000 0.000000 0.000000
vn 1.000000 0.000000 0.000000
vn 1.000000 0.000000 0.000000
vn 1.000000 0.000000 0.000000
vn 1.000000 0.000000 0.000000
vn 1.000000 0.000000 0.000000
vn 1.000000 0.000000 0.000000
vn 1.000000 0.000000 0.000000
vn 1.000000 0.000000 0.000000
vn 0.000000 0.000000 1.000000
vn 0.000000 0.000000 1.000000
vn 0.000000 0.000000 1.000000
vn 0.000000 0.000000 1.000000
vn 0.000000 0.000000 1.000000
vn 1.000000 0.000000 0.000000
vn 1.000000 0.000000 0.000000
vn 1.000000 0.000000 0.000000
vn 1.000000 0.000000 0.000000
vn 1.000000 0.000000 0.000000
vn 1.000000 0.000000 0.000000
vn 1.000000 0.000000 0.000000
vn 1.000000 0.000000 0.000000
vn 1.000000 0.000000 0.000000
vn 1.000000 0.000000 0.000000
vn 1.000000 0.000000 0.000000
vn 1.000000 0.000000 0.000000
vn 1.000000 0.000000 0.000000
vn 0.000000 -1.000000 0.000000
vn 0.000000 -1.000000 0.000000
vn 0.000000 -1.000000 0.000000
vn 0.000000 -1.000000 0.000000
vn 1.000000 0.000000 0.000000
vn 1.000000 0.000000 0.000000
vn 1.000000 0.000000 0.000000
vn 1.000000 0.000000 0.000000
vn 0.000000 1.000000 -0.000000
vn 0.000000 1.000000 -0.000000
vn 0.000000 1.000000 -0.000000
vn 0.000000 1.000000 -0.000000
vn 1.000000 0.000000 0.000000
vn 1.000000 0.000000 0.000000
vn 1.000000 0.000000 0.000000
vn 1.000000 0.000000 0.000000
vn 1.000000 0.000000 0.000000
vn 1.000000 0.000000 0.000000
vn 1.000000 0.000000 0.000000
vn 1.000000 0.000000 0.000000
vn 1.000000 0.000000 0.000000
vn 1.000000 0.000000 0.000000
vn 1.000000 0.000000 0.000000
vn 1.000000 0.000000 0.000000
vn 1.000000 0.000000 0.000000
vn 1.000000 0.000000 0.000000
vn 1.000000 0.000000 0.000000
vn 1.000000 0.000000 0.000000
vn 1.000000 0.000000 0.000000
vn 1.000000 0.000000 0.000000
vn 1.000000 0.000000 0.000000
vn 1.000000 0.000000 0.000000
vn 1.000000 0.000000 0.000000
vn 1.000000 0.000000 0.000000
vn 1.000000 0.000000 0.000000
vn 0.000000 0.000000 1.000000
vn 0.000000 0.000000 1.000000
vn 0.000000 0.000000 1.000000
vn 0.000000 0.000000 1.000000
vn 0.000000 0.000000 1.000000
vn 1.000000 0.000000 0.000000
vn 1.000000 0.000000 0.000000
vn 1.000000 0.000000 0.000000
vn 1.000000 0.000000 0.000000
vn 1.000000 0.000000 0.000000
vn 1.000000 0.000000 0.000000
vn 1.000000 0.000000 0.000000
vn 1.000000 0.000000 0.000000
vn 0.000000 -1.000000 0.000000
vn 0.000000 -1.000000 0.000000
vn 0.000000 -1.000000 0.000000
vn 0.000000 -1.000000 0.000000
vn 1.000000 0.000000 0.000000
vn 1.000000 0.000000 0.000000
vn 1.000000 0.000000 0.000000
vn 1.000000 0.000000 0.000000
vn 1.000000 0.000000 0.000000
vn 1.000000 0.000000 0.000000
vn 1.000000 0.000000 0.000000
vn 1.000000 0.000000 0.000000
vn 1.000000 0.000000 0.000000
vn 0.000000 -1.000000 0.000000
vn 0.000000 -1.000000 0.000000
vn 0.000000 -1.000000 0.000000
vn 0.000000 -1.000000 0.000000
vn 1.000000 0.000000 0.000000
vn 1.000000 0.000000 0.000000
vn 1.000000 0.000000 0.000000
vn 1.000000 0.000000 0.000000
vn 1.000000 0.000000 0.000000
vn 1.000000 0.000000 0.000000
vn 1.000000 0.000000 0.000000
vn 1.000000 0.000000 0.000000
vn 1.000000 0.000000 0.000000
vn 1.000000 0.000000 0.000000
vn 1.000000 0.000000 0.000000
vn 1.000000 0.000000 0.000000
vn 1.000000 0.000000 0.000000
vn 1.000000 0.000000 0.000000
vn 1.000000 0.000000 0.000000
vn 1.000000 0.000000 0.000000
vn 1.000000 0.000000 0.000000
vn 1.000000 0.000000 0.000000
vn 1.000000 0.000000 0.000000
vn 1.000000 0.000000 0.000000
vn 1.000000 0.000000 0.000000
vn 1.000000 0.000000 0.000000
vn 1.000000 0.000000 0.000000
vn 1.000000 0.000000 0.000000
vn 1.000000 0.000000 0.000000
vn 1.000000 0.000000 0.000000
vn 1.000000 0.000000 0.000000
vn 0.000000 0.000000 1.000000
vn 0.000000 0.000000 1.000000
vn 0.000000 0.000000 1.000000
vn 0.000000 0.000000 1.000000
vn 1.000000 0.000000 0.000000
vn 1.000000 0.000000 0.000000
vn 1.000000 0.000000 0.000000
vn 0.000000 -1.000000 0.000000
vn 0.000000 -1.000000 0.000000
vn 0.000000 -1.000000 0.000000
vn 0.000000 -1.000000 0.000000
vn 1.000000 0.000000 0.000000
vn 1.000000 0.000000 0.000000
vn 1.000000 0.000000 0.000000
vn 1.000000 0.000000 0.000000
vn 1.000000 0.000000 0.000000
vn 1.000000 0.000000 0.000000
vn 1.000000 0.000000 0.000000
vn 1.000000 0.000000 0.000000
vn 0.000000 0.000000 1.000000
vn 0.000000 0.000000 1.000000
vn 0.000000 0.000000 1.000000
vn 0.000000 0.000000 1.000000
vn 0.000000 -1.000000 0.000000
vn 0.000000 -1.000000 0.000000
vn 0.000000 -1.000000 0.000000
vn 0.000000 -1.000000 0.000000
vn 1.000000 0.000000 0.000000
vn 1.000000 0.000000 0.000000
vn 1.000000 0.000000 0.000000
vn 1.000000 0.000000 0.000000
vn 1.000000 0.000000 0.000000
vn 1.000000 0.000000 0.000000
vn 1.000000 0.000000 0.000000
vn 1.000000 0.000000 0.000000
vn 1.000000 0.000000 0.000000
vn 1.000000 0.000000 0.000000
vn 1.000000 0.000000 0.000000
vn 1.000000 0.000000 0.000000
vn 1.000000 0.000000 0.000000
vn 1.000000 0.000000 0.000000
vn 1.000000 0.000000 0.000000
vn 1.000000 0.000000 0.000000
vn 1.000000 0.000000 0.000000
vn 1.000000 0.000000 0.000000
vn 1.000000 0.000000 0.000000
vn 1.000000 0.000000 0.000000
vn 0.000000 -1.000000 0.000000
vn 0.000000 -1.000000 0.000000
vn 0.000000 -1.000000 0.000000
vn 0.000000 -1.000000 0.000000
vn 1.000000 0.000000 0.000000
vn 1.000000 0.000000 0.000000
vn 1.000000 0.000000 0.000000
vn 1.000000 0.000000 0.000000
vn 1.000000 0.000000 0.000000
vn 1.000000 0.000000 0.000000
vn 1.000000 0.000000 0.000000
vn 1.000000 0.000000 0.000000
vn 1.000000 0.000000 0.000000
vn 1.000000 0.000000 0.000000
vn 1.000000 0.000000 0.000000
vn 1.000000 0.000000 0.000000
vn 1.000000 0.000000 0.000000
vn 0.000000 -1.000000 0.000000
vn 0.000000 -1.000000 0.000000
vn 0.000000 -1.000000 0.000000
vn 0.000000 -1.000000 0.000000
vn 1.000000 0.000000 0.000000
vn 1.000000 0.000000 0.000000
vn 1.000000 0.000000 0.000000
vn 1.000000 0.000000 0.000000
vn 0.000000 -1.000000 0.000000
vn 0.000000 -1.000000 0.000000
vn 0.000000 -1.000000 0.000000
vn 0.000000 -1.000000 0.000000
vn 1.000000 0.000000 0.000000
vn 1.000000 0.000000 0.000000
vn 1.000000 0.000000 0.000000
vn 1.000000 0.000000 0.000000
vn 1.000000 0.000000 0.000000
vn 1.000000 0.000000 0.000000
vn 1.000000 0.000000 0.000000
vn 1.000000 0.000000 0.000000
vn 1.000000 0.000000 0.000000
vn 0.000000 1.000000 -0.000000
vn 0.000000 1.000000 -0.000000
vn 0.000000 1.000000 -0.000000
vn 0.000000 1.000000 -0.000000
vn 0.000000 0.050508 -0.998724
vn 0.000000 0.050508 -0.998724
vn 0.000000 0.000122 -1.000000
vn 0.000000 0.000122 -1.000000
vn -0.000061 0.050569 -0.998721
vn 0.000061 0.000091 -1.000000
vn -0.000031 0.000122 -1.000000
vn -0.000061 0.050539 -0.998722
vn 0.000000 0.050569 0.998721
vn 0.000000 0.000122 1.000000
vn 0.000061 0.000122 1.000000
vn 0.000031 0.050569 0.998721
vn -0.000153 0.050600 0.998719
vn -0.000092 0.050569 0.998720
vn -0.000092 0.000122 1.000000
vn -0.000061 0.000092 1.000000
s off
g Arch_Door_LFBXASC046004
usemtl Arch_Door_LSG
f 1265/777/1 1256/836/2 1254/263/3 1252/1684/4
f 80/31/5 1355/594/6 1255/1120/7 79/312/8
f 1841/695/9 1356/309/10 4/1013/11 20/400/12
f 1293/1630/13 1259/279/14 5/1879/15 81/1664/16
f 1294/1338/17 1267/1358/18 1263/1435/19 1261/853/20
f 83/243/21 1262/564/22 7/456/23 78/1451/24
f 1288/1613/25 1264/1140/26 1253/545/27 1287/1894/28
f 1283/739/29 1268/1065/30 1270/1648/31 1272/227/32
f 1276/1377/33 86/524/34 1271/508/35 1277/245/36
f 1844/986/37 29/1576/38 64/632/39 43/382/40
f 1303/1284/41 88/1099/42 1840/1058/43 1305/1859/44
f 1295/209/45 1279/817/46 1281/173/47 1285/1320/48
f 90/1682/49 85/815/50 14/1897/51 1280/526/52
f 1292/758/53 1291/1047/54 1269/1930/55 1282/1877/56
f 88/1099/57 1839/1351/58 1838/483/59 81/1664/60
f 30/1287/61 63/923/62 1260/1987/63 21/1268/64
f 64/632/65 29/1576/66 20/400/67 4/1013/68
f 1280/526/69 14/1897/70 25/418/71 1284/453/72
f 9/1032/73 32/1862/74 33/1505/75 13/194/76
f 1304/992/77 63/923/78 30/1287/79 1306/1573/80
f 1277/245/81 1271/508/82 1289/471/83 1290/191/84
f 15/761/85 31/157/86 26/139/87 12/1323/88
f 1262/564/89 1266/490/90 16/474/91 7/456/92
f 1/723/93 6/1596/94 24/1558/95 23/1844/96
f 1258/1415/97 1257/1704/98 21/1268/99 1260/1987/100
f 1355/595/101 18/1826/102 1286/1029/103 1255/1121/104
f 8/176/105 3/1305/106 17/121/107 22/977/108
f 1840/1058/109 88/1099/110 81/1664/111 5/1879/112
f 1282/1877/113 1269/1930/114 89/1965/115 91/543/116
f 1301/701/117 1839/1351/118 88/1099/119 1303/1284/120
f 25/418/121 14/1897/122 85/815/123 92/261/124
f 1264/1141/125 84/1946/126 82/1375/127 1253/546/128
f 56/329/129 1293/1630/130 81/1664/131 1838/483/132
f 16/474/133 93/1118/134 78/1451/135 7/456/136
f 1278/1948/137 1296/1911/138 1298/1265/139 87/1395/140
f 1274/797/141 100/1336/142 1317/100/143 1273/1083/144
f 87/1395/145 1298/1265/146 1361/1096/147 1275/1666/148
f 27/995/149 1299/136/150 1297/1555/151 10/742/152
f 1374/792/153 1308/665/154 1310/720/155 1328/683/156
f 1321/1247/157 44/103/158 1846/1567/159 1330/46/160
f 1328/683/161 1310/720/162 1311/1593/163 1322/956/164
f 1323/1823/165 1313/937/166 1309/1010/167 116/718/168
f 1377/484/169 1315/1519/170 1300/1841/171 49/888/172
f 1329/326/173 1847/428/174 1307/435/175 50/598/176
f 1360/1463/177 96/1413/178 101/207/179 41/1808/180
f 1364/1391/181 1319/664/182 1318/1805/183 1362/810/184
f 1316/1226/185 1360/1463/186 41/1808/187 34/1212/188
f 102/1909/189 36/1790/190 1302/416/191 98/756/192
f 99/1628/193 1312/1302/194 37/649/195 38/364/196
f 1312/1302/197 102/1909/198 98/756/199 37/649/200
f 36/1790/201 1314/646/202 1845/1853/203 1302/416/204
f 1320/379/205 1842/410/206 110/225/207 35/85/208
f 39/1229/209 1324/1537/210 48/1250/211 97/1045/212
f 40/940/213 1376/849/214 1357/1171/215 1359/1752/216
f 1848/148/217 1380/772/218 1366/1962/219 1368/540/220
f 1365/258/221 1325/397/222 1326/118/223 1363/1680/224
f 95/1702/225 1327/974/226 1843/1278/227 42/1522/228
f 1370/1115/229 1372/1699/230 1850/714/231 1849/1004/232
f 45/959/233 104/487/234 114/152/235 111/1081/236
f 103/775/237 105/1356/238 52/1174/239 1375/1134/240
f 107/1928/241 1371/1982/242 53/49/243 113/433/244
f 1373/559/245 106/1063/246 115/1008/247 54/1755/248
f 1371/1982/249 47/1540/250 112/795/251 53/49/252
f 46/668/253 1373/559/254 54/1755/255 51/1466/256
f 1265/777/257 1331/902/258 1333/1484/259 1256/836/260
f 80/31/261 79/312/262 1334/1189/263 2/438/264
f 1294/1338/265 1335/64/266 1337/629/267 1267/1358/268
f 83/243/269 78/1451/270 59/1773/271 1336/1770/272
f 1351/1448/273 1350/577/274 1332/611/275 1338/344/276
f 1283/739/277 1272/227/278 1342/1502/279 1340/920/280
f 1276/1377/281 11/1615/282 1343/361/283 86/524/284
f 1295/209/285 1285/1320/286 1346/1430/287 1344/82/288
f 90/1682/289 1345/1717/290 66/1985/291 85/815/292
f 1354/1735/293 1347/292/294 1341/1787/295 1353/28/296
f 1345/1717/297 1348/10/298 73/580/299 66/1985/300
f 61/347/301 65/277/302 77/1738/303 76/869/304
f 11/1615/305 28/704/306 1352/1154/307 1343/361/308
f 67/851/309 62/68/310 74/295/311 75/1157/312
f 1336/1770/313 59/1773/314 68/562/315 1339/1209/316
f 55/615/317 71/13/318 72/1720/319 58/905/320
f 2/439/321 1334/1190/322 1349/866/323 19/686/324
f 60/1487/325 70/1138/326 69/1433/327 57/1193/328
f 1347/292/329 91/543/330 89/1965/331 1341/1787/332
f 73/580/333 92/261/334 85/815/335 66/1985/336
f 1338/345/337 1332/612/338 82/1375/339 84/1946/340
f 68/562/341 59/1773/342 78/1451/343 93/1118/344
f 1364/1392/345 1362/811/346 101/207/347 96/1413/348
f 1365/258/349 94/834/350 1358/884/351 1325/397/352
f 1378/204/353 1369/1410/354 1367/831/355 1379/1059/356
f 108/1646/357 1378/204/358 1379/1059/359 109/506/360
f 107/1928/361 113/433/362 114/153/363 104/488/364
f 103/776/365 1375/1135/366 115/1008/367 106/1063/368
f 1394/1586/369 1381/1642/370 1383/222/371 1385/791/372
f 1386/503/373 190/1152/374 1384/1924/375 1387/1371/376
f 1413/411/377 135/1553/378 120/1875/379 1388/1078/380
f 1420/1854/381 1390/1661/382 1392/240/383 1396/168/384
f 194/1076/385 189/1446/386 122/451/387 1391/521/388
f 1415/987/389 1414/131/390 1382/1352/391 1393/1872/392
f 1409/1260/393 1401/186/394 1399/1608/395 1397/1025/396
f 1402/1889/397 1403/752/398 1400/1315/399 197/519/400
f 1488/554/401 1486/1976/402 174/1768/403 143/1857/404
f 1428/933/405 1425/642/406 173/62/407 199/1094/408
f 1423/1297/409 1411/1836/410 1407/1907/411 1405/1333/412
f 201/1678/413 1406/1042/414 129/1821/415 196/1659/416
f 1419/149/417 1408/1625/418 1398/734/419 1418/1279/420
f 199/1094/421 192/1733/422 1389/1943/423 1485/269/424
f 144/1571/425 136/1263/426 167/324/427 1471/1460/428
f 174/1768/429 120/1875/430 135/1553/431 143/1857/432
f 1406/1042/433 1410/969/434 140/414/435 129/1821/436
f 124/1027/437 128/189/438 147/1785/439 146/918/440
f 1424/1005/441 1426/357/442 144/1571/443 1471/1460/444
f 1403/752/445 1417/1568/446 1416/696/447 1400/1315/448
f 130/1535/449 127/469/450 141/1282/451 145/1207/452
f 1391/521/453 122/451/454 131/395/455 1395/448/456
f 117/1591/457 138/1839/458 139/699/459 121/737/460
f 1455/78/461 167/324/462 136/1263/463 1851/1585/464
f 1387/1372/465 1384/1925/466 1412/1550/467 133/972/468
f 123/1318/469 137/134/470 132/116/471 119/171/472
f 1408/1625/473 202/1389/474 200/808/475 1398/734/476
f 140/414/477 203/256/478 196/1659/479 129/1821/480
f 1393/1873/481 1382/1353/482 193/1369/483 195/1941/484
f 118/1300/485 1389/1943/486 192/1733/487 191/26/488
f 131/395/489 122/451/490 189/1446/491 204/1960/492
f 1404/466/493 198/238/494 1480/253/495 1482/826/496
f 1422/429/497 185/290/498 1854/1871/499 214/1623/500
f 198/238/501 1421/715/502 1478/1675/503 1480/253/504
f 142/990/505 125/1892/506 1481/1110/507 1483/1693/508
f 1437/113/509 1446/898/510 1855/733/511 153/1517/512
f 1442/1748/513 1438/1818/514 1435/1532/515 1434/659/516
f 1858/1799/517 1498/217/518 1494/1054/519 1496/1637/520
f 228/427/521 156/1803/522 1484/1405/523 1433/951/524
f 1445/1185/525 157/662/526 1427/1222/527 1856/447/528
f 1429/1800/529 216/202/530 215/482/531 207/1408/532
f 1491/766/533 1479/534/534 149/359/535 1492/479/536
f 1432/95/537 206/538/538 216/202/539 1429/1800/540
f 211/1331/541 151/935/542 150/80/543 1436/1242/544
f 1436/1242/545 150/80/546 210/464/547 217/1057/548
f 1493/1346/549 1853/167/550 158/377/551 1443/607/552
f 1497/498/553 1489/199/554 155/98/555 1857/94/556
f 152/644/557 1430/1515/558 1505/1581/559 1506/1292/560
f 1859/658/561 1448/1479/562 1512/1019/563 1513/1884/564
f 1431/374/565 1490/1902/566 1440/392/567 1439/678/568
f 205/829/569 213/1905/570 1444/322/571 1441/42/572
f 148/1500/573 1431/374/574 1439/678/575 1504/1938/576
f 1447/1766/577 1449/339/578 1510/443/579 1511/1310/580
f 223/789/581 1507/163/582 230/1003/583 154/1224/584
f 219/1640/585 232/1584/586 161/592/587 222/1922/588
f 225/147/589 229/1295/590 162/307/591 1501/1656/592
f 1503/235/593 163/1169/594 231/1870/595 224/501/596
f 1501/1656/597 162/307/598 159/1245/599 221/220/600
f 220/1350/601 160/954/602 163/1169/603 1503/235/604
f 154/1224/605 230/1003/606 229/1295/607 225/147/608
f 1394/1586/609 1385/791/610 1452/625/611 1450/59/612
f 1386/503/613 1454/1204/614 1453/1497/615 190/1152/616
f 1420/1854/617 1396/168/618 1459/5/619 1457/1424/620
f 194/1076/621 1458/1129/622 169/900/623 189/1446/624
f 1474/516/625 1460/1712/626 1451/915/627 1473/805/628
f 1409/1260/629 1462/287/630 1464/861/631 1401/186/632
f 1402/1889/633 197/519/634 1465/1730/635 126/1611/636
f 1428/933/637 199/1094/638 1485/270/639 1487/844/640
f 1423/1297/641 1466/1443/642 1468/23/643 1411/1836/644
f 201/1678/645 196/1659/646 176/342/647 1467/305/648
f 1477/1957/649 1476/1091/650 1463/1149/651 1469/880/652
f 199/1094/653 173/63/654 1456/1783/655 192/1733/656
f 1467/305/657 176/342/658 183/1715/659 1470/590/660
f 171/1482/661 187/864/662 188/575/663 175/627/664
f 126/1611/665 1465/1730/666 1475/1386/667 1852/1296/668
f 177/1980/669 186/8/670 184/1428/671 172/1187/672
f 1458/1129/673 1461/572/674 178/1697/675 169/900/676
f 164/882/677 168/44/678 182/847/679 181/1132/680
f 1454/1205/681 134/681/682 1472/1167/683 1453/1498/684
f 170/609/685 166/1461/686 179/557/687 180/273/688
f 1469/880/689 1463/1149/690 200/808/691 202/1389/692
f 183/1715/693 176/342/694 196/1659/695 203/256/696
f 1460/1713/697 195/1941/698 193/1369/699 1451/916/700
f 165/1750/701 191/26/702 192/1733/703 1456/1783/704
f 178/1697/705 204/1960/706 189/1446/707 169/900/708
f 1442/1748/709 1434/659/710 1495/1919/711 1499/1073/712
f 1491/767/713 207/1408/714 215/482/715 1479/535/716
f 212/1040/717 218/770/718 208/1113/719 209/750/720
f 218/770/721 217/1057/722 210/464/723 208/1113/724
f 1508/1867/725 1509/729/726 1502/1366/727 1500/786/728
f 226/1852/729 227/713/730 1510/443/731 1449/339/732
f 219/1641/733 224/501/734 231/1870/735 232/1587/736
f 275/878/737 334/1635/738 333/1917/739 276/588/740
f 1515/461/741 242/1240/742 1533/424/743 1523/1545/744
f 1523/1545/745 1533/424/746 1532/1563/747 1522/673/748
f 1522/673/749 1532/1563/750 1531/1849/751 1521/964/752
f 245/676/753 1529/1274/754 312/514/755 313/1384/756
f 1521/964/757 1531/1849/758 1530/982/759 1520/1328/760
f 250/1548/761 1525/126/762 316/1673/763 308/1364/764
f 1520/1328/765 1530/982/766 246/390/767 1519/1620/768
f 1572/1419/769 1571/1707/770 315/1955/771 347/727/772
f 1519/1620/773 246/390/774 1528/406/775 1518/747/776
f 1518/747/777 1528/406/778 244/1816/779 1517/1037/780
f 1526/1831/781 1527/691/782 314/1089/783 456/994/784
f 1517/1037/785 244/1816/786 380/1215/787 1516/181/788
f 248/967/789 249/1834/790 309/233/791 310/1936/792
f 1529/1274/793 247/1258/794 311/803/795 312/514/796
f 1527/691/797 245/676/798 313/1384/799 314/1089/800
f 249/1834/801 250/1548/802 308/1364/803 309/233/804
f 276/588/805 333/1917/806 332/1053/807 277/1458/808
f 277/1458/809 332/1053/810 331/1344/811 278/1165/812
f 278/1165/813 331/1344/814 330/478/815 279/40/816
f 279/40/817 330/478/818 328/1901/819 280/1746/820
f 270/93/821 1570/839/822 1569/1124/823 243/111/824
f 247/1258/825 248/967/826 310/1936/827 311/803/828
f 280/1746/829 328/1901/830 329/765/831 288/57/832
f 274/21/833 1548/945/834 334/1635/835 275/878/836
f 269/372/837 1537/352/838 1538/73/839 234/166/840
f 235/1023/841 1539/928/842 1540/637/843 236/732/844
f 241/1530/845 1541/1510/846 1542/1216/847 233/446/848
f 240/1887/849 1543/90/850 1541/1510/851 241/1530/852
f 239/184/853 1544/1795/854 1543/90/855 240/1887/856
f 238/1313/857 1545/654/858 1544/1795/859 239/184/860
f 237/1606/861 1546/369/862 1545/654/863 238/1313/864
f 236/732/865 1540/637/866 1546/369/867 237/1606/868
f 1547/1237/869 1539/928/870 235/1023/871 370/333/872
f 1555/317/873 1556/36/874 258/623/875 271/949/876
f 1536/709/877 252/129/878 262/1781/879 261/76/880
f 257/913/881 1574/1990/882 259/1495/883 263/640/884
f 256/1277/885 257/913/886 263/640/887 264/355/888
f 255/1566/889 256/1277/890 264/355/891 265/1220/892
f 254/694/893 255/1566/894 265/1220/895 266/931/896
f 253/985/897 254/694/898 266/931/899 267/1798/900
f 252/129/901 253/985/902 267/1798/903 262/1781/904
f 397/1472/905 1536/709/906 261/76/907 406/264/908
f 1563/620/909 1564/334/910 1568/1492/911 422/1650/912
f 1536/710/913 397/1473/914 408/838/915 1565/1198/916
f 1534/144/917 1535/1000/918 268/1513/919 281/605/920
f 1575/856/921 1555/317/922 271/949/923 1573/282/924
f 283/1183/925 285/1764/926 1537/352/927 269/372/928
f 1514/1602/929 1570/839/930 270/93/931 284/896/932
f 282/320/933 348/442/934 327/198/935 273/303/936
f 1524/1255/937 1572/1419/938 347/727/939 363/125/940
f 288/57/941 329/765/942 364/1830/943 286/1477/944
f 289/1691/945 286/1477/946 282/320/947 272/657/948
f 286/1477/949 364/1830/950 348/442/951 282/320/952
f 1550/1527/953 1534/144/954 281/605/955 1552/108/956
f 272/657/957 282/320/958 273/303/959 260/1202/960
f 251/409/961 274/21/962 275/878/963 1557/893/964
f 1559/1474/965 280/1746/966 288/57/967 287/337/968
f 1558/602/969 279/40/970 280/1746/971 1559/1474/972
f 1560/1180/973 278/1165/974 279/40/975 1558/602/976
f 1561/54/977 277/1458/978 278/1165/979 1560/1180/980
f 1562/1761/981 276/588/982 277/1458/983 1561/54/984
f 1557/893/985 275/878/986 276/588/987 1562/1761/988
f 1525/126/989 1524/1255/990 363/125/991 316/1673/992
f 242/1240/993 1515/461/994 1514/1602/995 284/896/996
f 343/1580/997 1563/620/998 422/1650/999 1567/1778/1000
f 233/446/1001 1542/1216/1002 285/1764/1003 283/1183/1004
f 1574/1990/1005 1575/856/1006 1573/282/1007 259/1495/1008
f 353/1236/1009 354/944/1010 333/1917/1011 334/1635/1012
f 1577/1438/1013 1585/511/1014 1595/1400/1015 299/570/1016
f 1585/511/1017 1584/874/1018 1594/529/1019 1595/1400/1020
f 1584/874/1021 1583/1162/1022 1593/821/1023 1594/529/1024
f 302/859/1025 313/1384/1026 312/514/1027 1591/248/1028
f 1583/1162/1029 1582/300/1030 1592/1952/1031 1593/821/1032
f 307/1654/1033 308/1364/1034 316/1673/1035 1587/1086/1036
f 1582/300/1037 1581/585/1038 303/1728/1039 1592/1952/1040
f 1625/1597/1041 347/727/1042 315/1955/1043 1624/724/1044
f 1581/585/1045 1580/1725/1046 1590/1381/1047 303/1728/1048
f 1580/1725/1049 1579/18/1050 301/1147/1051 1590/1381/1052
f 1588/800/1053 456/994/1054 314/1089/1055 1589/1670/1056
f 1579/18/1057 1578/1144/1058 441/473/1059 301/1147/1060
f 305/1071/1061 310/1936/1062 309/233/1063 306/784/1064
f 1591/248/1065 312/514/1066 311/803/1067 304/1441/1068
f 1589/1670/1069 314/1089/1070 313/1384/1071 302/859/1072
f 306/784/1073 309/233/1074 308/1364/1075 307/1654/1076
f 354/944/1077 355/1812/1078 332/1053/1079 333/1917/1080
f 355/1812/1081 356/1526/1082 331/1344/1083 332/1053/1084
f 356/1526/1085 357/386/1086 330/478/1087 331/1344/1088
f 357/386/1089 358/107/1090 328/1901/1091 330/478/1092
f 346/1866/1093 300/285/1094 1622/158/1095 1623/1014/1096
f 304/1441/1097 311/803/1098 310/1936/1099 305/1071/1100
f 358/107/1101 366/404/1102 329/765/1103 328/1901/1104
f 352/1600/1105 353/1236/1106 334/1635/1107 1548/945/1108
f 345/162/1109 291/267/1110 1600/265/1111 1599/549/1112
f 292/1974/1113 293/842/1114 1602/1616/1115 1601/1898/1116
f 298/1710/1117 290/1403/1118 1604/195/1119 1603/475/1120
f 297/3/1121 298/1710/1122 1603/475/1123 1605/1050/1124
f 296/1127/1125 297/3/1126 1605/1050/1127 1606/762/1128
f 295/1422/1129 296/1127/1130 1606/762/1131 1607/1632/1132
f 294/552/1133 295/1422/1134 1607/1632/1135 1608/1341/1136
f 293/842/1137 294/552/1138 1608/1341/1139 1602/1616/1140
f 1609/212/1141 431/820/1142 292/1974/1143 1601/1898/1144
f 487/67/1145 1566/910/1146 1551/387/1147 1549/1813/1148
f 1610/1914/1149 349/1309/1150 324/746/1151 1611/781/1152
f 1598/1687/1153 336/215/1154 337/1848/1155 318/251/1156
f 323/1036/1157 338/1562/1158 325/1619/1159 1938/728/1160
f 322/180/1161 339/423/1162 338/1562/1163 323/1036/1164
f 321/460/1165 340/143/1166 339/423/1167 322/180/1168
f 320/824/1169 341/999/1170 340/143/1171 321/460/1172
f 319/1108/1173 342/708/1174 341/999/1175 320/824/1176
f 318/251/1177 337/1848/1178 342/708/1179 319/1108/1180
f 468/1228/1181 486/1192/1182 336/215/1183 1598/1687/1184
f 1618/996/1185 507/597/1186 1621/440/1187 1619/1863/1188
f 1598/1688/1189 1620/1577/1190 491/1211/1191 468/1230/1192
f 1596/1105/1193 359/963/1194 344/1291/1195 1597/1971/1196
f 1627/177/1197 1626/1306/1198 349/1309/1199 1610/1914/1200
f 361/1544/1201 345/162/1202 1599/549/1203 365/690/1204
f 1576/567/1205 362/1254/1206 346/1866/1207 1623/1014/1208
f 360/672/1209 351/1883/1210 327/198/1211 348/442/1212
f 1586/230/1213 363/125/1214 347/727/1215 1625/1597/1216
f 366/404/1217 1245/1468/1218 364/1830/1219 329/765/1220
f 367/1272/1221 350/1017/1222 360/672/1223 1245/1468/1224
f 1245/1468/1225 360/672/1226 348/442/1227 364/1830/1228
f 335/496/1229 1553/1743/1230 359/963/1231 1596/1105/1232
f 350/1017/1233 326/1327/1234 351/1883/1235 360/672/1236
f 317/532/1237 1612/493/1238 353/1236/1239 352/1600/1240
f 1614/1068/1241 1246/1176/1242 366/404/1243 358/107/1244
f 1613/1361/1245 1614/1068/1246 358/107/1247 357/386/1248
f 1615/1933/1249 1613/1361/1250 357/386/1251 356/1526/1252
f 1616/1651/1253 1615/1933/1254 356/1526/1255 355/1812/1256
f 1617/1288/1257 1616/1651/1258 355/1812/1259 354/944/1260
f 1612/493/1261 1617/1288/1262 354/944/1263 353/1236/1264
f 1587/1086/1265 316/1673/1266 363/125/1267 1586/230/1268
f 299/570/1269 362/1254/1270 1576/567/1271 1577/1438/1272
f 1554/1455/1273 490/346/1274 507/597/1275 1618/996/1276
f 290/1403/1277 361/1544/1278 365/690/1279 1604/195/1280
f 1938/728/1281 325/1619/1282 1626/1306/1283 1627/177/1284
f 415/1437/1285 416/1143/1286 476/1539/1287 477/399/1288
f 1629/743/1289 1636/960/1290 1645/140/1291 378/636/1292
f 1636/960/1293 1635/1251/1294 1644/1269/1295 1645/140/1296
f 1635/1251/1297 1634/383/1298 1643/1559/1299 1644/1269/1300
f 382/1794/1301 454/417/1302 453/703/1303 1641/978/1304
f 1634/383/1305 1633/669/1306 1642/687/1307 1643/1559/1308
f 387/584/1309 449/1557/1310 458/1575/1311 1638/1541/1312
f 1633/669/1313 1632/1033/1314 383/653/1315 1642/687/1316
f 1680/1194/1317 494/1504/1318 457/1861/1319 1679/1488/1320
f 1632/1033/1321 1631/1324/1322 1640/122/1323 383/653/1324
f 1631/1324/1325 1630/457/1326 381/89/1327 1640/122/1328
f 1526/1831/1329 456/994/1330 455/1286/1331 1639/401/1332
f 1630/457/1333 1516/181/1334 380/1215/1335 381/89/1336
f 385/17/1337 451/138/1338 450/1267/1339 386/1724/1340
f 1641/978/1341 453/703/1342 452/1843/1343 384/368/1344
f 1639/401/1345 455/1286/1346 454/417/1347 382/1794/1348
f 386/1724/1349 450/1267/1350 449/1557/1351 387/584/1352
f 416/1143/1353 417/780/1354 475/1825/1355 476/1539/1356
f 417/780/1357 418/492/1358 474/958/1359 475/1825/1360
f 418/492/1361 419/1360/1362 473/1249/1363 474/958/1364
f 419/1360/1365 420/1067/1366 471/667/1367 473/1249/1368
f 410/1418/1369 379/1509/1370 1677/906/1371 1678/616/1372
f 384/368/1373 452/1843/1374 451/138/1375 385/17/1376
f 420/1067/1377 428/1379/1378 472/381/1379 471/667/1380
f 414/566/1381 415/1437/1382 477/399/1383 1659/941/1384
f 409/1706/1385 369/619/1386 1650/1774/1387 1649/69/1388
f 371/1197/1389 372/909/1390 1652/348/1391 1651/633/1392
f 377/927/1393 368/981/1394 1654/924/1395 1653/1213/1396
f 376/72/1397 377/927/1398 1653/1213/1399 1655/1791/1400
f 375/351/1401 376/72/1402 1655/1791/1403 1656/1506/1404
f 374/1491/1405 375/351/1406 1656/1506/1407 1657/365/1408
f 373/1777/1409 374/1491/1410 1657/365/1411 1658/86/1412
f 372/909/1413 373/1777/1414 1658/86/1415 1652/348/1416
f 1547/1237/1417 370/333/1418 371/1197/1419 1651/633/1420
f 1666/1158/1421 411/281/1422 395/892/1423 1667/32/1424
f 1648/419/1425 399/53/1426 400/1760/1427 389/1161/1428
f 394/35/1429 401/1399/1430 396/601/1431 1682/544/1432
f 393/316/1433 402/1104/1434 401/1399/1435 394/35/1436
f 392/1454/1437 403/1970/1438 402/1104/1439 393/316/1440
f 391/1742/1441 404/1686/1442 403/1970/1443 392/1454/1444
f 390/873/1445 405/548/1446 404/1686/1447 391/1742/1448
f 389/1161/1449 400/1760/1450 405/548/1451 390/873/1452
f 397/1472/1453 406/264/1454 399/53/1455 1648/419/1456
f 1674/1467/1457 422/1650/1458 1568/1492/1459 1675/330/1460
f 1648/420/1461 1676/50/1462 408/838/1463 397/1473/1464
f 1646/1845/1465 421/1932/1466 407/1123/1467 1647/705/1468
f 1247/51/1469 1681/835/1470 411/281/1471 1666/1158/1472
f 424/229/1473 409/1706/1474 1649/69/1475 426/799/1476
f 1628/1880/1477 425/1085/1478 410/1418/1479 1678/616/1480
f 423/510/1481 413/855/1482 470/1807/1483 495/363/1484
f 1637/1827/1485 511/1754/1486 494/1504/1487 1680/1194/1488
f 428/1379/1489 1248/1757/1490 512/1465/1491 472/381/1492
f 1939/1601/1493 412/1989/1494 423/510/1495 1248/1757/1496
f 1248/1757/1497 423/510/1498 495/363/1499 512/1465/1500
f 1661/1523/1501 1663/104/1502 421/1932/1503 1646/1845/1504
f 412/1989/1505 398/1179/1506 413/855/1507 423/510/1508
f 388/299/1509 1668/1739/1510 415/1437/1511 414/566/1512
f 1670/313/1513 427/1668/1514 428/1379/1515 420/1067/1516
f 1669/599/1517 1670/313/1518 420/1067/1519 419/1360/1520
f 1671/1175/1521 1669/599/1522 419/1360/1523 418/492/1524
f 1672/889/1525 1671/1175/1526 418/492/1527 417/780/1528
f 1673/1756/1529 1672/889/1530 417/780/1531 416/1143/1532
f 1668/1739/1533 1673/1756/1534 416/1143/1535 415/1437/1536
f 1638/1541/1537 458/1575/1538 511/1754/1539 1637/1827/1540
f 378/636/1541 425/1085/1542 1628/1880/1543 1629/743/1544
f 488/1772/1545 1567/1778/1546 422/1650/1547 1674/1467/1548
f 368/981/1549 424/229/1550 426/799/1551 1654/924/1552
f 1682/544/1553 396/601/1554 1681/835/1555 1247/51/1556
f 500/12/1557 477/399/1558 476/1539/1559 501/868/1560
f 1684/1119/1561 439/1896/1562 1700/507/1563 1691/1721/1564
f 1691/1721/1565 1700/507/1566 1699/796/1567 1690/852/1568
f 1690/852/1569 1699/796/1570 1698/1929/1571 1689/1139/1572
f 443/1049/1573 1696/581/1574 453/703/1575 454/417/1576
f 1689/1139/1577 1698/1929/1578 1697/226/1579 1688/278/1580
f 448/1913/1581 1693/296/1582 458/1575/1583 449/1557/1584
f 1688/278/1585 1697/226/1586 444/760/1587 1687/563/1588
f 1728/1357/1589 1727/1647/1590 457/1861/1591 494/1504/1592
f 1687/563/1593 444/760/1594 1695/870/1595 1686/1703/1596
f 1686/1703/1597 1695/870/1598 442/193/1599 1685/1986/1600
f 1588/800/1601 1694/14/1602 455/1286/1603 456/994/1604
f 1685/1986/1605 442/193/1606 441/473/1607 1578/1144/1608
f 446/1340/1609 447/211/1610 450/1267/1611 451/138/1612
f 1696/581/1613 445/1631/1614 452/1843/1615 453/703/1616
f 1694/14/1617 443/1049/1618 454/417/1619 455/1286/1620
f 447/211/1621 448/1913/1622 449/1557/1623 450/1267/1624
f 501/868/1625 476/1539/1626 475/1825/1627 502/579/1628
f 502/579/1629 475/1825/1630 474/958/1631 503/1450/1632
f 503/1450/1633 474/958/1634 473/1249/1635 504/1156/1636
f 504/1156/1637 473/1249/1638 471/667/1639 505/30/1640
f 493/1789/1641 1726/778/1642 1725/1064/1643 440/1614/1644
f 445/1631/1645 446/1340/1646 451/138/1647 452/1843/1648
f 505/30/1649 471/667/1650 472/381/1651 514/814/1652
f 499/294/1653 1659/941/1654 477/399/1655 500/12/1656
f 492/922/1657 1704/1665/1658 1705/525/1659 430/1951/1660
f 432/528/1661 1706/244/1662 1707/1100/1663 433/175/1664
f 438/1031/1665 1708/816/1666 1709/1683/1667 429/247/1668
f 437/1322/1669 1710/1396/1670 1708/816/1671 438/1031/1672
f 436/455/1673 1711/262/1674 1710/1396/1675 437/1322/1676
f 435/741/1677 1712/1966/1678 1711/262/1679 436/455/1680
f 434/1878/1681 1713/1612/1682 1712/1966/1683 435/741/1684
f 433/175/1685 1707/1100/1686 1713/1612/1687 434/1878/1688
f 1609/212/1689 1706/244/1690 432/528/1691 431/820/1692
f 487/67/1693 1660/650/1694 1662/1231/1695 1566/910/1696
f 1714/1319/1697 1715/190/1698 466/648/1699 496/84/1700
f 1703/1947/1701 460/156/1702 480/685/1703 479/976/1704
f 465/939/1705 1936/1385/1706 467/1521/1707 481/328/1708
f 464/1304/1709 465/939/1710 481/328/1711 482/48/1712
f 463/1595/1713 464/1304/1714 482/48/1715 483/904/1716
f 462/722/1717 463/1595/1718 483/904/1719 484/614/1720
f 461/1012/1721 462/722/1722 484/614/1723 485/1486/1724
f 460/156/1725 461/1012/1726 485/1486/1727 480/685/1728
f 468/1228/1729 1703/1947/1730 479/976/1731 486/1192/1732
f 1722/1629/1733 1723/489/1734 1621/440/1735 507/597/1736
f 1703/1949/1737 468/1230/1738 491/1211/1739 1724/208/1740
f 1701/1376/1741 1702/1082/1742 489/631/1743 506/1737/1744
f 1249/1397/1745 1714/1319/1746 496/84/1747 1729/991/1748
f 509/1173/1749 513/1098/1750 1704/1665/1751 492/922/1752
f 1683/1414/1753 1726/778/1754 493/1789/1755 510/887/1756
f 508/311/1757 495/363/1758 470/1807/1759 498/1432/1760
f 1692/1434/1761 1728/1357/1762 494/1504/1763 511/1754/1764
f 514/814/1765 472/381/1766 512/1465/1767 1250/1101/1768
f 1937/1018/1769 1250/1101/1770 508/311/1771 497/1719/1772
f 1250/1101/1773 512/1465/1774 495/363/1775 508/311/1776
f 478/120/1777 1701/1376/1778 506/1737/1779 1664/1809/1780
f 497/1719/1781 508/311/1782 498/1432/1783 469/102/1784
f 459/437/1785 499/294/1786 500/12/1787 1716/1893/1788
f 1718/470/1789 505/30/1790 514/814/1791 1251/1967/1792
f 1717/757/1793 504/1156/1794 505/30/1795 1718/470/1796
f 1719/1337/1797 503/1450/1798 504/1156/1799 1717/757/1800
f 1720/1046/1801 502/579/1802 503/1450/1803 1719/1337/1804
f 1721/1910/1805 501/868/1806 502/579/1807 1720/1046/1808
f 1716/1893/1809 500/12/1810 501/868/1811 1721/1910/1812
f 1693/296/1813 1692/1434/1814 511/1754/1815 458/1575/1816
f 439/1896/1817 1684/1119/1818 1683/1414/1819 510/887/1820
f 1665/1452/1821 1722/1629/1822 507/597/1823 490/346/1824
f 429/247/1825 1709/1683/1826 513/1098/1827 509/1173/1828
f 1936/1385/1829 1249/1397/1830 1729/991/1831 467/1521/1832
f 725/284/1833 589/115/1834 516/1394/1835 590/1820/1836
f 724/1421/1837 592/394/1838 518/1964/1839 615/1151/1840
f 723/1709/1841 1742/172/1842 1741/452/1843 596/323/1844
f 722/841/1845 1738/1009/1846 845/298/1847 841/1142/1848
f 721/1126/1849 758/764/1850 1885/932/1851 597/1186/1852
f 720/1494/1853 1744/738/1854 1743/1028/1855 621/881/1856
f 1868/677/1857 729/1440/1858 896/740/1859 884/1285/1860
f 1753/682/1861 730/1146/1862 521/1412/1863 745/823/1864 746/531/1865 737/513/1866 738/232/1867 741/1672/1868 742/1383/1869 731/20/1870 732/1727/1871
f 719/1780/1872 601/341/1873 526/276/1874 1869/1549/1875
f 718/912/1876 626/518/1877 529/486/1878 602/61/1879
f 717/1201/1880 591/680/1881 527/1137/1882 754/1618/1883
f 716/336/1884 605/1499/1885 1747/955/1886 1748/663/1887
f 715/622/1888 830/618/1889 827/332/1890 1740/1592/1891
f 714/1763/1892 607/79/1893 1749/1536/1894 1750/1246/1895
f 713/56/1896 634/828/1897 768/1653/1898 1880/914/1899
f 532/774/1900 897/380/1901 896/740/1902 729/1440/1903
f 1753/682/1904 732/1727/1905 735/1164/1906 744/1954/1907 743/250/1908 740/802/1909 739/1088/1910 748/1107/1911 747/1402/1912 749/1973/1913 1754/396/1914
f 849/228/1915 850/1931/1916 846/16/1917 847/872/1918 540/1080/1919 548/170/1920
f 808/1508/1921 811/943/1922 795/1561/1923 796/1271/1924 837/1988/1925 543/523/1926 547/450/1927 825/1759/1928 824/891/1929
f 551/1610/1930 552/1317/1931 749/1975/1932 521/1416/1933
f 712/1182/1934 610/1131/1935 575/1299/1936 635/1696/1937
f 711/1476/1938 630/1677/1939 572/1856/1940 638/1979/1941
f 710/604/1942 832/1196/1943 828/52/1944
f 709/895/1945 829/908/1946 831/1490/1947 641/201/1948
f 708/39/1949 643/769/1950 578/358/1951 642/1904/1952
f 707/319/1953 644/481/1954 1739/1876/1955 632/255/1956
f 706/1457/1957 627/1388/1958 570/1281/1959 645/1349/1960
f 705/1745/1961 648/1639/1962 558/1044/1963 1866/112/1964
f 704/110/1965 604/626/1966 569/1570/1967 651/1075/1968
f 703/389/1969 653/1658/1970 581/1802/1971 652/788/1972
f 702/1529/1973 654/1368/1974 567/989/1975 624/1168/1976
f 701/1815/1977 862/1398/1978 860/819/1979 655/237/1980
f 700/948/1981 859/1103/1982 863/885/1983 623/1233/1984
f 699/1239/1985 622/591/1986 566/133/1987 656/1940/1988
f 698/371/1989 658/1294/1990 582/1516/1991 657/1583/1992
f 697/656/1993 659/165/1994 565/413/1995 1877/624/1996
f 696/1797/1997 662/445/1998 564/1552/1999 600/1481/2000
f 695/92/2001 844/1436/2002 843/1723/2003
f 694/1219/2004 665/1886/2005 561/1262/2006 618/1445/2007
f 693/1512/2008 1876/1765/2009 562/971/2010 666/1605/2011
f 692/639/2012 668/183/2013 585/953/2014 667/463/2015
f 691/930/2016 669/1039/2017 842/854/2018 840/280/2019
f 690/75/2020 672/1330/2021 559/1908/2022 616/863/2023
f 689/354/2024 613/574/2025 555/755/2026 673/966/2027
f 688/712/2028 675/1547/2029 587/1534/2030 674/675/2031
f 687/1002/2032 676/1257/2033 557/1335/2034 594/1749/2035
f 686/146/2036 612/366/2037 874/1060/2038 876/210/2039
f 685/426/2040 677/128/2041 877/1066/2042 873/1912/2043
f 684/1565/2044 1732/1283/2045 1733/154/2046 678/1833/2047
f 683/1851/2048 680/408/2049 588/1244/2050 679/693/2051
f 682/984/2052 681/1276/2053 553/188/2054 611/7/2055
f 679/693/2056 588/1244/2057 681/1276/2058 682/984/2059
f 1735/719/2060 679/693/2061 682/984/2062 1734/1858/2063
f 1734/1858/2064 682/984/2065 611/7/2066 764/495/2067
f 1736/434/2068 683/1851/2069 679/693/2070 1735/719/2071
f 1860/373/2072 1864/1531/2073 1732/1283/2074 684/1565/2075
f 1760/135/2076 1860/373/2077 684/1565/2078 680/408/2079
f 680/408/2080 684/1565/2081 678/1833/2082 588/1244/2083
f 614/289/2084 556/468/2085 677/128/2086 685/426/2087
f 515/1681/2088 614/289/2089 685/426/2090 1883/356/2091
f 1883/356/2092 685/426/2093 873/1912/2094 875/491/2095
f 593/43/2096 517/260/2097 612/366/2098 686/146/2099
f 556/468/2100 593/43/2101 686/146/2102 677/128/2103
f 677/128/2104 686/146/2105 876/210/2106 877/1066/2107
f 674/675/2108 587/1534/2109 676/1257/2110 687/1002/2111
f 753/1900/2112 674/675/2113 687/1002/2114 1751/117/2115
f 1751/117/2116 687/1002/2117 594/1749/2118 1752/1822/2119
f 595/608/2120 1873/1478/2121 675/1547/2122 688/712/2123
f 1865/391/2124 595/608/2125 688/712/2126 752/266/2127
f 752/266/2128 688/712/2129 674/675/2130 753/1900/2131
f 1764/65/2132 1762/1483/2133 613/574/2134 689/354/2135
f 1873/1478/2136 1764/65/2137 689/354/2138 675/1547/2139
f 675/1547/2140 689/354/2141 673/966/2142 587/1534/2143
f 671/1622/2144 586/661/2145 672/1330/2146 690/75/2147
f 751/551/2148 690/75/2149 616/863/2150 1882/1496/2151
f 667/463/2152 585/953/2153 669/1039/2154 691/930/2155
f 756/197/2156 667/463/2157 691/930/2158 728/569/2159
f 728/569/2160 691/930/2161 840/280/2162 839/565/2163
f 599/1767/2164 563/1838/2165 668/183/2166 692/639/2167
f 1884/77/2168 599/1767/2169 692/639/2170 755/477/2171
f 755/477/2172 692/639/2173 667/463/2174 756/197/2175
f 620/25/2176 765/1363/2177 1876/1765/2178 693/1512/2179
f 563/1838/2180 620/25/2181 693/1512/2182 668/183/2183
f 668/183/2184 693/1512/2185 666/1605/2186 585/953/2187
f 664/1022/2188 584/97/2189 665/1886/2190 694/1219/2191
f 1875/58/2192 664/1022/2193 694/1219/2194 619/306/2195
f 619/306/2196 694/1219/2197 618/1445/2198 519/833/2199
f 661/731/2200 583/376/2201 662/445/2202 696/1797/2203
f 560/1627/2204 661/731/2205 696/1797/2206 617/1732/2207
f 617/1732/2208 696/1797/2209 600/1481/2210 763/783/2211
f 657/1583/2212 582/1516/2213 659/165/2214 697/656/2215
f 750/1690/2216 657/1583/2217 697/656/2218 1861/1241/2219
f 1861/1241/2220 697/656/2221 1877/624/2222 1862/950/2223
f 606/1206/2224 571/151/2225 658/1294/2226 698/371/2227
f 629/1959/2228 1886/641/2229 622/591/2230 699/1239/2231
f 571/151/2232 629/1959/2233 699/1239/2234 658/1294/2235
f 658/1294/2236 699/1239/2237 656/1940/2238 582/1516/2239
f 655/237/2240 860/819/2241 859/1103/2242 700/948/2243
f 568/698/2244 655/237/2245 700/948/2246 603/917/2247
f 603/917/2248 700/948/2249 623/1233/2250 528/1200/2251
f 1746/99/2252 861/1685/2253 862/1398/2254 701/1815/2255
f 1745/378/2256 1746/99/2257 701/1815/2258 625/807/2259
f 625/807/2260 701/1815/2261 655/237/2262 568/698/2263
f 652/788/2264 581/1802/2265 654/1368/2266 702/1529/2267
f 1874/1184/2268 652/788/2269 702/1529/2270 1763/343/2271
f 1763/343/2272 702/1529/2273 624/1168/2274 1761/1769/2275
f 760/1343/2276 1878/338/2277 653/1658/2278 703/389/2279
f 1863/1817/2280 760/1343/2281 703/389/2282 1867/968/2283
f 1867/968/2284 703/389/2285 652/788/2286 1874/1184/2287
f 734/302/2288 1870/1259/2289 604/626/2290 704/110/2291
f 1878/338/2292 734/302/2293 704/110/2294 653/1658/2295
f 653/1658/2296 704/110/2297 651/1075/2298 581/1802/2299
f 726/2/2300 705/1745/2301 1866/112/2302 727/858/2303
f 1759/415/2304 649/500/2305 705/1745/2306 726/2/2307
f 649/500/2308 580/934/2309 648/1639/2310 705/1745/2311
f 759/1634/2312 766/1070/2313 627/1388/2314 706/1457/2315
f 646/1056/2316 706/1457/2317 645/1349/2318 579/1223/2319
f 642/1904/2320 578/358/2321 644/481/2322 707/319/2323
f 574/432/2324 642/1904/2325 707/319/2326 633/1112/2327
f 633/1112/2328 707/319/2329 632/255/2330 769/1290/2331
f 1766/628/2332 1755/1264/2333 643/769/2334 708/39/2335
f 530/206/2336 1766/628/2337 708/39/2338 609/1427/2339
f 609/1427/2340 708/39/2341 642/1904/2342 574/432/2343
f 1756/973/2344 826/1471/2345 829/908/2346 709/895/2347
f 1755/1264/2348 1756/973/2349 709/895/2350 643/769/2351
f 643/769/2352 709/895/2353 641/201/2354 578/358/2355
f 631/537/2356 1887/1514/2357 630/1677/2358 711/1476/2359
f 1881/1782/2360 631/537/2361 711/1476/2362 639/846/2363
f 639/846/2364 711/1476/2365 638/1979/2366 577/643/2367
f 628/1093/2368 767/1935/2369 610/1131/2370 712/1182/2371
f 1879/1203/2372 628/1093/2373 712/1182/2374 636/1407/2375
f 636/1407/2376 712/1182/2377 635/1696/2378 576/1007/2379
f 635/1696/2380 575/1299/2381 634/828/2382 713/56/2383
f 576/1007/2384 635/1696/2385 713/56/2386 637/272/2387
f 637/272/2388 713/56/2389 1880/914/2390 762/1916/2391
f 638/1979/2392 572/1856/2393 607/79/2394 714/1763/2395
f 577/643/2396 638/1979/2397 714/1763/2398 640/556/2399
f 640/556/2400 714/1763/2401 1750/1246/2402 573/717/2403
f 641/201/2404 831/1490/2405 830/618/2406 715/622/2407
f 578/358/2408 641/201/2409 715/622/2410 644/481/2411
f 644/481/2412 715/622/2413 1740/1592/2414 1739/1876/2415
f 645/1349/2416 570/1281/2417 605/1499/2418 716/336/2419
f 579/1223/2420 645/1349/2421 716/336/2422 647/1921/2423
f 647/1921/2424 716/336/2425 1748/663/2426 761/214/2427
f 648/1639/2428 717/1201/2429 754/1618/2430 558/1044/2431
f 580/934/2432 650/219/2433 717/1201/2434 648/1639/2435
f 650/219/2436 554/1891/2437 591/680/2438 717/1201/2439
f 651/1075/2440 569/1570/2441 626/518/2442 718/912/2443
f 581/1802/2444 651/1075/2445 718/912/2446 654/1368/2447
f 654/1368/2448 718/912/2449 602/61/2450 567/989/2451
f 656/1940/2452 566/133/2453 601/341/2454 719/1780/2455
f 582/1516/2456 656/1940/2457 719/1780/2458 659/165/2459
f 659/165/2460 719/1780/2461 1869/1549/2462 565/413/2463
f 660/1869/2464 757/1052/2465 1744/738/2466 720/1494/2467
f 583/376/2468 660/1869/2469 720/1494/2470 662/445/2471
f 662/445/2472 720/1494/2473 621/881/2474 564/1552/2475
f 663/1312/2476 1737/1301/2477 758/764/2478 721/1126/2479
f 584/97/2480 663/1312/2481 721/1126/2482 665/1886/2483
f 665/1886/2484 721/1126/2485 597/1186/2486 561/1262/2487
f 666/1605/2488 562/971/2489 1738/1009/2490 722/841/2491
f 585/953/2492 666/1605/2493 722/841/2494 669/1039/2495
f 669/1039/2496 722/841/2497 841/1142/2498 842/854/2499
f 670/749/2500 1765/919/2501 1742/172/2502 723/1709/2503
f 586/661/2504 670/749/2505 723/1709/2506 672/1330/2507
f 672/1330/2508 723/1709/2509 596/323/2510 559/1908/2511
f 673/966/2512 555/755/2513 592/394/2514 724/1421/2515
f 587/1534/2516 673/966/2517 724/1421/2518 676/1257/2519
f 676/1257/2520 724/1421/2521 615/1151/2522 557/1335/2523
f 678/1833/2524 1733/154/2525 589/115/2526 725/284/2527
f 588/1244/2528 678/1833/2529 725/284/2530 681/1276/2531
f 681/1276/2532 725/284/2533 590/1820/2534 553/188/2535
f 787/1253/2536 785/671/2537 1888/1221/2538 525/561/2539 786/385/2540
f 784/1035/2541 783/1326/2542 524/1701/2543 1770/1786/2544
f 1772/360/2545 1773/1225/2546 780/1882/2547 536/1927/2548
f 1891/1442/2549 776/726/2550 1894/1729/2551 1893/22/2552
f 1778/865/2553 1777/1153/2554 538/505/2555 788/962/2556
f 872/1048/2557 1881/1782/2558 639/846/2559 864/1969/2560
f 781/745/2561 853/1378/2562 545/876/2563 520/542/2564
f 791/403/2565 790/1543/2566 823/1178/2567 825/1759/2568 547/450/2569 539/1374/2570
f 778/1308/2571 534/1355/2572 535/224/2573 777/1599/2574
f 1771/645/2575 770/998/2576 523/1984/2577 1889/860/2578
f 1730/700/2579 1731/1572/2580 1899/1747/2581 1900/1459/2582
f 1774/936/2583 1765/919/2584 670/749/2585 813/1525/2586
f 799/707/2587 683/1851/2588 1736/434/2589 1776/1518/2590 798/1847/2591
f 805/1214/2592 804/350/2593 806/926/2594 554/1891/2595 650/219/2596
f 870/472/2597 647/1921/2598 761/214/2599 1901/321/2600
f 834/547/2601 577/643/2602 640/556/2603 832/1196/2604
f 838/1705/2605 584/97/2606 664/1022/2607 793/980/2608 794/689/2609
f 818/1160/2610 660/1869/2611 583/376/2612 819/34/2613
f 852/509/2614 851/798/2615 549/38/2616 541/1945/2617
f 1871/130/2618 1872/1835/2619 533/1645/2620 774/161/2621
f 797/142/2622 821/600/2623 833/837/2624 544/242/2625 552/1317/2626 551/1610/2627 543/523/2628 837/1988/2629
f 813/1525/2630 670/749/2631 586/661/2632 815/106/2633
f 1895/589/2634 759/1634/2635 706/1457/2636 646/1056/2637 856/1667/2638 858/246/2639
f 832/1196/2640 640/556/2641 573/717/2642 608/1784/2643 828/52/2644
f 1758/1554/2645 803/635/2646 802/1776/2647 649/500/2648 1759/415/2649
f 815/106/2650 586/661/2651 671/1622/2652 812/652/2653
f 868/1895/2654 579/1223/2655 647/1921/2656 870/472/2657
f 1902/41/2658 1879/1203/2659 636/1407/2660 867/192/2661
f 1769/81/2662 598/899/2663 844/1436/2664
f 810/88/2665 671/1622/2666 690/75/2667 751/551/2668 1896/304/2669 809/367/2670
f 869/759/2671 637/272/2672 762/1916/2673 1897/1166/2674
f 1890/571/2675 606/1206/2676 698/371/2677 820/1741/2678 822/315/2679
f 1757/1840/2680 1760/135/2681 680/408/2682 683/1851/2683 799/707/2684
f 855/1950/2685 646/1056/2686 579/1223/2687 868/1895/2688
f 847/872/2689 848/583/2690 550/736/2691 540/1080/2692
f 792/124/2693 800/422/2694 849/228/2695 548/170/2696 544/242/2697 833/837/2698 836/1122/2699 871/1339/2700 857/527/2701
f 801/71/2702 805/1214/2703 650/219/2704 580/934/2705
f 812/652/2706 671/1622/2707 810/88/2708
f 1898/879/2709 757/1052/2710 660/1869/2711 818/1160/2712
f 775/1016/2713 1892/1148/2714 771/1865/2715 736/877/2716
f 789/1829/2717 772/1579/2718 546/1590/2719 542/1663/2720
f 802/1776/2721 801/71/2722 580/934/2723 649/500/2724
f 819/34/2725 583/376/2726 661/731/2727 817/1453/2728
f 793/980/2729 664/1022/2730 1875/58/2731 816/1811/2732
f 1768/1208/2733 779/179/2734 537/794/2735 1767/1501/2736
f 844/1436/2737 598/899/2738 1737/1301/2739 663/1312/2740 843/1723/2741
f 848/583/2742 789/1829/2743 542/1663/2744 550/736/2745
f 828/52/2746 608/1784/2747 1775/1804/2748
f 867/192/2749 636/1407/2750 576/1007/2751 866/1321/2752
f 864/1969/2753 639/846/2754 577/643/2755 834/547/2756 835/1417/2757
f 851/798/2758 791/403/2759 539/1374/2760 549/38/2761
f 853/1378/2762 852/509/2763 541/1945/2764 545/876/2765
f 866/1321/2766 576/1007/2767 637/272/2768 869/759/2769
f 772/1579/2770 773/753/2771 531/1062/2772 546/1590/2773
f 817/1453/2774 661/731/2775 560/1627/2776 814/1235/2777
f 820/1741/2778 698/371/2779 657/1583/2780 750/1690/2781 807/1793/2782
f 843/1723/2783 663/1312/2784 584/97/2785 838/1705/2786
f 782/459/2787 522/1117/2788 733/587/2789 854/1084/2790
f 1087/182/2791 954/560/2792 878/779/2793 1802/558/2794
f 1086/1311/2795 979/1890/2796 880/1359/2797 956/1136/2798
f 1085/1603/2799 959/578/2800 881/993/2801 1118/91/2802
f 1084/730/2803 1207/961/2804 1837/771/2805 1806/1716/2806
f 1083/1020/2807 960/293/2808 1799/274/2809 1800/1981/2810
f 1082/164/2811 984/754/2812 1129/603/2813 1120/655/2814
f 1904/606/2815 884/1285/2816 896/740/2817 1094/388/2818
f 1807/576/2819 1097/1832/2820 1096/965/2821 1106/621/2822 1105/911/2823 1102/692/2824 1101/983/2825 1110/1779/2826 1109/74/2827 885/155/2828 1095/1256/2829
f 1081/444/2830 963/504/2831 889/1303/2832 964/223/2833
f 1080/1582/2834 965/1079/2835 892/1594/2836 991/1354/2837
f 1079/1868/2838 1116/1511/2839 890/1011/2840 955/1431/2841
f 1078/1001/2842 1124/586/2843 893/454/2844 968/1373/2845
f 1077/1293/2846 1913/553/2847 1193/159/2848 1196/441/2849
f 1076/425/2850 1127/37/2851 894/174/2852 970/1944/2853
f 1075/711/2854 1821/1390/2855 1133/1762/2856 996/988/2857
f 898/101/2858 1094/388/2859 896/740/2860 897/380/2861
f 1807/576/2862 1808/291/2863 1113/1217/2864 1111/638/2865 1112/353/2866 1103/1564/2867 1104/1275/2868 1107/1493/2869 1108/1199/2870 1099/407/2871 1097/1832/2872
f 1215/1270/2873 914/1485/2874 906/398/2875 1213/688/2876 1212/1828/2877 1216/979/2878
f 1174/1325/2879 1190/706/2880 1191/1578/2881 913/1771/2882 909/1842/2883 1203/1810/2884 1162/1087/2885 1161/1382/2886 1177/763/2887
f 917/921/2888 885/160/2889 1113/1218/2890 918/630/2891
f 1074/1850/2892 997/1855/2893 940/1753/2894 972/522/2895
f 1073/145/2896 1000/150/2897 936/596/2898 993/697/2899
f 1072/499/2900 1194/1864/2901 1198/1015/2902
f 1071/787/2903 1003/1589/2904 1197/1307/2905 1195/725/2906
f 1070/1920/2907 1004/1298/2908 943/1191/2909 1005/169/2910
f 1069/218/2911 1824/1679/2912 938/1172/2913 1006/1874/2914
f 1068/1347/2915 1007/735/2916 934/29/2917 992/1061/2918
f 1067/1638/2919 1091/109/2920 1117/370/2921 1010/1801/2922
f 1066/768/2923 1013/1243/2924 933/310/2925 967/1662/2926
f 1065/1055/2927 1014/952/2928 946/259/2929 1015/1819/2930
f 1064/200/2931 989/773/2932 931/1736/2933 1016/1533/2934
f 1063/480/2935 1017/393/2936 1226/634/2937 1227/1507/2938
f 1062/1621/2939 988/1234/2940 1228/430/2941 1225/925/2942
f 1061/1903/2943 1018/114/2944 930/867/2945 987/205/2946
f 1060/1038/2947 1019/970/2948 947/1116/2949 1020/679/2950
f 1059/1329/2951 986/1334/2952 1910/1109/2953 1021/1551/2954
f 1058/462/2955 962/1644/2956 929/1155/2957 1024/1837/2958
f 1057/748/2959 1210/1252/2960 1211/123/2961
f 1056/1111/2962 981/467/2963 927/1806/2964 1027/555/2965
f 1055/1406/2966 1028/271/2967 1805/9/2968 982/187/2969
f 1054/536/2970 1029/1130/2971 950/1411/2972 1030/845/2973
f 1053/827/2974 1206/105/2975 1209/1542/2976 1031/1714/2977
f 1052/1958/2978 980/1609/2979 924/362/2980 1034/6/2981
f 1051/254/2982 1035/862/2983 921/83/2984 977/1316/2985
f 1050/1387/2986 1036/573/2987 952/1983/2988 1037/1444/2989
f 1049/1676/2990 958/1718/2991 923/647/2992 1038/1150/2993
f 1048/806/2994 1241/314/2995 1240/1588/2996 976/1470/2997
f 1047/1092/2998 1239/1740/2999 1242/33/3000 1039/24/3001
f 1046/236/3002 1040/1731/3003 1801/848/3004 974/1097/3005
f 1045/517/3006 1041/1367/3007 953/850/3008 1042/1074/3009
f 1044/1657/3010 975/1963/3011 919/1503/3012 1043/1939/3013
f 1041/1367/3014 1044/1657/3015 1043/1939/3016 953/850/3017
f 926/938/3018 1798/1409/3019 1044/1657/3020 1041/1367/3021
f 1798/1409/3022 1797/1698/3023 975/1963/3024 1044/1657/3025
f 1835/203/3026 926/938/3027 1041/1367/3028 1045/517/3029
f 1780/1447/3030 1046/236/3031 974/1097/3032 1783/883/3033
f 1787/45/3034 1042/1074/3035 1046/236/3036 1780/1447/3037
f 1042/1074/3038 953/850/3039 1040/1731/3040 1046/236/3041
f 978/1026/3042 1047/1092/3043 1039/24/3044 922/1788/3045
f 1914/268/3046 973/1393/3047 1047/1092/3048 978/1026/3049
f 973/1393/3050 1930/1655/3051 1239/1740/3052 1047/1092/3053
f 957/11/3054 1048/806/3055 976/1470/3056 879/1649/3057
f 922/1788/3058 1039/24/3059 1048/806/3060 957/11/3061
f 1039/24/3062 1242/33/3063 1241/314/3064 1048/806/3065
f 1036/573/3066 1049/1676/3067 1038/1150/3068 952/1983/3069
f 1115/1796/3070 1090/1238/3071 1049/1676/3072 1036/573/3073
f 1090/1238/3074 1903/897/3075 958/1718/3076 1049/1676/3077
f 1804/1133/3078 1050/1387/3079 1037/1444/3080 1792/901/3081
f 1089/1528/3082 1907/825/3083 1050/1387/3084 1804/1133/3085
f 1907/825/3086 1115/1796/3087 1036/573/3088 1050/1387/3089
f 1790/325/3090 1051/254/3091 977/1316/3092 1816/1370/3093
f 1792/901/3094 1037/1444/3095 1051/254/3096 1790/325/3097
f 1037/1444/3098 952/1983/3099 1035/862/3100 1051/254/3101
f 1033/288/3102 1052/1958/3103 1034/6/3104 951/275/3105
f 1915/1128/3106 1128/1744/3107 980/1609/3108 1052/1958/3109
f 1029/1130/3110 1053/827/3111 1031/1714/3112 950/1411/3113
f 1908/533/3114 1092/1814/3115 1053/827/3116 1029/1130/3117
f 1092/1814/3118 1205/384/3119 1206/105/3120 1053/827/3121
f 961/1926/3122 1054/536/3123 1030/845/3124 928/1520/3125
f 882/702/3126 1119/946/3127 1054/536/3128 961/1926/3129
f 1119/946/3130 1908/533/3131 1029/1130/3132 1054/536/3133
f 983/1043/3134 1055/1406/3135 982/187/3136 1130/318/3137
f 928/1520/3138 1030/845/3139 1055/1406/3140 983/1043/3141
f 1030/845/3142 950/1411/3143 1028/271/3144 1055/1406/3145
f 1026/1694/3146 1056/1111/3147 1027/555/3148 949/1700/3149
f 1794/257/3150 1793/539/3151 1056/1111/3152 1026/1694/3153
f 1793/539/3154 1819/809/3155 981/467/3156 1056/1111/3157
f 1023/132/3158 1058/462/3159 1024/1837/3160 948/832/3161
f 925/1227/3162 1818/1942/3163 1058/462/3164 1023/132/3165
f 1818/1942/3166 1817/239/3167 962/1644/3168 1058/462/3169
f 1019/970/3170 1059/1329/3171 1021/1551/3172 947/1116/3173
f 1788/1751/3174 1779/1734/3175 1059/1329/3176 1019/970/3177
f 1779/1734/3178 1781/308/3179 986/1334/3180 1059/1329/3181
f 969/241/3182 1060/1038/3183 1020/679/3184 935/886/3185
f 1911/1977/3186 1061/1903/3187 987/205/3188 1132/894/3189
f 935/886/3190 1020/679/3191 1061/1903/3192 1911/1977/3193
f 1020/679/3194 947/1116/3195 1018/114/3196 1061/1903/3197
f 1017/393/3198 1062/1621/3199 1225/925/3200 1226/634/3201
f 932/1449/3202 966/793/3203 1062/1621/3204 1017/393/3205
f 966/793/3206 891/812/3207 988/1234/3208 1062/1621/3209
f 985/1626/3210 1063/480/3211 1227/1507/3212 1929/1937/3213
f 1916/843/3214 990/485/3215 1063/480/3216 985/1626/3217
f 990/485/3218 932/1449/3219 1017/393/3220 1063/480/3221
f 1014/952/3222 1064/200/3223 1016/1533/3224 946/259/3225
f 1791/1188/3226 1789/610/3227 1064/200/3228 1014/952/3229
f 1789/610/3230 1815/1660/3231 989/773/3232 1064/200/3233
f 1909/1404/3234 1065/1055/3235 1015/1819/3236 1123/875/3237
f 1782/27/3238 1803/1429/3239 1065/1055/3240 1909/1404/3241
f 1803/1429/3242 1791/1188/3243 1014/952/3244 1065/1055/3245
f 1811/502/3246 1066/768/3247 967/1662/3248 1812/221/3249
f 1123/875/3250 1015/1819/3251 1066/768/3252 1811/502/3253
f 1015/1819/3254 946/259/3255 1013/1243/3256 1066/768/3257
f 1088/1885/3258 1784/593/3259 1091/109/3260 1067/1638/3261
f 1114/929/3262 1088/1885/3263 1067/1638/3264 1011/660/3265
f 1011/660/3266 1067/1638/3267 1010/1801/3268 945/541/3269
f 1917/1711/3270 1068/1347/3271 992/1061/3272 1131/1181/3273
f 1008/449/3274 944/903/3275 1007/735/3276 1068/1347/3277
f 1004/1298/3278 1069/218/3279 1006/1874/3280 943/1191/3281
f 939/47/3282 995/1280/3283 1069/218/3284 1004/1298/3285
f 995/1280/3286 1823/1961/3287 1824/1679/3288 1069/218/3289
f 1126/1163/3290 1070/1920/3291 1005/169/3292 1813/1077/3293
f 1918/1423/3294 971/813/3295 1070/1920/3296 1126/1163/3297
f 971/813/3298 939/47/3299 1004/1298/3300 1070/1920/3301
f 1814/790/3302 1071/787/3303 1195/725/3304 1192/1289/3305
f 1813/1077/3306 1005/169/3307 1071/787/3308 1814/790/3309
f 1005/169/3310 943/1191/3311 1003/1589/3312 1071/787/3313
f 994/412/3314 1073/145/3315 993/697/3316 1919/286/3317
f 937/1464/3318 1001/1006/3319 1073/145/3320 994/412/3321
f 1001/1006/3322 942/327/3323 1000/150/3324 1073/145/3325
f 1795/1114/3326 1074/1850/3327 972/522/3328 1820/520/3329
f 1796/830/3330 998/1569/3331 1074/1850/3332 1795/1114/3333
f 998/1569/3334 941/613/3335 997/1855/3336 1074/1850/3337
f 997/1855/3338 1075/711/3339 996/988/3340 940/1753/3341
f 941/613/3342 999/431/3343 1075/711/3344 997/1855/3345
f 999/431/3346 1822/1095/3347 1821/1390/3348 1075/711/3349
f 1000/150/3350 1076/425/3351 970/1944/3352 936/596/3353
f 942/327/3354 1002/716/3355 1076/425/3356 1000/150/3357
f 1002/716/3358 1912/1692/3359 1127/37/3360 1076/425/3361
f 1003/1589/3362 1077/1293/3363 1196/441/3364 1197/1307/3365
f 943/1191/3366 1006/1874/3367 1077/1293/3368 1003/1589/3369
f 1006/1874/3370 938/1172/3371 1913/553/3372 1077/1293/3373
f 1007/735/3374 1078/1001/3375 968/1373/3376 934/29/3377
f 944/903/3378 1009/96/3379 1078/1001/3380 1007/735/3381
f 1009/96/3382 1125/1456/3383 1124/586/3384 1078/1001/3385
f 1010/1801/3386 1117/370/3387 1116/1511/3388 1079/1868/3389
f 945/541/3390 1010/1801/3391 1079/1868/3392 1012/375/3393
f 1012/375/3394 1079/1868/3395 955/1431/3396 920/1210/3397
f 1013/1243/3398 1080/1582/3399 991/1354/3400 933/310/3401
f 946/259/3402 1016/1533/3403 1080/1582/3404 1013/1243/3405
f 1016/1533/3406 931/1736/3407 965/1079/3408 1080/1582/3409
f 1018/114/3410 1081/444/3411 964/223/3412 930/867/3413
f 947/1116/3414 1021/1551/3415 1081/444/3416 1018/114/3417
f 1021/1551/3418 1910/1109/3419 963/504/3420 1081/444/3421
f 1022/1261/3422 1082/164/3423 1120/655/3424 1121/301/3425
f 948/832/3426 1024/1837/3427 1082/164/3428 1022/1261/3429
f 1024/1837/3430 929/1155/3431 984/754/3432 1082/164/3433
f 1025/1978/3434 1083/1020/3435 1800/1981/3436 1122/19/3437
f 949/1700/3438 1027/555/3439 1083/1020/3440 1025/1978/3441
f 1027/555/3442 927/1806/3443 960/293/3444 1083/1020/3445
f 1028/271/3446 1084/730/3447 1806/1716/3448 1805/9/3449
f 950/1411/3450 1031/1714/3451 1084/730/3452 1028/271/3453
f 1031/1714/3454 1209/1542/3455 1207/961/3456 1084/730/3457
f 1032/1425/3458 1085/1603/3459 1118/91/3460 1831/1041/3461
f 951/275/3462 1034/6/3463 1085/1603/3464 1032/1425/3465
f 1034/6/3466 924/362/3467 959/578/3468 1085/1603/3469
f 1035/862/3470 1086/1311/3471 956/1136/3472 921/83/3473
f 952/1983/3474 1038/1150/3475 1086/1311/3476 1035/862/3477
f 1038/1150/3478 923/647/3479 979/1890/3480 1086/1311/3481
f 1040/1731/3482 1087/182/3483 1802/558/3484 1801/848/3485
f 953/850/3486 1043/1939/3487 1087/182/3488 1040/1731/3489
f 1043/1939/3490 919/1503/3491 954/560/3492 1087/182/3493
f 1152/1439/3494 1151/1726/3495 1927/1365/3496 1136/55/3497 1921/1636/3498
f 1830/185/3499 1135/335/3500 1833/1624/3501 1834/1332/3502
f 900/666/3503 902/1248/3504 1146/1708/3505 1144/1125/3506
f 1827/1888/3507 1923/216/3508 1143/1420/3509 1828/1607/3510
f 1928/1072/3511 1154/782/3512 904/1824/3513 1134/1475/3514
f 1931/515/3515 1230/1792/3516 1001/1006/3517 937/1464/3518
f 1147/568/3519 883/1574/3520 911/1426/3521 1219/1195/3522
f 1157/231/3523 905/684/3524 913/1771/3525 1191/1578/3526 1189/997/3527 1156/1362/3528
f 1926/497/3529 1924/1918/3530 901/1538/3531 1925/785/3532
f 1150/857/3533 1153/1069/3534 1920/4/3535 1829/465/3536
f 1809/1923/3537 1149/1145/3538 888/436/3539 886/1860/3540
f 1832/751/3541 1179/1342/3542 1032/1425/3543 1831/1041/3544
f 1165/530/3545 1164/1671/3546 1836/1906/3547 1835/203/3548 1045/517/3549
f 1171/1034/3550 1012/375/3551 920/1210/3552 1172/744/3553 1170/178/3554
f 1237/1159/3555 1934/804/3556 1125/1456/3557 1009/96/3558
f 1200/1598/3559 1198/1015/3560 1002/716/3561 942/327/3562
f 1204/1524/3563 1160/512/3564 1159/801/3565 1026/1694/3566 949/1700/3567
f 1184/213/3568 1185/1846/3569 948/832/3570 1022/1261/3571
f 1218/331/3572 907/1266/3573 915/1348/3574 1217/617/3575
f 1905/252/3576 1140/1972/3577 899/957/3578 1906/1956/3579
f 1163/1953/3580 1203/1810/3581 909/1842/3582 917/921/3583 918/630/3584 910/1556/3585 1199/1881/3586 1187/421/3587
f 1179/1342/3588 1181/1915/3589 951/275/3590 1032/1425/3591
f 1229/87/3592 1224/70/3593 1222/1489/3594 1008/449/3595 1068/1347/3596 1917/1711/3597
f 1198/1015/3598 1194/1864/3599 1098/1546/3600 1912/1692/3601 1002/716/3602
f 1173/1617/3603 1114/929/3604 1011/660/3605 1168/822/3606 1169/458/3607
f 1181/1915/3608 1178/476/3609 1033/288/3610 951/275/3611
f 1235/582/3612 1237/1159/3613 1009/96/3614 944/903/3615
f 1935/1674/3616 1234/1722/3617 998/1569/3618 1796/830/3619
f 1208/670/3620 1211/123/3621 1093/674/3622
f 1176/1899/3623 1175/196/3624 1243/890/3625 1915/1128/3626 1052/1958/3627 1033/288/3628
f 1236/297/3629 1231/651/3630 1822/1095/3631 999/431/3632
f 1922/1345/3633 1188/141/3634 1186/1560/3635 1060/1038/3636 969/241/3637
f 1785/1462/3638 1165/530/3639 1045/517/3640 1042/1074/3641 1787/45/3642
f 1221/1775/3643 1235/582/3644 944/903/3645 1008/449/3646
f 1213/688/3647 906/398/3648 916/66/3649 1214/402/3650
f 1158/1934/3651 1223/349/3652 1238/871/3653 1202/942/3654 1199/1881/3655 910/1556/3656 914/1485/3657 1215/1270/3658 1166/249/3659
f 1167/1106/3660 945/541/3661 1012/375/3662 1171/1034/3663
f 1178/476/3664 1176/1899/3665 1033/288/3666
f 1933/1090/3667 1184/213/3668 1022/1261/3669 1121/301/3670
f 1141/840/3671 1100/127/3672 1137/1689/3673 1142/550/3674
f 1155/1652/3675 908/975/3676 912/137/3677 1138/1401/3678
f 1168/822/3679 1011/660/3680 945/541/3681 1167/1106/3682
f 1185/1846/3683 1183/494/3684 1023/132/3685 948/832/3686
f 1159/801/3687 1182/1633/3688 1794/257/3689 1026/1694/3690
f 1826/1024/3691 1825/1314/3692 903/119/3693 1145/1/3694
f 1211/123/3695 1210/1252/3696 1025/1978/3697 1122/19/3698 1093/674/3699
f 1214/402/3700 916/66/3701 908/975/3702 1155/1652/3703
f 1194/1864/3704 1932/234/3705 1098/1546/3706
f 1234/1722/3707 1233/15/3708 941/613/3709 998/1569/3710
f 1230/1792/3711 1201/1232/3712 1200/1598/3713 942/327/3714 1001/1006/3715
f 1217/617/3716 915/1348/3717 905/684/3718 1157/231/3719
f 1219/1195/3720 911/1426/3721 907/1266/3722 1218/331/3723
f 1233/15/3724 1236/297/3725 999/431/3726 941/613/3727
f 1138/1401/3728 912/137/3729 895/1030/3730 1139/947/3731
f 1183/494/3732 1180/1051/3733 925/1227/3734 1023/132/3735
f 1186/1560/3736 1786/1170/3737 1788/1751/3738 1019/970/3739 1060/1038/3740
f 1210/1252/3741 1204/1524/3742 949/1700/3743 1025/1978/3744
f 1148/283/3745 1220/907/3746 1810/1643/3747 887/721/3748
f 287/340/3749 288/60/3750 286/1480/3751 289/1695/3752
f 1246/1177/3753 367/1273/3754 1245/1469/3755 366/405/3756
f 427/1669/3757 1939/1604/3758 1248/1758/3759 428/1380/3760
f 1251/1968/3761 514/818/3762 1250/1102/3763 1937/1021/3764
