# This file uses centimeters as units for non-parametric coordinates.

mtllib barrel.mtl
g default
v -3.087891 -0.023338 -0.000023
v -3.568665 0.624436 -0.000004
v -2.691895 10.032905 -0.000012
v -3.114899 9.467606 0.000022
v -2.982669 -0.023338 -0.799218
v -3.447071 0.624437 -0.923649
v -2.600168 10.032905 -0.696728
v -3.008765 9.467608 -0.806191
v -2.674189 -0.023338 -1.543969
v -3.090564 0.624436 -1.784367
v -2.331250 10.032904 -1.345959
v -2.697590 9.467608 -1.557412
v -2.183461 -0.023338 -2.183495
v -2.523415 0.624436 -2.523441
v -1.903457 10.032907 -1.903454
v -2.202581 9.467607 -2.202553
v -1.543951 -0.023338 -2.674218
v -1.784329 0.624437 -3.090580
v -1.345942 10.032909 -2.331249
v -1.557454 9.467609 -2.697548
v -0.799202 -0.023338 -2.982689
v -0.923626 0.624436 -3.447086
v -0.696709 10.032904 -2.600170
v -0.806195 9.467607 -3.008767
v -0.000004 -0.023338 -3.087914
v -0.000005 0.624436 -3.568668
v 0.000007 10.032906 -2.691906
v 0.000007 9.467606 -3.114907
v 0.799217 -0.023338 -2.982689
v 0.923649 0.624438 -3.447086
v 0.696723 10.032907 -2.600170
v 0.806201 9.467605 -3.008767
v 1.543940 -0.023338 -2.674218
v 1.784336 0.624438 -3.090580
v 1.345953 10.032902 -2.331249
v 1.557445 9.467609 -2.697548
v 2.183467 -0.023338 -2.183495
v 2.523445 0.624437 -2.523441
v 1.903459 10.032905 -1.903454
v 2.202570 9.467604 -2.202553
v 2.674200 -0.023337 -1.543969
v 3.090558 0.624437 -1.784367
v 2.331257 10.032907 -1.345959
v 2.697582 9.467603 -1.557412
v 2.982663 -0.023338 -0.799218
v 3.447064 0.624438 -0.923649
v 2.600180 10.032906 -0.696728
v 3.008767 9.467602 -0.806191
v 3.087891 -0.023337 -0.000023
v 3.568680 0.624437 -0.000004
v 2.691895 10.032906 -0.000012
v 3.114914 9.467606 0.000022
v 2.982668 -0.023338 0.799171
v 3.447070 0.624438 0.923641
v 2.600168 10.032906 0.696705
v 3.008780 9.467602 0.806236
v 2.674188 -0.023337 1.543922
v 3.090563 0.624437 1.784359
v 2.331249 10.032907 1.345935
v 2.697590 9.467603 1.557456
v 2.183476 -0.023338 2.183448
v 2.523445 0.624437 2.523434
v 1.903456 10.032905 1.903431
v 2.202581 9.467603 2.202598
v 1.543950 -0.023338 2.674171
v 1.784328 0.624437 3.090572
v 1.345941 10.032902 2.331226
v 1.557454 9.467609 2.697593
v 0.799217 -0.023338 2.982643
v 0.923640 0.624437 3.447079
v 0.696709 10.032907 2.600147
v 0.806195 9.467605 3.008811
v 0.000003 -0.023338 3.087867
v 0.000004 0.624437 3.568661
v -0.000007 10.032906 2.691883
v 0.000008 9.467606 3.114952
v -0.799202 -0.023338 2.982643
v -0.923634 0.624437 3.447079
v -0.696724 10.032904 2.600147
v -0.806202 9.467607 3.008811
v -1.543940 -0.023338 2.674171
v -1.784336 0.624437 3.090572
v -1.345953 10.032909 2.331226
v -1.557445 9.467609 2.697593
v -2.183467 -0.023339 2.183448
v -2.523415 0.624436 2.523434
v -1.903459 10.032907 1.903431
v -2.202571 9.467607 2.202598
v -2.674186 -0.023338 1.543922
v -3.090559 0.624436 1.784359
v -2.331257 10.032904 1.345935
v -2.697583 9.467608 1.557456
v -2.982664 -0.023338 0.799171
v -3.447065 0.624437 0.923641
v -2.600181 10.032905 0.696705
v -3.008768 9.467608 0.806236
v -2.390995 10.032908 -0.640698
v -2.475342 10.032904 -0.000012
v -2.390988 10.032908 0.640674
v -2.143707 10.032907 1.237659
v -1.750327 10.032904 1.750354
v -1.237665 10.032905 2.143726
v -0.640674 10.032902 2.390980
v 0.000001 10.032906 2.475330
v 0.640668 10.032908 2.390980
v 1.237677 10.032907 2.143726
v 1.750329 10.032907 1.750293
v 2.143708 10.032904 1.237659
v 2.390995 10.032903 0.640674
v 2.475342 10.032907 -0.000012
v 2.390988 10.032903 -0.640698
v 2.143706 10.032904 -1.237683
v 1.750342 10.032907 -1.750317
v 1.237665 10.032907 -2.143688
v 0.640673 10.032908 -2.391003
v -0.000002 10.032906 -2.475353
v -0.640668 10.032902 -2.391003
v -1.237677 10.032905 -2.143688
v -1.750330 10.032904 -1.750317
v -2.143708 10.032907 -1.237683
v -2.302796 -0.023338 -0.000023
v -2.224340 -0.023338 -0.596032
v -1.994284 -0.023338 -1.151452
v -1.628321 -0.023338 -1.628319
v -1.151395 -0.023338 -1.994286
v -0.596008 -0.023338 -2.224328
v 0.000004 -0.023338 -2.302819
v 0.596008 -0.023338 -2.224328
v 1.151400 -0.023338 -1.994286
v 1.628332 -0.023338 -1.628319
v 1.994288 -0.023338 -1.151391
v 2.224329 -0.023338 -0.596032
v 2.302810 -0.023338 -0.000023
v 2.224339 -0.023338 0.595985
v 1.994298 -0.023338 1.151405
v 1.628321 -0.023338 1.628333
v 1.151410 -0.023338 1.994239
v 0.596008 -0.023338 2.224342
v -0.000005 -0.023338 2.302772
v -0.596009 -0.023338 2.224342
v -1.151401 -0.023338 1.994300
v -1.628332 -0.023338 1.628333
v -1.994273 -0.023338 1.151405
v -2.224330 -0.023338 0.595985
v -2.637759 1.113384 -1.522917
v -2.153715 1.113384 -2.153777
v -1.522913 1.113383 -2.637785
v -0.788319 1.113384 -2.942046
v -0.000006 1.113384 -3.045866
v 0.788326 1.113384 -2.942046
v 1.522924 1.113385 -2.637785
v 2.153734 1.113384 -2.153777
v 2.637769 1.113384 -1.522917
v 2.942041 1.113384 -0.788359
v 3.045837 1.113384 -0.000029
v 2.942053 1.113384 0.788301
v 2.637774 1.113384 1.522920
v 2.153730 1.113384 2.153718
v 1.522913 1.113385 2.637727
v 0.788318 1.113384 2.942049
v 0.000005 1.113384 3.045808
v -0.788312 1.113384 2.942049
v -1.522910 1.113385 2.637727
v -2.153720 1.113384 2.153718
v -2.637754 1.113384 1.522920
v -2.942042 1.113384 0.788301
v -3.045823 1.113384 -0.000029
v -2.942053 1.113384 -0.788359
v -2.224340 0.234415 -0.596001
v -2.302796 0.234415 0.000008
v -2.224330 0.234415 0.596016
v -1.994284 0.234415 -1.151421
v -1.628321 0.234415 -1.628288
v -1.151395 0.234415 -1.994255
v -0.596008 0.234415 -2.224358
v 0.000004 0.234415 -2.302788
v 0.596008 0.234415 -2.224358
v 1.151400 0.234416 -1.994255
v 1.628332 0.234416 -1.628288
v 1.994288 0.234416 -1.151421
v 2.224329 0.234416 -0.596001
v 2.302810 0.234416 0.000008
v 2.224339 0.234416 0.596016
v 1.994298 0.234416 1.151436
v 1.628321 0.234416 1.628365
v 1.151394 0.234416 1.994270
v 0.596008 0.234415 2.224373
v -0.000005 0.234415 2.302803
v -0.596009 0.234415 2.224373
v -1.151401 0.234415 1.994270
v -1.628332 0.234415 1.628365
v -1.994273 0.234415 1.151436
v -3.359436 1.365159 0.000016
v -2.970078 8.806627 0.000027
v -2.868876 8.806627 -0.768711
v -3.244972 1.365161 -0.869491
v -3.244974 1.365161 0.869523
v -2.868887 8.806627 0.768765
v -2.572158 8.806622 -1.485019
v -2.909370 1.365162 -1.679733
v -2.100162 8.806622 -2.100132
v -2.375493 1.365162 -2.375473
v -1.485042 8.806626 -2.572116
v -1.679718 1.365162 -2.909347
v -0.768705 8.806623 -2.868869
v -0.869487 1.365161 -3.244979
v 0.000002 8.806625 -2.970066
v 0.000001 1.365162 -3.359420
v 0.768709 8.806627 -2.868869
v 0.869496 1.365163 -3.244979
v 1.485050 8.806624 -2.572116
v 1.679718 1.365161 -2.909347
v 2.100155 8.806629 -2.100132
v 2.375484 1.365162 -2.375473
v 2.572175 8.806629 -1.485019
v 2.909356 1.365162 -1.679733
v 2.868887 8.806623 -0.768711
v 3.244973 1.365163 -0.869491
v 2.970078 8.806623 0.000027
v 3.359451 1.365162 0.000016
v 2.868876 8.806623 0.768765
v 3.244986 1.365163 0.869523
v 2.572173 8.806628 1.485074
v 2.909369 1.365162 1.679764
v 2.100162 8.806628 2.100186
v 2.375492 1.365162 2.375504
v 1.485042 8.806624 2.572171
v 1.679718 1.365161 2.909379
v 0.768720 8.806627 2.868924
v 0.869487 1.365162 3.245011
v -0.000003 8.806625 2.970120
v -0.000002 1.365162 3.359452
v -0.768710 8.806623 2.868924
v -0.869497 1.365163 3.245011
v -1.485036 8.806626 2.572171
v -1.679718 1.365162 2.909379
v -2.100156 8.806622 2.100186
v -2.375485 1.365161 2.375504
v -2.572160 8.806622 1.485074
v -2.909356 1.365162 1.679764
v -3.568665 4.556392 -0.000003
v -3.568665 5.466609 0.000027
v -3.447071 5.466610 -0.923618
v -3.447071 4.556393 -0.923648
v -3.447065 4.556393 0.923642
v -3.447065 5.466610 0.923672
v -3.090564 5.466609 -1.784335
v -3.090564 4.556392 -1.784366
v -2.523415 5.466609 -2.523410
v -2.523415 4.556392 -2.523441
v -1.784329 5.466611 -3.090549
v -1.784329 4.556394 -3.090579
v -0.923641 5.466610 -3.447055
v -0.923626 4.556393 -3.447086
v -0.000005 5.466610 -3.568637
v -0.000005 4.556393 -3.568668
v 0.923649 5.466609 -3.447055
v 0.923649 4.556392 -3.447086
v 1.784336 5.466609 -3.090549
v 1.784336 4.556391 -3.090579
v 2.523445 5.466610 -2.523410
v 2.523445 4.556393 -2.523441
v 3.090558 5.466610 -1.784335
v 3.090558 4.556393 -1.784366
v 3.447064 5.466609 -0.923618
v 3.447064 4.556392 -0.923648
v 3.568680 5.466610 0.000027
v 3.568680 4.556393 -0.000003
v 3.447070 5.466609 0.923672
v 3.447070 4.556392 0.923642
v 3.090563 5.466610 1.784390
v 3.090563 4.556393 1.784360
v 2.523445 5.466610 2.523465
v 2.523445 4.556393 2.523434
v 1.784328 5.466608 3.090603
v 1.784328 4.556391 3.090573
v 0.923640 5.466609 3.447110
v 0.923640 4.556392 3.447079
v 0.000004 5.466609 3.568692
v 0.000004 4.556392 3.568661
v -0.923634 5.466610 3.447110
v -0.923634 4.556393 3.447079
v -1.784336 5.466611 3.090603
v -1.784336 4.556394 3.090573
v -2.523415 5.466609 2.523465
v -2.523415 4.556392 2.523434
v -3.090559 5.466609 1.784390
v -3.090559 4.556392 1.784360
v -3.359436 0.624437 -0.000004
v -3.244972 0.624436 -0.869511
v -2.828839 9.468204 -0.757975
v -2.928635 9.468201 0.000020
v -2.909370 0.624436 -1.679752
v -2.536263 9.468200 -1.464274
v -2.375493 0.624436 -2.375492
v -2.070846 9.468202 -2.070841
v -1.679718 0.624436 -2.909367
v -1.464303 9.468201 -2.536234
v -0.869487 0.624436 -3.244999
v -0.757977 9.468204 -2.828837
v 0.000001 0.624436 -3.359440
v -0.000000 9.468201 -2.928629
v 0.869496 0.624437 -3.244999
v 0.757984 9.468198 -2.828837
v 1.679718 0.624437 -2.909367
v 1.464316 9.468201 -2.536234
v 2.375484 0.624437 -2.375492
v 2.070847 9.468200 -2.070841
v 2.909356 0.624437 -1.679752
v 2.536278 9.468202 -1.464274
v 3.244973 0.624437 -0.869511
v 2.828845 9.468197 -0.757975
v 3.359451 0.624438 -0.000004
v 2.928635 9.468201 0.000020
v 3.244986 0.624437 0.869503
v 2.828839 9.468204 0.758016
v 2.909369 0.624437 1.679745
v 2.536278 9.468202 1.464315
v 2.375492 0.624437 2.375484
v 2.070861 9.468200 2.070882
v 1.679718 0.624437 2.909359
v 1.464303 9.468201 2.536275
v 0.869487 0.624437 3.244991
v 0.757977 9.468198 2.828878
v -0.000002 0.624437 3.359432
v -0.000000 9.468201 2.928670
v -0.869497 0.624436 3.244991
v -0.757984 9.468204 2.828878
v -1.679718 0.624437 2.909359
v -1.464317 9.468201 2.536275
v -2.375485 0.624436 2.375484
v -2.070848 9.468201 2.070882
v -2.909356 0.624436 1.679745
v -2.536263 9.468200 1.464315
v -3.244974 0.624436 0.869503
v -2.828846 9.468204 0.758016
v -3.568665 1.365159 0.000016
v -3.447071 1.365160 -0.923629
v -3.158295 8.805455 -0.000028
v -3.050674 8.805456 -0.817472
v -3.090564 1.365160 -1.784347
v -2.735174 8.805458 -1.579191
v -3.090559 1.365162 1.784379
v -3.447065 1.365160 0.923661
v -2.735164 8.805458 1.579134
v -3.050675 8.805456 0.817416
v -2.523415 1.365161 2.523453
v -2.233252 8.805455 2.233248
v -1.784336 1.365161 3.090592
v -1.579140 8.805460 2.735140
v -0.923634 1.365162 3.447098
v -0.817435 8.805458 3.050631
v 0.000004 1.365162 3.568680
v -0.000005 8.805458 3.158297
v 0.923640 1.365161 3.447098
v 0.817423 8.805457 3.050631
v 1.784328 1.365162 3.090592
v 1.579155 8.805455 2.735140
v 2.523445 1.365162 2.523453
v 2.233256 8.805460 2.233248
v 3.090563 1.365162 1.784379
v 2.735173 8.805458 1.579134
v 3.447070 1.365161 0.923661
v 3.050674 8.805460 0.817416
v 3.568680 1.365163 0.000016
v 3.158295 8.805461 -0.000028
v 3.447064 1.365161 -0.923629
v 3.050675 8.805460 -0.817472
v 3.090558 1.365162 -1.784347
v 2.735163 8.805458 -1.579191
v 2.523445 1.365162 -2.523422
v 2.233251 8.805460 -2.233305
v 1.784336 1.365162 -3.090560
v 1.579155 8.805455 -2.735197
v 0.923649 1.365161 -3.447067
v 0.817434 8.805457 -3.050687
v -0.000005 1.365162 -3.568649
v 0.000005 8.805458 -3.158292
v -0.923626 1.365162 -3.447067
v -0.817423 8.805458 -3.050687
v -1.784329 1.365161 -3.090560
v -1.579140 8.805461 -2.735197
v -2.523415 1.365162 -2.523422
v -2.233241 8.805456 -2.233305
v -3.244974 4.556394 0.869504
v -3.359436 4.556394 -0.000003
v -3.244974 5.466611 0.869534
v -3.359436 5.466611 0.000027
v -2.909370 4.556393 -1.679752
v -2.375493 4.556392 -2.375491
v -2.909370 5.466610 -1.679721
v -2.375493 5.466609 -2.375461
v -1.679718 4.556393 -2.909366
v -1.679718 5.466610 -2.909336
v -0.869487 4.556394 -3.244998
v -0.869487 5.466611 -3.244968
v 0.000001 4.556393 -3.359439
v 0.000001 5.466610 -3.359409
v 0.869496 4.556392 -3.244998
v 0.869496 5.466609 -3.244968
v 1.679718 4.556392 -2.909366
v 1.679718 5.466609 -2.909336
v 2.375484 4.556393 -2.375491
v 2.375484 5.466610 -2.375461
v 2.909356 4.556393 -1.679752
v 2.909356 5.466610 -1.679721
v 3.244973 4.556392 -0.869510
v 3.244973 5.466609 -0.869480
v 3.359451 4.556391 -0.000003
v 3.359451 5.466609 0.000027
v 3.244986 4.556392 0.869504
v 3.244986 5.466609 0.869534
v 2.909369 4.556393 1.679745
v 2.909369 5.466610 1.679776
v 2.375492 4.556393 2.375485
v 2.375492 5.466610 2.375515
v 1.679718 4.556392 2.909360
v 1.679718 5.466609 2.909390
v 0.869487 4.556391 3.244992
v 0.869487 5.466609 3.245022
v -0.000002 4.556392 3.359433
v -0.000002 5.466609 3.359463
v -0.869497 4.556394 3.244992
v -0.869497 5.466611 3.245022
v -1.679718 4.556393 2.909360
v -1.679718 5.466610 2.909390
v -2.375485 4.556392 2.375485
v -2.375485 5.466609 2.375515
v -2.909356 4.556392 1.679745
v -2.909356 5.466609 1.679776
v -3.244972 4.556394 -0.869510
v -3.244987 5.466611 -0.869480
v 2.672198 5.573142 1.542765
v 0.798613 5.573144 -2.980428
v -2.672194 5.573144 1.542765
v 2.181838 5.573143 2.181803
v 1.542794 5.573142 -2.672201
v -2.980438 5.573142 0.798563
v 1.542807 5.573141 2.672160
v 2.181839 5.573143 -2.181844
v -2.672198 5.573144 -1.542806
v 0.798615 5.573144 2.980448
v 2.672193 5.573142 -1.542806
v -3.085587 5.573142 -0.000020
v -2.980440 5.573142 -0.798604
v -2.181839 5.573143 -2.181844
v 0.000004 5.573143 3.085551
v 2.980452 5.573144 -0.798604
v -1.542792 5.573144 -2.672201
v -0.798599 5.573142 2.980448
v 3.085586 5.573144 -0.000020
v 2.980439 5.573144 0.798563
v -0.798600 5.573142 -2.980489
v -0.000005 5.573143 -3.085592
v -1.542780 5.573144 2.672160
v -2.181840 5.573143 2.181803
v -3.359436 0.624437 -0.000004
v -3.244972 0.624436 -0.869511
v -2.982669 -0.023338 -0.799218
v -3.087891 -0.023338 -0.000023
v -2.828839 9.468204 -0.757975
v -2.928635 9.468201 0.000020
v -2.691895 10.032905 -0.000012
v -2.600168 10.032905 -0.696728
v -2.909370 0.624436 -1.679752
v -2.674189 -0.023338 -1.543969
v -2.536263 9.468200 -1.464274
v -2.331250 10.032904 -1.345959
v -2.375493 0.624436 -2.375492
v -2.183461 -0.023338 -2.183495
v -2.070846 9.468202 -2.070841
v -1.903457 10.032907 -1.903454
v -1.679718 0.624436 -2.909367
v -1.543951 -0.023338 -2.674218
v -1.464303 9.468201 -2.536234
v -1.345942 10.032909 -2.331249
v -0.869487 0.624436 -3.244999
v -0.799202 -0.023338 -2.982689
v -0.757977 9.468204 -2.828837
v -0.696709 10.032904 -2.600170
v 0.000001 0.624436 -3.359440
v -0.000004 -0.023338 -3.087914
v -0.000000 9.468201 -2.928629
v 0.000007 10.032906 -2.691906
v 0.869496 0.624437 -3.244999
v 0.799217 -0.023338 -2.982689
v 0.757984 9.468198 -2.828837
v 0.696723 10.032907 -2.600170
v 1.679718 0.624437 -2.909367
v 1.543940 -0.023338 -2.674218
v 1.464316 9.468201 -2.536234
v 1.345953 10.032902 -2.331249
v 2.375484 0.624437 -2.375492
v 2.183467 -0.023338 -2.183495
v 2.070847 9.468200 -2.070841
v 1.903459 10.032905 -1.903454
v 2.909356 0.624437 -1.679752
v 2.674200 -0.023337 -1.543969
v 2.536278 9.468202 -1.464274
v 2.331257 10.032907 -1.345959
v 3.244973 0.624437 -0.869511
v 2.982663 -0.023338 -0.799218
v 2.828845 9.468197 -0.757975
v 2.600180 10.032906 -0.696728
v 3.359451 0.624438 -0.000004
v 3.087891 -0.023337 -0.000023
v 2.928635 9.468201 0.000020
v 2.691895 10.032906 -0.000012
v 3.244986 0.624437 0.869503
v 2.982668 -0.023338 0.799171
v 2.828839 9.468204 0.758016
v 2.600168 10.032906 0.696705
v 2.909369 0.624437 1.679745
v 2.674188 -0.023337 1.543922
v 2.536278 9.468202 1.464315
v 2.331249 10.032907 1.345935
v 2.375492 0.624437 2.375484
v 2.183476 -0.023338 2.183448
v 2.070861 9.468200 2.070882
v 1.903456 10.032905 1.903431
v 1.679718 0.624437 2.909359
v 1.543950 -0.023338 2.674171
v 1.464303 9.468201 2.536275
v 1.345941 10.032902 2.331226
v 0.869487 0.624437 3.244991
v 0.799217 -0.023338 2.982643
v 0.757977 9.468198 2.828878
v 0.696709 10.032907 2.600147
v -0.000002 0.624437 3.359432
v 0.000003 -0.023338 3.087867
v -0.000000 9.468201 2.928670
v -0.000007 10.032906 2.691883
v -0.869497 0.624436 3.244991
v -0.799202 -0.023338 2.982643
v -0.757984 9.468204 2.828878
v -0.696724 10.032904 2.600147
v -1.679718 0.624437 2.909359
v -1.543940 -0.023338 2.674171
v -1.464317 9.468201 2.536275
v -1.345953 10.032909 2.331226
v -2.375485 0.624436 2.375484
v -2.183467 -0.023339 2.183448
v -2.070848 9.468201 2.070882
v -1.903459 10.032907 1.903431
v -2.909356 0.624436 1.679745
v -2.674186 -0.023338 1.543922
v -2.536263 9.468200 1.464315
v -2.331257 10.032904 1.345935
v -3.244974 0.624436 0.869503
v -2.982664 -0.023338 0.799171
v -2.828846 9.468204 0.758016
v -2.600181 10.032905 0.696705
v -2.475342 10.032904 -0.000012
v -2.390995 10.032908 -0.640698
v -2.143708 10.032907 -1.237683
v -2.390988 10.032908 0.640674
v -2.143707 10.032907 1.237659
v -1.750327 10.032904 1.750354
v -1.237665 10.032905 2.143726
v -0.640674 10.032902 2.390980
v 0.000001 10.032906 2.475330
v 0.640668 10.032908 2.390980
v 1.237677 10.032907 2.143726
v 1.750329 10.032907 1.750293
v 2.143708 10.032904 1.237659
v 2.390995 10.032903 0.640674
v 2.475342 10.032907 -0.000012
v 2.390988 10.032903 -0.640698
v 2.143706 10.032904 -1.237683
v 1.750342 10.032907 -1.750317
v 1.237665 10.032907 -2.143688
v 0.640673 10.032908 -2.391003
v -0.000002 10.032906 -2.475353
v -0.640668 10.032902 -2.391003
v -1.237677 10.032905 -2.143688
v -1.750330 10.032904 -1.750317
v -2.224340 -0.023338 -0.596032
v -2.302796 -0.023338 -0.000023
v -2.224330 -0.023338 0.595985
v -1.994284 -0.023338 -1.151452
v -1.628321 -0.023338 -1.628319
v -1.151395 -0.023338 -1.994286
v -0.596008 -0.023338 -2.224328
v 0.000004 -0.023338 -2.302819
v 0.596008 -0.023338 -2.224328
v 1.151400 -0.023338 -1.994286
v 1.628332 -0.023338 -1.628319
v 1.994288 -0.023338 -1.151391
v 2.224329 -0.023338 -0.596032
v 2.302810 -0.023338 -0.000023
v 2.224339 -0.023338 0.595985
v 1.994298 -0.023338 1.151405
v 1.628321 -0.023338 1.628333
v 1.151410 -0.023338 1.994239
v 0.596008 -0.023338 2.224342
v -0.000005 -0.023338 2.302772
v -0.596009 -0.023338 2.224342
v -1.151401 -0.023338 1.994300
v -1.628332 -0.023338 1.628333
v -1.994273 -0.023338 1.151405
v -2.224340 0.234415 -0.596001
v -2.302796 0.234415 0.000008
v -2.224330 0.234415 0.596016
v -1.994284 0.234415 -1.151421
v -1.628321 0.234415 -1.628288
v -1.151395 0.234415 -1.994255
v -0.596008 0.234415 -2.224358
v 0.000004 0.234415 -2.302788
v 0.596008 0.234415 -2.224358
v 1.151400 0.234416 -1.994255
v 1.628332 0.234416 -1.628288
v 1.994288 0.234416 -1.151421
v 2.224329 0.234416 -0.596001
v 2.302810 0.234416 0.000008
v 2.224339 0.234416 0.596016
v 1.994298 0.234416 1.151436
v 1.628321 0.234416 1.628365
v 1.151394 0.234416 1.994270
v 0.596008 0.234415 2.224373
v -0.000005 0.234415 2.302803
v -0.596009 0.234415 2.224373
v -1.151401 0.234415 1.994270
v -1.628332 0.234415 1.628365
v -1.994273 0.234415 1.151436
v -3.359436 1.365159 0.000016
v -3.244972 1.365161 -0.869491
v -2.970078 8.806627 0.000027
v -2.868876 8.806627 -0.768711
v -2.909370 1.365162 -1.679733
v -2.572158 8.806622 -1.485019
v -2.909356 1.365162 1.679764
v -3.244974 1.365161 0.869523
v -2.572160 8.806622 1.485074
v -2.868887 8.806627 0.768765
v -2.375485 1.365161 2.375504
v -2.100156 8.806622 2.100186
v -1.679718 1.365162 2.909379
v -1.485036 8.806626 2.572171
v -0.869497 1.365163 3.245011
v -0.768710 8.806623 2.868924
v -0.000002 1.365162 3.359452
v -0.000003 8.806625 2.970120
v 0.869487 1.365162 3.245011
v 0.768720 8.806627 2.868924
v 1.679718 1.365161 2.909379
v 1.485042 8.806624 2.572171
v 2.375492 1.365162 2.375504
v 2.100162 8.806628 2.100186
v 2.909369 1.365162 1.679764
v 2.572173 8.806628 1.485074
v 3.244986 1.365163 0.869523
v 2.868876 8.806623 0.768765
v 3.359451 1.365162 0.000016
v 2.970078 8.806623 0.000027
v 3.244973 1.365163 -0.869491
v 2.868887 8.806623 -0.768711
v 2.909356 1.365162 -1.679733
v 2.572175 8.806629 -1.485019
v 2.375484 1.365162 -2.375473
v 2.100155 8.806629 -2.100132
v 1.679718 1.365161 -2.909347
v 1.485050 8.806624 -2.572116
v 0.869496 1.365163 -3.244979
v 0.768709 8.806627 -2.868869
v 0.000001 1.365162 -3.359420
v 0.000002 8.806625 -2.970066
v -0.869487 1.365161 -3.244979
v -0.768705 8.806623 -2.868869
v -1.679718 1.365162 -2.909347
v -1.485042 8.806626 -2.572116
v -2.375493 1.365162 -2.375473
v -2.100162 8.806622 -2.100132
v -3.244974 4.556394 0.869504
v -3.359436 4.556394 -0.000003
v -3.244974 5.466611 0.869534
v -3.359436 5.466611 0.000027
v -2.909370 4.556393 -1.679752
v -2.375493 4.556392 -2.375491
v -2.909370 5.466610 -1.679721
v -2.375493 5.466609 -2.375461
v -1.679718 4.556393 -2.909366
v -1.679718 5.466610 -2.909336
v -0.869487 4.556394 -3.244998
v -0.869487 5.466611 -3.244968
v 0.000001 4.556393 -3.359439
v 0.000001 5.466610 -3.359409
v 0.869496 4.556392 -3.244998
v 0.869496 5.466609 -3.244968
v 1.679718 4.556392 -2.909366
v 1.679718 5.466609 -2.909336
v 2.375484 4.556393 -2.375491
v 2.375484 5.466610 -2.375461
v 2.909356 4.556393 -1.679752
v 2.909356 5.466610 -1.679721
v 3.244973 4.556392 -0.869510
v 3.244973 5.466609 -0.869480
v 3.359451 4.556391 -0.000003
v 3.359451 5.466609 0.000027
v 3.244986 4.556392 0.869504
v 3.244986 5.466609 0.869534
v 2.909369 4.556393 1.679745
v 2.909369 5.466610 1.679776
v 2.375492 4.556393 2.375485
v 2.375492 5.466610 2.375515
v 1.679718 4.556392 2.909360
v 1.679718 5.466609 2.909390
v 0.869487 4.556391 3.244992
v 0.869487 5.466609 3.245022
v -0.000002 4.556392 3.359433
v -0.000002 5.466609 3.359463
v -0.869497 4.556394 3.244992
v -0.869497 5.466611 3.245022
v -1.679718 4.556393 2.909360
v -1.679718 5.466610 2.909390
v -2.375485 4.556392 2.375485
v -2.375485 5.466609 2.375515
v -2.909356 4.556392 1.679745
v -2.909356 5.466609 1.679776
v -3.244972 4.556394 -0.869510
v -3.244987 5.466611 -0.869480
v -3.568665 0.624436 -0.000004
v -3.447071 0.624437 -0.923649
v -3.008765 9.467608 -0.806191
v -3.114899 9.467606 0.000022
v -3.090564 0.624436 -1.784367
v -2.697590 9.467608 -1.557412
v -2.523415 0.624436 -2.523441
v -2.202581 9.467607 -2.202553
v -1.784329 0.624437 -3.090580
v -1.557454 9.467609 -2.697548
v -0.923626 0.624436 -3.447086
v -0.806195 9.467607 -3.008767
v -0.000005 0.624436 -3.568668
v 0.000007 9.467606 -3.114907
v 0.923649 0.624438 -3.447086
v 0.806201 9.467605 -3.008767
v 1.784336 0.624438 -3.090580
v 1.557445 9.467609 -2.697548
v 2.523445 0.624437 -2.523441
v 2.202570 9.467604 -2.202553
v 3.090558 0.624437 -1.784367
v 2.697582 9.467603 -1.557412
v 3.447064 0.624438 -0.923649
v 3.008767 9.467602 -0.806191
v 3.568680 0.624437 -0.000004
v 3.114914 9.467606 0.000022
v 3.447070 0.624438 0.923641
v 3.008780 9.467602 0.806236
v 3.090563 0.624437 1.784359
v 2.697590 9.467603 1.557456
v 2.523445 0.624437 2.523434
v 2.202581 9.467603 2.202598
v 1.784328 0.624437 3.090572
v 1.557454 9.467609 2.697593
v 0.923640 0.624437 3.447079
v 0.806195 9.467605 3.008811
v 0.000004 0.624437 3.568661
v 0.000008 9.467606 3.114952
v -0.923634 0.624437 3.447079
v -0.806202 9.467607 3.008811
v -1.784336 0.624437 3.090572
v -1.557445 9.467609 2.697593
v -2.523415 0.624436 2.523434
v -2.202571 9.467607 2.202598
v -3.090559 0.624436 1.784359
v -2.697583 9.467608 1.557456
v -3.447065 0.624437 0.923641
v -3.008768 9.467608 0.806236
v -3.568665 1.365159 0.000016
v -3.447071 1.365160 -0.923629
v -3.158295 8.805455 -0.000028
v -3.050674 8.805456 -0.817472
v -3.090564 1.365160 -1.784347
v -2.735174 8.805458 -1.579191
v -3.090559 1.365162 1.784379
v -3.447065 1.365160 0.923661
v -2.735164 8.805458 1.579134
v -3.050675 8.805456 0.817416
v -2.523415 1.365161 2.523453
v -2.233252 8.805455 2.233248
v -1.784336 1.365161 3.090592
v -1.579140 8.805460 2.735140
v -0.923634 1.365162 3.447098
v -0.817435 8.805458 3.050631
v 0.000004 1.365162 3.568680
v -0.000005 8.805458 3.158297
v 0.923640 1.365161 3.447098
v 0.817423 8.805457 3.050631
v 1.784328 1.365162 3.090592
v 1.579155 8.805455 2.735140
v 2.523445 1.365162 2.523453
v 2.233256 8.805460 2.233248
v 3.090563 1.365162 1.784379
v 2.735173 8.805458 1.579134
v 3.447070 1.365161 0.923661
v 3.050674 8.805460 0.817416
v 3.568680 1.365163 0.000016
v 3.158295 8.805461 -0.000028
v 3.447064 1.365161 -0.923629
v 3.050675 8.805460 -0.817472
v 3.090558 1.365162 -1.784347
v 2.735163 8.805458 -1.579191
v 2.523445 1.365162 -2.523422
v 2.233251 8.805460 -2.233305
v 1.784336 1.365162 -3.090560
v 1.579155 8.805455 -2.735197
v 0.923649 1.365161 -3.447067
v 0.817434 8.805457 -3.050687
v -0.000005 1.365162 -3.568649
v 0.000005 8.805458 -3.158292
v -0.923626 1.365162 -3.447067
v -0.817423 8.805458 -3.050687
v -1.784329 1.365161 -3.090560
v -1.579140 8.805461 -2.735197
v -2.523415 1.365162 -2.523422
v -2.233241 8.805456 -2.233305
v -3.447065 4.556393 0.923642
v -3.568665 4.556392 -0.000003
v -3.447065 5.466610 0.923672
v -3.568665 5.466609 0.000027
v -3.090564 4.556392 -1.784366
v -2.523415 4.556392 -2.523441
v -3.090564 5.466609 -1.784335
v -2.523415 5.466609 -2.523410
v -1.784329 4.556394 -3.090579
v -1.784329 5.466611 -3.090549
v -0.923626 4.556393 -3.447086
v -0.923641 5.466610 -3.447055
v -0.000005 4.556393 -3.568668
v -0.000005 5.466610 -3.568637
v 0.923649 4.556392 -3.447086
v 0.923649 5.466609 -3.447055
v 1.784336 4.556391 -3.090579
v 1.784336 5.466609 -3.090549
v 2.523445 4.556393 -2.523441
v 2.523445 5.466610 -2.523410
v 3.090558 4.556393 -1.784366
v 3.090558 5.466610 -1.784335
v 3.447064 4.556392 -0.923648
v 3.447064 5.466609 -0.923618
v 3.568680 4.556393 -0.000003
v 3.568680 5.466610 0.000027
v 3.447070 4.556392 0.923642
v 3.447070 5.466609 0.923672
v 3.090563 4.556393 1.784360
v 3.090563 5.466610 1.784390
v 2.523445 4.556393 2.523434
v 2.523445 5.466610 2.523465
v 1.784328 4.556391 3.090573
v 1.784328 5.466608 3.090603
v 0.923640 4.556392 3.447079
v 0.923640 5.466609 3.447110
v 0.000004 4.556392 3.568661
v 0.000004 5.466609 3.568692
v -0.923634 4.556393 3.447079
v -0.923634 5.466610 3.447110
v -1.784336 4.556394 3.090573
v -1.784336 5.466611 3.090603
v -2.523415 4.556392 2.523434
v -2.523415 5.466609 2.523465
v -3.090559 4.556392 1.784360
v -3.090559 5.466609 1.784390
v -3.447071 4.556393 -0.923648
v -3.447071 5.466610 -0.923618
vt 0.397275 0.835095
vt 0.805997 0.656079
vt 0.863963 0.744021
vt 0.537910 0.894241
vt 0.719418 0.828014
vt 0.905940 0.787174
vt 0.964685 0.670579
vt 0.902928 0.801609
vt 0.032056 0.897629
vt 0.000960 0.772245
vt 0.219064 0.708016
vt 0.513412 0.841465
vt 0.942406 0.908346
vt 0.947968 0.686182
vt 0.000513 0.856522
vt 0.671595 0.832114
vt 0.464752 0.735299
vt 0.462311 0.747349
vt 0.932456 0.656079
vt 0.887116 0.845790
vt 0.887922 0.830329
vt 0.339162 0.863702
vt 0.148481 0.849284
vt 0.928865 0.815972
vt 0.883625 0.656693
vt 0.316368 0.756493
vt 0.082674 0.841369
vt 0.953023 0.734279
vt 0.887969 0.786953
vt 0.389936 0.766029
vt 0.929839 0.772322
vt 0.521614 0.742041
vt 0.145682 0.682458
vt 0.863095 0.656079
vt 0.908276 0.817252
vt 0.926680 0.686368
vt 0.389936 0.807889
vt 0.878034 0.686422
vt 0.537910 0.821470
vt 0.141552 0.745185
vt 0.909318 0.772725
vt 0.926764 0.744133
vt 0.899527 0.787192
vt 0.923539 0.802124
vt 0.485334 0.786097
vt 0.000839 0.707402
vt 0.311547 0.803394
vt 0.328153 0.655284
vt 0.943332 0.945928
vt 0.899457 0.743931
vt 0.967039 0.784685
vt 0.065906 0.839000
vt 0.719418 0.832114
vt 0.321227 0.665283
vt 0.899411 0.715091
vt 0.933077 0.700346
vt 0.931971 0.895633
vt 0.339162 0.682309
vt 0.301967 0.849284
vt 0.929671 0.685944
vt 0.477535 0.696596
vt 0.942242 0.883171
vt 0.887992 0.801375
vt 0.932028 0.857443
vt 0.850662 0.740028
vt 0.928949 0.895663
vt 0.328279 0.848752
vt 0.944638 0.714977
vt 0.909164 0.686045
vt 0.860662 0.801902
vt 0.397275 0.682309
vt 0.805997 0.836313
vt 0.923410 0.671791
vt 0.526340 0.701587
vt 0.295169 0.760494
vt 0.923355 0.729700
vt 0.859495 0.845806
vt 0.904781 0.656727
vt 0.392227 0.723851
vt 0.909292 0.758283
vt 0.476691 0.738931
vt 0.295169 0.703107
vt 0.220239 0.683035
vt 0.493770 0.810305
vt 0.964447 0.797237
vt 0.903755 0.656933
vt 0.948957 0.816206
vt 0.551674 0.787659
vt 0.002774 0.823953
vt 0.149712 0.655284
vt 0.319703 0.690487
vt 0.526909 0.891834
vt 0.931898 0.882949
vt 0.948119 0.772546
vt 0.260107 0.849284
vt 0.884591 0.786959
vt 0.464389 0.771766
vt 0.494716 0.698064
vt 0.932235 0.844604
vt 0.932350 0.816648
vt 0.887223 0.656079
vt 0.339162 0.724169
vt 0.884521 0.743698
vt 0.308677 0.915556
vt 0.082674 0.893515
vt 0.864031 0.787427
vt 0.881519 0.758785
vt 0.393491 0.807450
vt 0.878216 0.816705
vt 0.080267 0.882513
vt 0.294142 0.669378
vt 0.147454 0.808014
vt 0.863963 0.744021
vt 0.881451 0.715379
vt 0.232201 0.798510
vt 0.923302 0.700817
vt 0.101581 0.831056
vt 0.295169 0.655284
vt 0.652465 0.828014
vt 0.071467 0.709094
vt 0.944807 0.801518
vt 0.967762 0.670788
vt 0.059143 0.890372
vt 0.299270 0.760494
vt 0.071871 0.783051
vt 0.963585 0.709104
vt 0.944720 0.758157
vt 0.945399 0.908307
vt 0.444457 0.752534
vt 0.299270 0.703107
vt 0.303269 0.722744
vt 0.944807 0.801518
vt 0.887779 0.671409
vt 0.932456 0.656079
vt 0.887116 0.845790
vt 0.446692 0.715605
vt 0.950848 0.784928
vt 0.518474 0.782865
vt 0.942682 0.845063
vt 0.887853 0.714852
vt 0.953023 0.734279
vt 0.798432 0.711345
vt 0.864008 0.772958
vt 0.328279 0.885120
vt 0.291463 0.763255
vt 0.878041 0.700912
vt 0.859495 0.656727
vt 0.904781 0.816544
vt 0.797167 0.753173
vt 0.863940 0.729552
vt 0.521736 0.881831
vt 0.738547 0.828014
vt 0.905934 0.772729
vt 0.964162 0.683517
vt 0.902905 0.787186
vt 0.014534 0.890372
vt 0.000540 0.746341
vt 0.547949 0.682309
vt 0.500569 0.826543
vt 0.462189 0.759652
vt 0.942620 0.920868
vt 0.902835 0.743926
vt 0.007771 0.839000
vt 0.690724 0.832114
vt 0.314126 0.745540
vt 0.510519 0.863446
vt 0.954070 0.656079
vt 0.932863 0.959454
vt 0.933077 0.700346
vt 0.339162 0.849749
vt 0.930058 0.946039
vt 0.476201 0.713763
vt 0.523846 0.766320
vt 0.953042 0.721527
vt 0.887992 0.801375
vt 0.339162 0.807889
vt 0.929813 0.757928
vt 0.319775 0.861346
vt 0.143139 0.703315
vt 0.909210 0.801752
vt 0.905764 0.686064
vt 0.389936 0.821843
vt 0.878157 0.671827
vt 0.528535 0.718686
vt 0.142377 0.766152
vt 0.909292 0.758283
vt 0.926737 0.729693
vt 0.899504 0.772772
vt 0.923456 0.787497
vt 0.476436 0.768383
vt 0.001621 0.681376
vt 0.308677 0.818316
vt 0.945472 0.656251
vt 0.900157 0.845966
vt 0.899434 0.729511
vt 0.967424 0.797129
vt 0.709853 0.832114
vt 0.148628 0.745929
vt 0.476348 0.811199
vt 0.963761 0.772267
vt 0.932385 0.920865
vt 0.931898 0.882949
vt 0.450038 0.826241
vt 0.858468 0.666523
vt 0.950881 0.669874
vt 0.315343 0.781722
vt 0.899374 0.686236
vt 0.888006 0.815808
vt 0.932235 0.844604
vt 0.851035 0.727697
vt 0.929122 0.908323
vt 0.502040 0.682309
vt 0.547053 0.814366
vt 0.942406 0.908346
vt 0.878295 0.831362
vt 0.860642 0.787433
vt 0.395174 0.696104
vt 0.862996 0.846516
vt 0.908375 0.656079
vt 0.322211 0.825226
vt 0.295169 0.741365
vt 0.923328 0.715260
vt 0.860574 0.744026
vt 0.391384 0.737779
vt 0.909265 0.743843
vt 0.485825 0.721447
vt 0.295169 0.683978
vt 0.070991 0.721432
vt 0.547391 0.815393
vt 0.964947 0.809779
vt 0.948250 0.801434
vt 0.539464 0.772075
vt 0.748112 0.832114
vt 0.468834 0.783258
vt 0.475367 0.793725
vt 0.942682 0.845063
vt 0.948092 0.758150
vt 0.445575 0.789514
vt 0.884568 0.772539
vt 0.314126 0.712112
vt 0.547391 0.900318
vt 0.932517 0.831599
vt 0.887779 0.671409
vt 0.339162 0.710216
vt 0.884498 0.729278
vt 0.534907 0.788137
vt 0.535203 0.708400
vt 0.864008 0.772958
vt 0.887853 0.714852
vt 0.389936 0.696263
vt 0.878195 0.802203
vt 0.077606 0.862301
vt 0.291421 0.690130
vt 0.863940 0.729552
vt 0.881431 0.700909
vt 0.246154 0.798510
vt 0.878130 0.758791
vt 0.547841 0.896902
vt 0.671595 0.828014
vt 0.075065 0.821244
vt 0.222318 0.657433
vt 0.944673 0.671682
vt 0.967225 0.683621
vt 0.041621 0.897629
vt 0.299270 0.741365
vt 0.073091 0.684138
vt 0.899504 0.772772
vt 0.944693 0.743763
vt 0.945604 0.920807
vt 0.000513 0.866087
vt 0.299270 0.683978
vt 0.451190 0.746300
vt 0.943109 0.832191
vt 0.887816 0.685986
vt 0.932863 0.959454
vt 0.954070 0.656079
vt 0.448180 0.703359
vt 0.951275 0.797473
vt 0.325839 0.897037
vt 0.944745 0.772552
vt 0.887875 0.729273
vt 0.953042 0.721527
vt 0.797589 0.725272
vt 0.929375 0.831591
vt 0.510519 0.755418
vt 0.294142 0.784129
vt 0.147454 0.672117
vt 0.878034 0.686422
vt 0.905812 0.801635
vt 0.797589 0.767119
vt 0.863918 0.715082
vt 0.513935 0.862996
vt 0.141541 0.734706
vt 0.905910 0.758289
vt 0.963823 0.696338
vt 0.902882 0.772766
vt 0.559943 0.703685
vt 0.509492 0.803469
vt 0.000614 0.720394
vt 0.543814 0.699522
vt 0.510519 0.852265
vt 0.942919 0.933362
vt 0.902812 0.729505
vt 0.022817 0.827455
vt 0.073163 0.856522
vt 0.493770 0.810305
vt 0.464752 0.735299
vt 0.954041 0.669906
vt 0.932385 0.920865
vt 0.339162 0.835796
vt 0.928865 0.656693
vt 0.883625 0.845111
vt 0.319703 0.767165
vt 0.077084 0.851052
vt 0.953154 0.708729
vt 0.888006 0.815808
vt 0.339162 0.793936
vt 0.929785 0.743535
vt 0.523960 0.730033
vt 0.521614 0.742041
vt 0.923410 0.671791
vt 0.881758 0.831256
vt 0.389936 0.835796
vt 0.879097 0.656295
vt 0.924245 0.817464
vt 0.316406 0.839269
vt 0.144307 0.787108
vt 0.909265 0.743843
vt 0.926710 0.715254
vt 0.899481 0.758351
vt 0.923432 0.773024
vt 0.474734 0.748665
vt 0.002702 0.655284
vt 0.149775 0.797484
vt 0.075649 0.658495
vt 0.221840 0.795740
vt 0.944313 0.959068
vt 0.965981 0.656827
vt 0.899411 0.715091
vt 0.967960 0.809583
vt 0.070688 0.875325
vt 0.148481 0.720097
vt 0.315343 0.675930
vt 0.899388 0.700669
vt 0.933102 0.714742
vt 0.945730 0.845145
vt 0.856243 0.678657
vt 0.950567 0.682906
vt 0.489092 0.688469
vt 0.964447 0.797237
vt 0.933184 0.757922
vt 0.932517 0.831599
vt 0.851780 0.715384
vt 0.929384 0.920937
vt 0.328153 0.802367
vt 0.311547 0.930479
vt 0.944611 0.700582
vt 0.863936 0.830984
vt 0.860619 0.772964
vt 0.288014 0.798510
vt 0.923292 0.686357
vt 0.101581 0.903828
vt 0.295169 0.722236
vt 0.923302 0.700817
vt 0.860551 0.729557
vt 0.390962 0.751726
vt 0.909238 0.729403
vt 0.500566 0.708808
vt 0.295169 0.664849
vt 0.219325 0.757584
vt 0.483761 0.802818
vt 0.966017 0.822890
vt 0.944298 0.818504
vt 0.948055 0.671779
vt 0.533964 0.753151
vt 0.299270 0.770059
vt 0.316368 0.701158
vt 0.526909 0.823877
vt 0.942438 0.857817
vt 0.948065 0.743756
vt 0.246154 0.849284
vt 0.299270 0.712671
vt 0.462189 0.759652
vt 0.506323 0.693010
vt 0.553681 0.805057
vt 0.954589 0.823355
vt 0.932446 0.817846
vt 0.887816 0.685986
vt 0.204294 0.849284
vt 0.884475 0.714858
vt 0.313070 0.905275
vt 0.090580 0.901421
vt 0.863985 0.758490
vt 0.887875 0.729273
vt 0.803480 0.669803
vt 0.878175 0.787729
vt 0.523846 0.766320
vt 0.289989 0.710995
vt 0.863918 0.715082
vt 0.881429 0.686435
vt 0.260107 0.798510
vt 0.878108 0.744322
vt 0.529006 0.889101
vt 0.690724 0.828014
vt 0.218936 0.745144
vt 0.965981 0.656827
vt 0.944313 0.959068
vt 0.966874 0.696408
vt 0.022818 0.895154
vt 0.002276 0.811065
vt 0.071262 0.770633
vt 0.963440 0.721826
vt 0.944666 0.729370
vt 0.945902 0.933274
vt 0.002989 0.847283
vt 0.299270 0.664849
vt 0.303269 0.734908
vt 0.899457 0.743931
vt 0.887832 0.700429
vt 0.954041 0.669906
vt 0.450038 0.691163
vt 0.858468 0.825869
vt 0.951696 0.809982
vt 0.459490 0.718821
vt 0.942438 0.857817
vt 0.887899 0.743693
vt 0.953154 0.708729
vt 0.797167 0.739219
vt 0.929157 0.844554
vt 0.329505 0.873018
vt 0.144250 0.692877
vt 0.878157 0.671827
vt 0.926808 0.671908
vt 0.798432 0.781047
vt 0.863898 0.700608
vt 0.516596 0.842784
vt 0.141830 0.755668
vt 0.923456 0.787497
vt 0.905883 0.743849
vt 0.963585 0.709104
vt 0.902858 0.758346
vt 0.544892 0.716127
vt 0.001180 0.694396
vt 0.317430 0.814040
vt 0.543814 0.699522
vt 0.963421 0.747136
vt 0.902788 0.715085
vt 0.041621 0.824979
vt 0.728983 0.832114
vt 0.329505 0.670420
vt 0.513413 0.874246
vt 0.933057 0.685930
vt 0.933102 0.714742
vt 0.339162 0.821842
vt 0.929724 0.933506
vt 0.484607 0.704942
vt 0.521577 0.754282
vt 0.953359 0.695885
vt 0.933184 0.757922
vt 0.339162 0.779983
vt 0.929758 0.729142
vt 0.318648 0.850222
vt 0.074190 0.873032
vt 0.909080 0.671419
vt 0.860532 0.830866
vt 0.389936 0.849749
vt 0.909080 0.671419
vt 0.535203 0.708400
vt 0.748112 0.828014
vt 0.909238 0.729403
vt 0.926686 0.700813
vt 0.176387 0.798510
vt 0.923408 0.758580
vt 0.480441 0.729748
vt 0.149123 0.771733
vt 0.219541 0.695576
vt 0.899601 0.830635
vt 0.899388 0.700669
vt 0.969129 0.822214
vt 0.947434 0.819228
vt 0.544802 0.780439
vt 0.148737 0.694218
vt 0.466543 0.800605
vt 0.964062 0.784766
vt 0.933129 0.729135
vt 0.945473 0.857866
vt 0.274060 0.849284
vt 0.950286 0.695828
vt 0.321227 0.792368
vt 0.899458 0.671715
vt 0.933211 0.772316
vt 0.932446 0.817846
vt 0.954589 0.823355
vt 0.852898 0.703098
vt 0.949984 0.734288
vt 0.535862 0.805514
vt 0.942620 0.920868
vt 0.878195 0.802203
vt 0.860596 0.758495
vt 0.395174 0.821301
vt 0.863936 0.830984
vt 0.547841 0.818809
vt 0.292610 0.679718
vt 0.878998 0.846733
vt 0.924344 0.656290
vt 0.860528 0.715088
vt 0.390962 0.765679
vt 0.909212 0.714963
vt 0.080267 0.852371
vt 0.662030 0.828014
vt 0.221164 0.670342
vt 0.536591 0.818286
vt 0.943109 0.832191
vt 0.947434 0.958413
vt 0.969129 0.657577
vt 0.535865 0.733569
vt 0.299270 0.750930
vt 0.218763 0.732762
vt 0.468834 0.783258
vt 0.942294 0.870517
vt 0.948037 0.729363
vt 0.232201 0.849284
vt 0.299270 0.693542
vt 0.312999 0.723236
vt 0.111062 0.824979
vt 0.558572 0.900318
vt 0.954683 0.809942
vt 0.887832 0.700429
vt 0.190341 0.849284
vt 0.884452 0.700435
vt 0.528343 0.777732
vt 0.534907 0.788137
vt 0.953505 0.772264
vt 0.887899 0.743693
vt 0.389936 0.724169
vt 0.878153 0.773259
vt 0.318648 0.883650
vt 0.289725 0.731893
vt 0.863898 0.700608
vt 0.881562 0.671945
vt 0.389936 0.682309
vt 0.301967 0.798510
vt 0.878085 0.729853
vt 0.516596 0.872927
vt 0.533983 0.743266
vt 0.926856 0.787479
vt 0.899601 0.830635
vt 0.966625 0.709152
vt 0.007771 0.883608
vt 0.001330 0.785185
vt 0.218806 0.720398
vt 0.899481 0.758351
vt 0.944638 0.714977
vt 0.966430 0.747119
vt 0.014534 0.832237
vt 0.662030 0.832114
vt 0.454031 0.732168
vt 0.963421 0.747136
vt 0.933015 0.671380
vt 0.933057 0.685930
vt 0.856243 0.813735
vt 0.929141 0.818307
vt 0.951488 0.822895
vt 0.306935 0.758926
vt 0.944720 0.758157
vt 0.887922 0.758113
vt 0.953359 0.695885
vt 0.851780 0.777008
vt 0.928971 0.857409
vt 0.510545 0.741074
vt 0.142326 0.713768
vt 0.879097 0.656295
vt 0.924245 0.817464
vt 0.905625 0.671525
vt 0.799696 0.794943
vt 0.863877 0.686106
vt 0.529006 0.826610
vt 0.143199 0.776634
vt 0.923432 0.773024
vt 0.905856 0.729410
vt 0.963440 0.721826
vt 0.909210 0.801752
vt 0.492143 0.793395
vt 0.002139 0.668339
vt 0.303269 0.808530
vt 0.335872 0.661229
vt 0.100263 0.907011
vt 0.963547 0.759725
vt 0.902766 0.700665
vt 0.059142 0.832237
vt 0.148505 0.733018
vt 0.483761 0.802818
vt 0.469432 0.723945
vt 0.932717 0.933424
vt 0.933129 0.729135
vt 0.288014 0.849284
vt 0.884533 0.830231
vt 0.324097 0.777446
vt 0.074190 0.861852
vt 0.953662 0.682979
vt 0.933211 0.772316
vt 0.339162 0.766029
vt 0.929730 0.714749
vt 0.506323 0.693010
vt 0.553681 0.805057
vt 0.523960 0.730033
vt 0.878216 0.816705
vt 0.881588 0.802197
vt 0.389936 0.863702
vt 0.148481 0.798510
vt 0.878998 0.846733
vt 0.924344 0.656290
vt 0.313070 0.828597
vt 0.295169 0.770059
vt 0.909212 0.714963
vt 0.882598 0.846084
vt 0.927839 0.656998
vt 0.190341 0.798510
vt 0.923382 0.744139
vt 0.492589 0.714346
vt 0.295169 0.712671
vt 0.070735 0.733725
vt 0.964685 0.670579
vt 0.899374 0.686236
vt 0.946171 0.832377
vt 0.535812 0.762870
vt 0.149337 0.668279
vt 0.310563 0.687115
vt 0.899548 0.801615
vt 0.933156 0.743529
vt 0.945318 0.870542
vt 0.446692 0.801800
vt 0.950093 0.708694
vt 0.453659 0.774910
vt 0.964947 0.809779
vt 0.933229 0.786723
vt 0.954683 0.809942
vt 0.854386 0.690852
vt 0.950066 0.747017
vt 0.317430 0.919832
vt 0.944593 0.686176
vt 0.878175 0.787729
vt 0.953505 0.772264
vt 0.389936 0.710216
vt 0.864059 0.816389
vt 0.085408 0.891417
vt 0.290554 0.700557
vt 0.878108 0.744322
vt 0.860505 0.700615
vt 0.391384 0.779626
vt 0.909188 0.700518
vt 0.092677 0.836197
vt 0.681159 0.828014
vt 0.072702 0.795590
vt 0.945472 0.656251
vt 0.900157 0.845966
vt 0.903050 0.830552
vt 0.050859 0.895154
vt 0.299270 0.731800
vt 0.074251 0.671432
vt 0.519003 0.831783
vt 0.942242 0.883171
vt 0.948010 0.714970
vt 0.218247 0.849284
vt 0.299270 0.674413
vt 0.462311 0.747349
vt 0.543338 0.797264
vt 0.954263 0.797370
vt 0.933015 0.671380
vt 0.176387 0.849284
vt 0.884424 0.685999
vt 0.316406 0.894604
vt 0.090580 0.833463
vt 0.953255 0.759649
vt 0.887922 0.758113
vt 0.389936 0.738123
vt 0.929767 0.801119
vt 0.521577 0.754282
vt 0.290594 0.752803
vt 0.863877 0.686106
vt 0.882598 0.657006
vt 0.927839 0.816816
vt 0.389936 0.779983
vt 0.878062 0.715384
vt 0.513935 0.852715
vt 0.728983 0.828014
vt 0.926817 0.773017
vt 0.899564 0.816058
vt 0.966469 0.721852
vt 0.551749 0.709058
vt 0.000692 0.759297
vt 0.536236 0.691074
vt 0.963385 0.734503
vt 0.944611 0.700582
vt 0.966544 0.759686
vt 0.032056 0.824979
vt 0.681159 0.832114
vt 0.304495 0.747010
vt 0.899434 0.729511
vt 0.933051 0.946020
vt 0.932717 0.933424
vt 0.854385 0.801539
vt 0.929572 0.671465
vt 0.467418 0.706715
vt 0.942294 0.870517
vt 0.887946 0.772533
vt 0.953662 0.682979
vt 0.851035 0.764694
vt 0.928872 0.870207
vt 0.329505 0.860854
vt 0.944666 0.729370
vt 0.923539 0.802124
vt 0.881622 0.816688
vt 0.801379 0.808795
vt 0.863798 0.671450
vt 0.518598 0.713684
vt 0.145718 0.797571
vt 0.923408 0.758580
vt 0.905829 0.714969
vt 0.963385 0.734503
vt 0.909328 0.787186
vt 0.480039 0.777659
vt 0.149449 0.784636
vt 0.070695 0.746002
vt 0.554382 0.692159
vt 0.505425 0.816124
vt 0.963761 0.772267
vt 0.902755 0.686243
vt 0.070688 0.847283
vt 0.148560 0.707164
vt 0.324097 0.680206
vt 0.519003 0.883928
vt 0.932134 0.908271
vt 0.933156 0.743529
vt 0.448180 0.814046
vt 0.884625 0.815801
vt 0.494716 0.698064
vt 0.484607 0.704942
vt 0.931916 0.870219
vt 0.933229 0.786723
vt 0.339162 0.752076
vt 0.929703 0.700353
vt 0.335872 0.796423
vt 0.303269 0.925342
vt 0.077084 0.883832
vt 0.864059 0.816389
vt 0.881565 0.787724
vt 0.162434 0.798510
vt 0.909164 0.686045
vt 0.111512 0.906489
vt 0.558122 0.818809
vt 0.295169 0.750930
vt 0.909188 0.700518
vt 0.881497 0.744316
vt 0.204294 0.798510
vt 0.923355 0.729700
vt 0.509492 0.705185
vt 0.559943 0.793421
vt 0.295169 0.693542
vt 0.219934 0.770128
vt 0.899564 0.816058
vt 0.899458 0.671715
vt 0.948957 0.656926
vt 0.903755 0.845352
vt 0.709853 0.828014
vt 0.757677 0.832115
vt 0.299270 0.779623
vt 0.458882 0.788366
vt 0.963823 0.696338
vt 0.944766 0.786968
vt 0.945255 0.883175
vt 0.444830 0.777201
vt 0.949993 0.721513
vt 0.304495 0.710642
vt 0.900263 0.656255
vt 0.945366 0.816820
vt 0.933150 0.801217
vt 0.954263 0.797370
vt 0.444830 0.740204
vt 0.950238 0.759700
vt 0.526146 0.794992
vt 0.942919 0.933362
vt 0.878153 0.773259
vt 0.953255 0.759649
vt 0.801379 0.683597
vt 0.864052 0.801899
vt 0.289715 0.721441
vt 0.077606 0.872583
vt 0.878085 0.729853
vt 0.860471 0.686124
vt 0.392227 0.793554
vt 0.863985 0.758490
vt 0.111512 0.828395
vt 0.700289 0.828014
vt 0.558122 0.896902
vt 0.072165 0.696676
vt 0.943332 0.945928
vt 0.902955 0.816046
vt 0.065906 0.883608
vt 0.001778 0.798124
vt 0.070871 0.758295
vt 0.464389 0.771766
vt 0.942280 0.895781
vt 0.947983 0.700577
vt 0.002989 0.875325
vt 0.299270 0.655284
vt 0.652465 0.832115
vt 0.312999 0.734416
vt 0.100263 0.827873
vt 0.953844 0.784835
vt 0.933051 0.946020
vt 0.162434 0.849284
vt 0.884329 0.671493
vt 0.469432 0.723945
vt 0.528343 0.777732
vt 0.953094 0.746987
vt 0.887946 0.772533
vt 0.389936 0.752076
vt 0.929854 0.786717
vt 0.319775 0.872527
vt 0.292639 0.773700
vt 0.863798 0.671450
vt 0.926995 0.802018
vt 0.389936 0.793936
vt 0.878041 0.700912
vt 0.521736 0.833880
vt 0.141797 0.724232
vt 0.909328 0.787186
vt 0.926790 0.758573
vt 0.899548 0.801615
vt 0.966404 0.734508
vt 0.500259 0.799281
vt 0.000513 0.733374
vt 0.554382 0.692159
vt 0.505425 0.816124
vt 0.944673 0.671682
vt 0.944593 0.686176
vt 0.966748 0.772208
vt 0.050859 0.827455
vt 0.700289 0.832114
vt 0.487882 0.819831
vt 0.963547 0.759725
vt 0.887922 0.830329
vt 0.932134 0.908271
vt 0.852898 0.789293
vt 0.929759 0.958972
vt 0.950744 0.656517
vt 0.310563 0.770537
vt 0.944693 0.743763
vt 0.887969 0.786953
vt 0.931916 0.870219
vt 0.850662 0.752364
vt 0.928865 0.882958
vt 0.513271 0.726998
vt 0.942280 0.895781
vt 0.923292 0.686357
vt 0.860664 0.816376
vt 0.803480 0.822589
vt 0.863095 0.656079
vt 0.908276 0.817252
vt 0.325839 0.836836
vt 0.757677 0.828014
vt 0.295169 0.779623
vt 0.923382 0.744139
vt 0.905802 0.700525
vt 0.393491 0.709955
vt 0.909318 0.772725
vt 0.474647 0.758602
vt 0.148840 0.758833
vt 0.220767 0.782825
vt 0.111062 0.909905
vt 0.558572 0.815393
vt 0.964062 0.784766
vt 0.902846 0.671813
vt 0.073163 0.866087
vt 0.149003 0.681257
vt 0.475367 0.793725
vt 0.476201 0.713763
vt 0.931971 0.895633
vt 0.948151 0.786955
vt 0.339162 0.696263
vt 0.884614 0.801379
vt 0.329505 0.787232
vt 0.536591 0.897424
vt 0.932028 0.857443
vt 0.933150 0.801217
vt 0.339162 0.738123
vt 0.884544 0.758119
vt 0.543338 0.797264
vt 0.528535 0.718686
vt 0.864052 0.801899
vt 0.881542 0.773254
vt 0.274060 0.798510
vt 0.878295 0.831362
vt 0.092677 0.898687
vt 0.295169 0.731800
vt 0.862996 0.846516
vt 0.908375 0.656079
vt 0.881474 0.729848
vt 0.218247 0.798510
vt 0.923328 0.715260
vt 0.085408 0.843467
vt 0.295169 0.674413
vt 0.073761 0.808300
vt 0.964162 0.683517
vt 0.945366 0.816820
vt 0.900263 0.656255
vt 0.946352 0.945753
vt 0.539543 0.724410
vt 0.738547 0.832114
vt 0.306935 0.698725
vt 0.899527 0.787192
vt 0.944745 0.772552
vt 0.945282 0.895763
vt 0.444457 0.764870
vt 0.299270 0.722236
vt 0.451064 0.760719
vt 0.966017 0.822890
vt 0.944298 0.818504
vt 0.932350 0.816648
vt 0.887223 0.656079
vt 0.953844 0.784835
vt 0.445575 0.727890
vt 0.950499 0.772337
vt 0.322211 0.908647
vt 0.944766 0.786968
vt 0.878130 0.758791
vt 0.953094 0.746987
vt 0.799696 0.697449
vt 0.864031 0.787427
vt 0.513195 0.769516
vt 0.290017 0.742348
vt 0.878062 0.715384
vt 0.860336 0.671555
vn -0.963863 0.065372 0.258255
vn -0.963863 0.065372 0.258255
vn -0.997861 0.065372 -0.000000
vn -0.997861 0.065372 -0.000000
vn -0.864176 0.065372 -0.498925
vn -0.864176 0.065372 -0.498925
vn -0.705594 0.065371 -0.705594
vn -0.705594 0.065371 -0.705594
vn -0.705594 0.065371 -0.705594
vn -0.705594 0.065371 -0.705594
vn -0.498925 0.065372 -0.864176
vn -0.498925 0.065372 -0.864176
vn -0.498925 0.065372 -0.864176
vn -0.498925 0.065372 -0.864176
vn -0.258255 0.065372 -0.963863
vn -0.258255 0.065372 -0.963863
vn -0.258255 0.065372 -0.963863
vn -0.258255 0.065372 -0.963863
vn 0.000000 0.065372 -0.997861
vn 0.000000 0.065372 -0.997861
vn 0.000000 0.065372 -0.997861
vn 0.000000 0.065372 -0.997861
vn 0.258255 0.065373 -0.963862
vn 0.258255 0.065373 -0.963862
vn 0.258255 0.065373 -0.963862
vn 0.258255 0.065373 -0.963862
vn 0.498925 0.065372 -0.864176
vn 0.498925 0.065372 -0.864176
vn 0.498925 0.065372 -0.864176
vn 0.498925 0.065372 -0.864176
vn 0.705594 0.065371 -0.705594
vn 0.705594 0.065371 -0.705594
vn 0.705594 0.065371 -0.705594
vn 0.705594 0.065371 -0.705594
vn 0.864176 0.065372 -0.498925
vn 0.864176 0.065372 -0.498925
vn 0.864176 0.065372 -0.498925
vn 0.864176 0.065372 -0.498925
vn 0.963863 0.065373 -0.258255
vn 0.963863 0.065373 -0.258255
vn 0.963863 0.065373 -0.258255
vn 0.963863 0.065373 -0.258255
vn 0.997861 0.065373 0.000000
vn 0.997861 0.065373 0.000000
vn 0.997861 0.065373 0.000000
vn 0.997861 0.065373 0.000000
vn 0.963862 0.065373 0.258255
vn 0.963862 0.065373 0.258255
vn 0.963862 0.065373 0.258255
vn 0.963862 0.065373 0.258255
vn 0.864176 0.065372 0.498925
vn 0.864176 0.065372 0.498925
vn 0.864176 0.065372 0.498925
vn 0.864176 0.065372 0.498925
vn 0.705594 0.065371 0.705594
vn 0.705594 0.065371 0.705594
vn 0.705594 0.065371 0.705594
vn 0.705594 0.065371 0.705594
vn 0.498925 0.065372 0.864176
vn 0.498925 0.065372 0.864176
vn 0.498925 0.065372 0.864176
vn 0.498925 0.065372 0.864176
vn 0.258255 0.065373 0.963863
vn 0.258255 0.065373 0.963863
vn 0.258255 0.065373 0.963863
vn 0.258255 0.065373 0.963863
vn -0.000000 0.065372 0.997861
vn -0.000000 0.065372 0.997861
vn -0.000000 0.065372 0.997861
vn -0.000000 0.065372 0.997861
vn -0.258255 0.065372 0.963862
vn -0.258255 0.065372 0.963862
vn -0.258255 0.065372 0.963862
vn -0.258255 0.065372 0.963862
vn -0.498925 0.065372 0.864176
vn -0.498925 0.065372 0.864176
vn -0.498925 0.065372 0.864176
vn -0.498925 0.065372 0.864176
vn -0.705594 0.065371 0.705594
vn -0.705594 0.065371 0.705594
vn -0.705594 0.065371 0.705594
vn -0.705594 0.065371 0.705594
vn -0.864176 0.065372 0.498925
vn -0.864176 0.065372 0.498925
vn -0.864176 0.065372 0.498925
vn -0.864176 0.065372 0.498925
vn -0.963863 0.065372 0.258255
vn -0.963863 0.065372 0.258255
vn -0.963862 0.065372 -0.258255
vn -0.963862 0.065372 -0.258255
vn -0.864176 0.065372 -0.498925
vn -0.864176 0.065372 -0.498925
vn 0.700579 -0.135568 -0.700579
vn 0.495380 -0.135564 -0.858033
vn 0.498991 -0.063114 -0.864306
vn 0.705697 -0.063114 -0.705697
vn -0.997861 0.065372 -0.000000
vn -0.997861 0.065372 -0.000000
vn -0.963862 0.065372 -0.258255
vn -0.963862 0.065372 -0.258255
vn -0.922243 -0.386610 -0.000000
vn -0.890818 -0.386614 -0.238689
vn -0.890818 -0.386614 -0.238689
vn -0.922243 -0.386610 -0.000000
vn -0.890818 0.386614 -0.238689
vn -0.922243 0.386610 -0.000000
vn -0.922243 0.386610 -0.000000
vn -0.890818 0.386614 -0.238689
vn -0.890818 -0.386614 -0.238689
vn -0.798687 -0.386617 -0.461115
vn -0.798687 -0.386617 -0.461115
vn -0.890818 -0.386614 -0.238689
vn -0.798687 0.386617 -0.461114
vn -0.890818 0.386614 -0.238689
vn -0.890818 0.386614 -0.238689
vn -0.798687 0.386617 -0.461114
vn -0.798687 -0.386617 -0.461115
vn -0.652124 -0.386611 -0.652124
vn -0.652124 -0.386611 -0.652124
vn -0.798687 -0.386617 -0.461115
vn -0.652124 0.386611 -0.652124
vn -0.798687 0.386617 -0.461114
vn -0.798687 0.386617 -0.461114
vn -0.652124 0.386611 -0.652124
vn -0.652124 -0.386611 -0.652124
vn -0.461114 -0.386617 -0.798687
vn -0.461114 -0.386617 -0.798687
vn -0.652124 -0.386611 -0.652124
vn -0.461114 0.386617 -0.798687
vn -0.652124 0.386611 -0.652124
vn -0.652124 0.386611 -0.652124
vn -0.461114 0.386617 -0.798687
vn -0.461114 -0.386617 -0.798687
vn -0.238689 -0.386614 -0.890818
vn -0.238689 -0.386614 -0.890818
vn -0.461114 -0.386617 -0.798687
vn -0.238689 0.386614 -0.890818
vn -0.461114 0.386617 -0.798687
vn -0.461114 0.386617 -0.798687
vn -0.238689 0.386614 -0.890818
vn -0.238689 -0.386614 -0.890818
vn 0.000000 -0.386610 -0.922243
vn 0.000000 -0.386610 -0.922243
vn -0.238689 -0.386614 -0.890818
vn 0.000000 0.386610 -0.922243
vn -0.238689 0.386614 -0.890818
vn -0.238689 0.386614 -0.890818
vn 0.000000 0.386610 -0.922243
vn 0.000000 -0.386610 -0.922243
vn 0.238689 -0.386614 -0.890818
vn 0.238689 -0.386614 -0.890818
vn 0.000000 -0.386610 -0.922243
vn 0.238689 0.386614 -0.890818
vn 0.000000 0.386610 -0.922243
vn 0.000000 0.386610 -0.922243
vn 0.238689 0.386614 -0.890818
vn 0.238689 -0.386614 -0.890818
vn 0.461115 -0.386617 -0.798687
vn 0.461115 -0.386617 -0.798687
vn 0.238689 -0.386614 -0.890818
vn 0.461114 0.386617 -0.798687
vn 0.238689 0.386614 -0.890818
vn 0.238689 0.386614 -0.890818
vn 0.461114 0.386617 -0.798687
vn 0.461115 -0.386617 -0.798687
vn 0.652124 -0.386611 -0.652124
vn 0.652124 -0.386611 -0.652124
vn 0.461115 -0.386617 -0.798687
vn 0.652124 0.386611 -0.652124
vn 0.461114 0.386617 -0.798687
vn 0.461114 0.386617 -0.798687
vn 0.652124 0.386611 -0.652124
vn 0.652124 -0.386611 -0.652124
vn 0.798687 -0.386617 -0.461114
vn 0.798687 -0.386617 -0.461114
vn 0.652124 -0.386611 -0.652124
vn 0.798687 0.386617 -0.461114
vn 0.652124 0.386611 -0.652124
vn 0.652124 0.386611 -0.652124
vn 0.798687 0.386617 -0.461114
vn 0.798687 -0.386617 -0.461114
vn 0.890818 -0.386614 -0.238689
vn 0.890818 -0.386614 -0.238689
vn 0.798687 -0.386617 -0.461114
vn 0.890818 0.386614 -0.238689
vn 0.798687 0.386617 -0.461114
vn 0.798687 0.386617 -0.461114
vn 0.890818 0.386614 -0.238689
vn 0.890818 -0.386614 -0.238689
vn 0.922243 -0.386610 0.000000
vn 0.922243 -0.386610 0.000000
vn 0.890818 -0.386614 -0.238689
vn 0.922243 0.386610 0.000000
vn 0.890818 0.386614 -0.238689
vn 0.890818 0.386614 -0.238689
vn 0.922243 0.386610 0.000000
vn 0.922243 -0.386610 0.000000
vn 0.890818 -0.386614 0.238689
vn 0.890818 -0.386614 0.238689
vn 0.922243 -0.386610 0.000000
vn 0.890818 0.386614 0.238689
vn 0.922243 0.386610 0.000000
vn 0.922243 0.386610 0.000000
vn 0.890818 0.386614 0.238689
vn 0.890818 -0.386614 0.238689
vn 0.798687 -0.386617 0.461114
vn 0.798687 -0.386617 0.461114
vn 0.890818 -0.386614 0.238689
vn 0.798687 0.386617 0.461115
vn 0.890818 0.386614 0.238689
vn 0.890818 0.386614 0.238689
vn 0.798687 0.386617 0.461115
vn 0.798687 -0.386617 0.461114
vn 0.652124 -0.386611 0.652124
vn 0.652124 -0.386611 0.652124
vn 0.798687 -0.386617 0.461114
vn 0.652124 0.386611 0.652124
vn 0.798687 0.386617 0.461115
vn 0.798687 0.386617 0.461115
vn 0.652124 0.386611 0.652124
vn 0.652124 -0.386611 0.652124
vn 0.461114 -0.386617 0.798687
vn 0.461114 -0.386617 0.798687
vn 0.652124 -0.386611 0.652124
vn 0.461114 0.386617 0.798687
vn 0.652124 0.386611 0.652124
vn 0.652124 0.386611 0.652124
vn 0.461114 0.386617 0.798687
vn 0.461114 -0.386617 0.798687
vn 0.238689 -0.386614 0.890818
vn 0.238689 -0.386614 0.890818
vn 0.461114 -0.386617 0.798687
vn 0.238689 0.386614 0.890818
vn 0.461114 0.386617 0.798687
vn 0.461114 0.386617 0.798687
vn 0.238689 0.386614 0.890818
vn 0.238689 -0.386614 0.890818
vn -0.000000 -0.386610 0.922243
vn -0.000000 -0.386610 0.922243
vn 0.238689 -0.386614 0.890818
vn -0.000000 0.386610 0.922243
vn 0.238689 0.386614 0.890818
vn 0.238689 0.386614 0.890818
vn -0.000000 0.386610 0.922243
vn -0.000000 -0.386610 0.922243
vn -0.238689 -0.386614 0.890818
vn -0.238689 -0.386614 0.890818
vn -0.000000 -0.386610 0.922243
vn -0.238689 0.386614 0.890818
vn -0.000000 0.386610 0.922243
vn -0.000000 0.386610 0.922243
vn -0.238689 0.386614 0.890818
vn -0.238689 -0.386614 0.890818
vn -0.461114 -0.386617 0.798687
vn -0.461114 -0.386617 0.798687
vn -0.238689 -0.386614 0.890818
vn -0.461115 0.386617 0.798687
vn -0.238689 0.386614 0.890818
vn -0.238689 0.386614 0.890818
vn -0.461115 0.386617 0.798687
vn -0.461114 -0.386617 0.798687
vn -0.652124 -0.386611 0.652124
vn -0.652124 -0.386611 0.652124
vn -0.461114 -0.386617 0.798687
vn -0.652124 0.386611 0.652124
vn -0.461115 0.386617 0.798687
vn -0.461115 0.386617 0.798687
vn -0.652124 0.386611 0.652124
vn -0.652124 -0.386611 0.652124
vn -0.798687 -0.386617 0.461114
vn -0.798687 -0.386617 0.461114
vn -0.652124 -0.386611 0.652124
vn -0.798687 0.386617 0.461114
vn -0.652124 0.386611 0.652124
vn -0.652124 0.386611 0.652124
vn -0.798687 0.386617 0.461114
vn -0.798687 -0.386617 0.461114
vn -0.890818 -0.386614 0.238689
vn -0.890818 -0.386614 0.238689
vn -0.798687 -0.386617 0.461114
vn -0.890818 0.386614 0.238689
vn -0.798687 0.386617 0.461114
vn -0.798687 0.386617 0.461114
vn -0.890818 0.386614 0.238689
vn -0.890818 -0.386614 0.238689
vn -0.922243 -0.386610 -0.000000
vn -0.922243 -0.386610 -0.000000
vn -0.890818 -0.386614 0.238689
vn -0.922243 0.386610 -0.000000
vn -0.890818 0.386614 0.238689
vn -0.890818 0.386614 0.238689
vn -0.922243 0.386610 -0.000000
vn 0.258802 0.000000 -0.965930
vn 0.499989 0.000000 -0.866032
vn 0.499989 0.000000 -0.866032
vn 0.258802 0.000000 -0.965930
vn -0.000000 1.000000 -0.000000
vn -0.000000 1.000000 -0.000000
vn -0.000000 1.000000 -0.000000
vn -0.000000 1.000000 -0.000000
vn -0.000000 1.000000 -0.000000
vn -0.000000 1.000000 -0.000000
vn -0.000000 1.000000 -0.000000
vn -0.000000 1.000000 -0.000000
vn -0.000000 1.000000 -0.000000
vn -0.000000 1.000000 -0.000000
vn -0.000000 1.000000 -0.000000
vn -0.000000 1.000000 -0.000000
vn -0.000000 1.000000 -0.000000
vn -0.000000 1.000000 -0.000000
vn -0.000000 1.000000 -0.000000
vn -0.000000 1.000000 -0.000000
vn -0.000000 1.000000 -0.000000
vn -0.000000 1.000000 -0.000000
vn -0.000000 1.000000 -0.000000
vn -0.000000 1.000000 -0.000000
vn -0.000000 1.000000 -0.000000
vn -0.000000 1.000000 -0.000000
vn -0.000000 1.000000 -0.000000
vn -0.000000 1.000000 -0.000000
vn -0.000000 1.000000 -0.000000
vn -0.000000 1.000000 -0.000000
vn -0.000000 1.000000 -0.000000
vn -0.000000 1.000000 -0.000000
vn -0.000000 1.000000 -0.000000
vn -0.000000 1.000000 -0.000000
vn -0.000000 1.000000 -0.000000
vn -0.000000 1.000000 -0.000000
vn -0.000000 1.000000 -0.000000
vn -0.000000 1.000000 -0.000000
vn -0.000000 1.000000 -0.000000
vn -0.000000 1.000000 -0.000000
vn -0.000000 1.000000 -0.000000
vn -0.000000 1.000000 -0.000000
vn -0.000000 1.000000 -0.000000
vn -0.000000 1.000000 -0.000000
vn -0.000000 1.000000 -0.000000
vn -0.000000 1.000000 -0.000000
vn -0.000000 1.000000 -0.000000
vn -0.000000 1.000000 -0.000000
vn -0.000000 1.000000 -0.000000
vn -0.000000 1.000000 -0.000000
vn -0.000000 1.000000 -0.000000
vn -0.000000 1.000000 -0.000000
vn -0.000000 1.000000 -0.000000
vn -0.000000 1.000000 -0.000000
vn -0.000000 1.000000 -0.000000
vn -0.000000 1.000000 -0.000000
vn -0.000000 1.000000 -0.000000
vn -0.000000 1.000000 -0.000000
vn -0.000000 1.000000 -0.000000
vn -0.000000 1.000000 -0.000000
vn -0.000000 1.000000 -0.000000
vn -0.000000 1.000000 -0.000000
vn -0.000000 1.000000 -0.000000
vn -0.000000 1.000000 -0.000000
vn -0.000000 1.000000 -0.000000
vn -0.000000 1.000000 -0.000000
vn -0.000000 1.000000 -0.000000
vn -0.000000 1.000000 -0.000000
vn -0.000000 1.000000 -0.000000
vn -0.000000 1.000000 -0.000000
vn -0.000000 1.000000 -0.000000
vn -0.000000 1.000000 -0.000000
vn -0.000000 1.000000 -0.000000
vn -0.000000 1.000000 -0.000000
vn -0.000000 1.000000 -0.000000
vn -0.000000 1.000000 -0.000000
vn -0.000000 1.000000 -0.000000
vn -0.000000 1.000000 -0.000000
vn -0.000000 1.000000 -0.000000
vn -0.000000 1.000000 -0.000000
vn -0.000000 1.000000 -0.000000
vn -0.000000 1.000000 -0.000000
vn -0.000000 1.000000 -0.000000
vn -0.000000 1.000000 -0.000000
vn -0.000000 1.000000 -0.000000
vn -0.000000 1.000000 -0.000000
vn -0.000000 1.000000 -0.000000
vn -0.000000 1.000000 -0.000000
vn -0.000000 1.000000 -0.000000
vn -0.000000 1.000000 -0.000000
vn -0.000000 1.000000 -0.000000
vn -0.000000 1.000000 -0.000000
vn -0.000000 1.000000 -0.000000
vn -0.000000 1.000000 -0.000000
vn -0.000000 1.000000 -0.000000
vn -0.000000 1.000000 -0.000000
vn -0.000000 1.000000 -0.000000
vn -0.000000 1.000000 -0.000000
vn -0.000000 1.000000 -0.000000
vn -0.000000 1.000000 -0.000000
vn 0.000000 -1.000000 0.000000
vn 0.000000 -1.000000 0.000000
vn 0.000000 -1.000000 0.000000
vn 0.000000 -1.000000 0.000000
vn 0.000000 -1.000000 0.000000
vn 0.000000 -1.000000 0.000000
vn 0.000000 -1.000000 0.000000
vn 0.000000 -1.000000 0.000000
vn 0.000000 -1.000000 0.000000
vn 0.000000 -1.000000 0.000000
vn 0.000000 -1.000000 0.000000
vn 0.000000 -1.000000 0.000000
vn 0.000000 -1.000000 0.000000
vn 0.000000 -1.000000 0.000000
vn 0.000000 -1.000000 0.000000
vn 0.000000 -1.000000 0.000000
vn 0.000000 -1.000000 0.000000
vn 0.000000 -1.000000 0.000000
vn 0.000000 -1.000000 0.000000
vn 0.000000 -1.000000 0.000000
vn 0.000000 -1.000000 0.000000
vn 0.000000 -1.000000 0.000000
vn 0.000000 -1.000000 0.000000
vn 0.000000 -1.000000 0.000000
vn 0.000000 -1.000000 0.000000
vn 0.000000 -1.000000 0.000000
vn 0.000000 -1.000000 0.000000
vn 0.000000 -1.000000 0.000000
vn 0.000000 -1.000000 0.000000
vn 0.000000 -1.000000 0.000000
vn 0.000000 -1.000000 0.000000
vn 0.000000 -1.000000 0.000000
vn 0.000000 -1.000000 0.000000
vn 0.000000 -1.000000 0.000000
vn 0.000000 -1.000000 0.000000
vn 0.000000 -1.000000 0.000000
vn 0.000000 -1.000000 0.000000
vn 0.000000 -1.000000 0.000000
vn 0.000000 -1.000000 0.000000
vn 0.000000 -1.000000 0.000000
vn 0.000000 -1.000000 0.000000
vn 0.000000 -1.000000 0.000000
vn 0.000000 -1.000000 0.000000
vn 0.000000 -1.000000 0.000000
vn 0.000000 -1.000000 0.000000
vn 0.000000 -1.000000 0.000000
vn 0.000000 -1.000000 0.000000
vn 0.000000 -1.000000 0.000000
vn 0.000000 -1.000000 0.000000
vn 0.000000 -1.000000 0.000000
vn 0.000000 -1.000000 0.000000
vn 0.000000 -1.000000 0.000000
vn 0.000000 -1.000000 0.000000
vn 0.000000 -1.000000 0.000000
vn 0.000000 -1.000000 0.000000
vn 0.000000 -1.000000 0.000000
vn 0.000000 -1.000000 0.000000
vn 0.000000 -1.000000 0.000000
vn 0.000000 -1.000000 0.000000
vn 0.000000 -1.000000 0.000000
vn 0.000000 -1.000000 0.000000
vn 0.000000 -1.000000 0.000000
vn 0.000000 -1.000000 0.000000
vn 0.000000 -1.000000 0.000000
vn 0.000000 -1.000000 0.000000
vn 0.000000 -1.000000 0.000000
vn 0.000000 -1.000000 0.000000
vn 0.000000 -1.000000 0.000000
vn 0.000000 -1.000000 0.000000
vn 0.000000 -1.000000 0.000000
vn 0.000000 -1.000000 0.000000
vn 0.000000 -1.000000 0.000000
vn 0.000000 -1.000000 0.000000
vn 0.000000 -1.000000 0.000000
vn 0.000000 -1.000000 0.000000
vn 0.000000 -1.000000 0.000000
vn 0.000000 -1.000000 0.000000
vn 0.000000 -1.000000 0.000000
vn 0.000000 -1.000000 0.000000
vn 0.000000 -1.000000 0.000000
vn 0.000000 -1.000000 0.000000
vn 0.000000 -1.000000 0.000000
vn 0.000000 -1.000000 0.000000
vn 0.000000 -1.000000 0.000000
vn 0.000000 -1.000000 0.000000
vn 0.000000 -1.000000 0.000000
vn 0.000000 -1.000000 0.000000
vn 0.000000 -1.000000 0.000000
vn 0.000000 -1.000000 0.000000
vn 0.000000 -1.000000 0.000000
vn 0.000000 -1.000000 0.000000
vn 0.000000 -1.000000 0.000000
vn 0.000000 -1.000000 0.000000
vn 0.000000 -1.000000 0.000000
vn 0.000000 -1.000000 0.000000
vn 0.000000 -1.000000 0.000000
vn -0.864306 -0.063114 -0.498991
vn -0.964006 -0.063114 -0.258283
vn -0.965890 0.008911 -0.258800
vn -0.865995 0.008912 -0.499973
vn 0.000000 -1.000000 0.000000
vn 0.000000 -1.000000 0.000000
vn 0.000000 -1.000000 0.000000
vn 0.000000 -1.000000 0.000000
vn 0.000000 -1.000000 0.000000
vn 0.000000 -1.000000 0.000000
vn 0.000000 -1.000000 0.000000
vn 0.000000 -1.000000 0.000000
vn 0.000000 -1.000000 0.000000
vn 0.000000 -1.000000 0.000000
vn 0.000000 -1.000000 0.000000
vn 0.000000 -1.000000 0.000000
vn 0.000000 -1.000000 0.000000
vn 0.000000 -1.000000 0.000000
vn 0.000000 -1.000000 0.000000
vn 0.000000 -1.000000 0.000000
vn 0.000000 -1.000000 0.000000
vn 0.000000 -1.000000 0.000000
vn 0.000000 -1.000000 0.000000
vn 0.000000 -1.000000 0.000000
vn 0.000000 -1.000000 0.000000
vn 0.000000 -1.000000 0.000000
vn 0.000000 -1.000000 0.000000
vn 0.000000 -1.000000 0.000000
vn -0.000000 0.000000 1.000000
vn -0.258802 -0.000000 0.965930
vn -0.258802 -0.000000 0.965930
vn -0.000000 0.000000 1.000000
vn -0.258283 -0.063113 0.964006
vn -0.000000 -0.063114 0.998006
vn -0.000000 0.008912 0.999960
vn -0.258800 0.008911 0.965890
vn 0.499989 0.000000 -0.866032
vn 0.707107 0.000000 -0.707107
vn 0.707107 0.000000 -0.707107
vn 0.499989 0.000000 -0.866032
vn 0.864306 -0.063114 -0.498990
vn 0.705697 -0.063114 -0.705697
vn 0.707079 0.008912 -0.707079
vn 0.865995 0.008912 -0.499973
vn -0.258802 -0.000000 0.965930
vn -0.499989 -0.000000 0.866032
vn -0.499989 -0.000000 0.866032
vn -0.258802 -0.000000 0.965930
vn -0.705697 -0.063114 -0.705697
vn -0.864306 -0.063114 -0.498991
vn -0.865995 0.008912 -0.499973
vn -0.707079 0.008912 -0.707079
vn 0.707107 0.000000 -0.707107
vn 0.866032 0.000000 -0.499989
vn 0.866032 0.000000 -0.499989
vn 0.707107 0.000000 -0.707107
vn -0.498991 -0.063114 0.864306
vn -0.258283 -0.063113 0.964006
vn -0.258800 0.008911 0.965890
vn -0.499973 0.008912 0.865995
vn -0.499989 -0.000000 0.866032
vn -0.707107 -0.000000 0.707107
vn -0.707107 -0.000000 0.707107
vn -0.499989 -0.000000 0.866032
vn 0.964006 -0.063113 -0.258283
vn 0.864306 -0.063114 -0.498990
vn 0.865995 0.008912 -0.499973
vn 0.965890 0.008912 -0.258799
vn 0.866032 0.000000 -0.499989
vn 0.965930 0.000000 -0.258802
vn 0.965930 0.000000 -0.258802
vn 0.866032 0.000000 -0.499989
vn -0.498990 -0.063114 -0.864306
vn -0.705697 -0.063114 -0.705697
vn -0.707079 0.008912 -0.707079
vn -0.499973 0.008912 -0.865995
vn -0.707107 -0.000000 0.707107
vn -0.866032 -0.000000 0.499989
vn -0.866032 -0.000000 0.499989
vn -0.707107 -0.000000 0.707107
vn -0.705697 -0.063114 0.705697
vn -0.498991 -0.063114 0.864306
vn -0.499973 0.008912 0.865995
vn -0.707079 0.008912 0.707079
vn 0.998006 -0.063113 0.000000
vn 0.964006 -0.063113 -0.258283
vn 0.965890 0.008912 -0.258799
vn 0.999960 0.008912 0.000000
vn -0.866032 -0.000000 0.499989
vn -0.965930 -0.000000 0.258802
vn -0.965930 -0.000000 0.258802
vn -0.866032 -0.000000 0.499989
vn -0.258283 -0.063113 -0.964006
vn -0.498990 -0.063114 -0.864306
vn -0.499973 0.008912 -0.865995
vn -0.258799 0.008911 -0.965890
vn -0.864306 -0.063114 0.498990
vn -0.705697 -0.063114 0.705697
vn -0.707079 0.008912 0.707079
vn -0.865995 0.008912 0.499973
vn -0.965930 -0.000000 0.258802
vn -1.000000 -0.000000 -0.000000
vn -1.000000 -0.000000 -0.000000
vn -0.965930 -0.000000 0.258802
vn 0.864306 -0.063114 0.498991
vn 0.964006 -0.063113 0.258283
vn 0.965890 0.008912 0.258800
vn 0.865995 0.008912 0.499973
vn 0.705697 -0.063114 0.705697
vn 0.864306 -0.063114 0.498991
vn 0.865995 0.008912 0.499973
vn 0.707079 0.008912 0.707079
vn -1.000000 -0.000000 -0.000000
vn -0.965930 -0.000000 -0.258802
vn -0.965930 -0.000000 -0.258802
vn -1.000000 -0.000000 -0.000000
vn 0.000000 -0.063114 -0.998006
vn -0.258283 -0.063113 -0.964006
vn -0.258799 0.008911 -0.965890
vn 0.000000 0.008912 -0.999960
vn 1.000000 0.000000 0.000000
vn 0.965930 0.000000 0.258802
vn 0.965930 0.000000 0.258802
vn 1.000000 0.000000 0.000000
vn -0.964006 -0.063114 0.258283
vn -0.864306 -0.063114 0.498990
vn -0.865995 0.008912 0.499973
vn -0.965890 0.008911 0.258799
vn -0.965930 -0.000000 -0.258802
vn -0.866032 -0.000000 -0.499989
vn -0.866032 -0.000000 -0.499989
vn -0.965930 -0.000000 -0.258802
vn 0.964006 -0.063113 0.258283
vn 0.998006 -0.063113 0.000000
vn 0.999960 0.008912 0.000000
vn 0.965890 0.008912 0.258800
vn 0.965930 0.000000 -0.258802
vn 1.000000 0.000000 0.000000
vn 1.000000 0.000000 0.000000
vn 0.965930 0.000000 -0.258802
vn 0.498990 -0.063114 0.864306
vn 0.705697 -0.063114 0.705697
vn 0.707079 0.008912 0.707079
vn 0.499973 0.008912 0.865995
vn -0.866032 -0.000000 -0.499989
vn -0.707107 -0.000000 -0.707107
vn -0.707107 -0.000000 -0.707107
vn -0.866032 -0.000000 -0.499989
vn 0.258283 -0.063113 -0.964006
vn 0.000000 -0.063114 -0.998006
vn 0.000000 0.008912 -0.999960
vn 0.258800 0.008912 -0.965890
vn 0.965930 0.000000 0.258802
vn 0.866032 0.000000 0.499989
vn 0.866032 0.000000 0.499989
vn 0.965930 0.000000 0.258802
vn -0.998006 -0.063114 -0.000000
vn -0.964006 -0.063114 0.258283
vn -0.965890 0.008911 0.258799
vn -0.999960 0.008911 -0.000000
vn -0.707107 -0.000000 -0.707107
vn -0.499989 -0.000000 -0.866032
vn -0.499989 -0.000000 -0.866032
vn -0.707107 -0.000000 -0.707107
vn 0.866032 0.000000 0.499989
vn 0.707107 0.000000 0.707107
vn 0.707107 0.000000 0.707107
vn 0.866032 0.000000 0.499989
vn 0.258283 -0.063113 0.964006
vn 0.498990 -0.063114 0.864306
vn 0.499973 0.008912 0.865995
vn 0.258799 0.008912 0.965890
vn -0.499989 -0.000000 -0.866032
vn -0.258802 -0.000000 -0.965930
vn -0.258802 -0.000000 -0.965930
vn -0.499989 -0.000000 -0.866032
vn 0.707107 0.000000 0.707107
vn 0.499989 0.000000 0.866032
vn 0.499989 0.000000 0.866032
vn 0.707107 0.000000 0.707107
vn 0.498991 -0.063114 -0.864306
vn 0.258283 -0.063113 -0.964006
vn 0.258800 0.008912 -0.965890
vn 0.499973 0.008912 -0.865995
vn -0.258802 -0.000000 -0.965930
vn 0.000000 -0.000000 -1.000000
vn 0.000000 -0.000000 -1.000000
vn -0.258802 -0.000000 -0.965930
vn 0.499989 0.000000 0.866032
vn 0.258802 0.000000 0.965930
vn 0.258802 0.000000 0.965930
vn 0.499989 0.000000 0.866032
vn -0.964006 -0.063114 -0.258283
vn -0.998006 -0.063114 -0.000000
vn -0.999960 0.008911 -0.000000
vn -0.965890 0.008911 -0.258800
vn 0.000000 -0.000000 -1.000000
vn 0.258802 0.000000 -0.965930
vn 0.258802 0.000000 -0.965930
vn 0.000000 -0.000000 -1.000000
vn -0.000000 -0.063114 0.998006
vn 0.258283 -0.063113 0.964006
vn 0.258799 0.008912 0.965890
vn -0.000000 0.008912 0.999960
vn 0.258802 0.000000 0.965930
vn -0.000000 0.000000 1.000000
vn -0.000000 0.000000 1.000000
vn 0.258802 0.000000 0.965930
vn 0.705697 -0.063114 -0.705697
vn 0.498991 -0.063114 -0.864306
vn 0.499973 0.008912 -0.865995
vn 0.707079 0.008912 -0.707079
vn -1.000000 -0.000000 -0.000000
vn -1.000000 -0.000000 -0.000000
vn -0.965930 -0.000000 -0.258802
vn -0.965930 -0.000000 -0.258802
vn -0.993274 0.115789 -0.000000
vn -0.993274 0.115789 -0.000000
vn -0.959433 0.115790 -0.257064
vn -0.959433 0.115790 -0.257064
vn -0.965930 -0.000000 -0.258802
vn -0.965930 -0.000000 -0.258802
vn -0.866032 -0.000000 -0.499989
vn -0.866032 -0.000000 -0.499989
vn -0.959433 0.115790 -0.257064
vn -0.959433 0.115790 -0.257064
vn -0.860203 0.115788 -0.496633
vn -0.860203 0.115788 -0.496633
vn -0.866032 -0.000000 0.499989
vn -0.866032 -0.000000 0.499989
vn -0.965930 -0.000000 0.258802
vn -0.965930 -0.000000 0.258802
vn -0.860203 0.115788 0.496632
vn -0.860203 0.115788 0.496632
vn -0.959433 0.115790 0.257063
vn -0.959433 0.115790 0.257063
vn -0.707107 -0.000000 0.707107
vn -0.707107 -0.000000 0.707107
vn -0.866032 -0.000000 0.499989
vn -0.866032 -0.000000 0.499989
vn -0.702351 0.115792 0.702350
vn -0.702351 0.115792 0.702350
vn -0.860203 0.115788 0.496632
vn -0.860203 0.115788 0.496632
vn -0.499989 -0.000000 0.866032
vn -0.499989 -0.000000 0.866032
vn -0.707107 -0.000000 0.707107
vn -0.707107 -0.000000 0.707107
vn -0.496633 0.115788 0.860203
vn -0.496633 0.115788 0.860203
vn -0.702351 0.115792 0.702350
vn -0.702351 0.115792 0.702350
vn -0.258802 -0.000000 0.965930
vn -0.258802 -0.000000 0.965930
vn -0.499989 -0.000000 0.866032
vn -0.499989 -0.000000 0.866032
vn -0.257064 0.115790 0.959433
vn -0.257064 0.115790 0.959433
vn -0.496633 0.115788 0.860203
vn -0.496633 0.115788 0.860203
vn -0.000000 0.000000 1.000000
vn -0.000000 0.000000 1.000000
vn -0.258802 -0.000000 0.965930
vn -0.258802 -0.000000 0.965930
vn -0.000000 0.115789 0.993274
vn -0.000000 0.115789 0.993274
vn -0.257064 0.115790 0.959433
vn -0.257064 0.115790 0.959433
vn 0.258802 0.000000 0.965930
vn 0.258802 0.000000 0.965930
vn -0.000000 0.000000 1.000000
vn -0.000000 0.000000 1.000000
vn 0.257063 0.115790 0.959433
vn 0.257063 0.115790 0.959433
vn -0.000000 0.115789 0.993274
vn -0.000000 0.115789 0.993274
vn 0.499989 0.000000 0.866032
vn 0.499989 0.000000 0.866032
vn 0.258802 0.000000 0.965930
vn 0.258802 0.000000 0.965930
vn 0.496632 0.115788 0.860203
vn 0.496632 0.115788 0.860203
vn 0.257063 0.115790 0.959433
vn 0.257063 0.115790 0.959433
vn 0.707107 0.000000 0.707107
vn 0.707107 0.000000 0.707107
vn 0.499989 0.000000 0.866032
vn 0.499989 0.000000 0.866032
vn 0.702350 0.115792 0.702351
vn 0.702350 0.115792 0.702351
vn 0.496632 0.115788 0.860203
vn 0.496632 0.115788 0.860203
vn 0.866032 0.000000 0.499989
vn 0.866032 0.000000 0.499989
vn 0.707107 0.000000 0.707107
vn 0.707107 0.000000 0.707107
vn 0.860203 0.115788 0.496633
vn 0.860203 0.115788 0.496633
vn 0.702350 0.115792 0.702351
vn 0.702350 0.115792 0.702351
vn 0.965930 0.000000 0.258802
vn 0.965930 0.000000 0.258802
vn 0.866032 0.000000 0.499989
vn 0.866032 0.000000 0.499989
vn 0.959433 0.115790 0.257064
vn 0.959433 0.115790 0.257064
vn 0.860203 0.115788 0.496633
vn 0.860203 0.115788 0.496633
vn 1.000000 0.000000 0.000000
vn 1.000000 0.000000 0.000000
vn 0.965930 0.000000 0.258802
vn 0.965930 0.000000 0.258802
vn 0.993274 0.115790 0.000000
vn 0.993274 0.115790 0.000000
vn 0.959433 0.115790 0.257064
vn 0.959433 0.115790 0.257064
vn 0.965930 0.000000 -0.258802
vn 0.965930 0.000000 -0.258802
vn 1.000000 0.000000 0.000000
vn 1.000000 0.000000 0.000000
vn 0.959433 0.115790 -0.257063
vn 0.959433 0.115790 -0.257063
vn 0.993274 0.115790 0.000000
vn 0.993274 0.115790 0.000000
vn 0.866032 0.000000 -0.499989
vn 0.866032 0.000000 -0.499989
vn 0.965930 0.000000 -0.258802
vn 0.965930 0.000000 -0.258802
vn 0.860203 0.115788 -0.496632
vn 0.860203 0.115788 -0.496632
vn 0.959433 0.115790 -0.257063
vn 0.959433 0.115790 -0.257063
vn 0.707107 0.000000 -0.707107
vn 0.707107 0.000000 -0.707107
vn 0.866032 0.000000 -0.499989
vn 0.866032 0.000000 -0.499989
vn 0.702351 0.115792 -0.702350
vn 0.702351 0.115792 -0.702350
vn 0.860203 0.115788 -0.496632
vn 0.860203 0.115788 -0.496632
vn 0.499989 0.000000 -0.866032
vn 0.499989 0.000000 -0.866032
vn 0.707107 0.000000 -0.707107
vn 0.707107 0.000000 -0.707107
vn 0.496633 0.115788 -0.860203
vn 0.496633 0.115788 -0.860203
vn 0.702351 0.115792 -0.702350
vn 0.702351 0.115792 -0.702350
vn 0.258802 0.000000 -0.965930
vn 0.258802 0.000000 -0.965930
vn 0.499989 0.000000 -0.866032
vn 0.499989 0.000000 -0.866032
vn 0.257064 0.115790 -0.959433
vn 0.257064 0.115790 -0.959433
vn 0.496633 0.115788 -0.860203
vn 0.496633 0.115788 -0.860203
vn 0.000000 -0.000000 -1.000000
vn 0.000000 -0.000000 -1.000000
vn 0.258802 0.000000 -0.965930
vn 0.258802 0.000000 -0.965930
vn 0.000000 0.115789 -0.993274
vn 0.000000 0.115789 -0.993274
vn 0.257064 0.115790 -0.959433
vn 0.257064 0.115790 -0.959433
vn -0.258802 -0.000000 -0.965930
vn -0.258802 -0.000000 -0.965930
vn 0.000000 -0.000000 -1.000000
vn 0.000000 -0.000000 -1.000000
vn -0.257063 0.115790 -0.959433
vn -0.257063 0.115790 -0.959433
vn 0.000000 0.115789 -0.993274
vn 0.000000 0.115789 -0.993274
vn -0.499989 -0.000000 -0.866032
vn -0.499989 -0.000000 -0.866032
vn -0.258802 -0.000000 -0.965930
vn -0.258802 -0.000000 -0.965930
vn -0.496632 0.115788 -0.860203
vn -0.496632 0.115788 -0.860203
vn -0.257063 0.115790 -0.959433
vn -0.257063 0.115790 -0.959433
vn -0.707107 -0.000000 -0.707107
vn -0.707107 -0.000000 -0.707107
vn -0.499989 -0.000000 -0.866032
vn -0.499989 -0.000000 -0.866032
vn -0.702350 0.115792 -0.702351
vn -0.702350 0.115792 -0.702351
vn -0.496632 0.115788 -0.860203
vn -0.496632 0.115788 -0.860203
vn -0.866032 -0.000000 -0.499989
vn -0.866032 -0.000000 -0.499989
vn -0.707107 -0.000000 -0.707107
vn -0.707107 -0.000000 -0.707107
vn -0.860203 0.115788 -0.496633
vn -0.860203 0.115788 -0.496633
vn -0.702350 0.115792 -0.702351
vn -0.702350 0.115792 -0.702351
vn -0.965930 -0.000000 0.258802
vn -0.965930 -0.000000 0.258802
vn -1.000000 -0.000000 -0.000000
vn -1.000000 -0.000000 -0.000000
vn -0.959433 0.115790 0.257063
vn -0.959433 0.115790 0.257063
vn -0.993274 0.115789 -0.000000
vn -0.993274 0.115789 -0.000000
vn -0.965930 -0.000000 0.258802
vn -0.965930 -0.000000 0.258802
vn -1.000000 -0.000000 -0.000000
vn -1.000000 -0.000000 -0.000000
vn -0.965930 -0.000000 0.258802
vn -0.965930 -0.000000 0.258802
vn -1.000000 -0.000000 -0.000000
vn -1.000000 -0.000000 -0.000000
vn -0.866032 -0.000000 -0.499989
vn -0.866032 -0.000000 -0.499989
vn -0.707107 -0.000000 -0.707107
vn -0.707107 -0.000000 -0.707107
vn -0.866032 -0.000000 -0.499989
vn -0.866032 -0.000000 -0.499989
vn -0.707107 -0.000000 -0.707107
vn -0.707107 -0.000000 -0.707107
vn -0.707107 -0.000000 -0.707107
vn -0.707107 -0.000000 -0.707107
vn -0.499989 -0.000000 -0.866032
vn -0.499989 -0.000000 -0.866032
vn -0.707107 -0.000000 -0.707107
vn -0.707107 -0.000000 -0.707107
vn -0.499989 -0.000000 -0.866032
vn -0.499989 -0.000000 -0.866032
vn -0.499989 -0.000000 -0.866032
vn -0.499989 -0.000000 -0.866032
vn -0.258802 -0.000000 -0.965930
vn -0.258802 -0.000000 -0.965930
vn -0.499989 -0.000000 -0.866032
vn -0.499989 -0.000000 -0.866032
vn -0.258802 -0.000000 -0.965930
vn -0.258802 -0.000000 -0.965930
vn -0.258802 -0.000000 -0.965930
vn -0.258802 -0.000000 -0.965930
vn 0.000000 -0.000000 -1.000000
vn 0.000000 -0.000000 -1.000000
vn -0.258802 -0.000000 -0.965930
vn -0.258802 -0.000000 -0.965930
vn 0.000000 -0.000000 -1.000000
vn 0.000000 -0.000000 -1.000000
vn 0.000000 -0.000000 -1.000000
vn 0.000000 -0.000000 -1.000000
vn 0.258802 0.000000 -0.965930
vn 0.258802 0.000000 -0.965930
vn 0.000000 -0.000000 -1.000000
vn 0.000000 -0.000000 -1.000000
vn 0.258802 0.000000 -0.965930
vn 0.258802 0.000000 -0.965930
vn 0.258802 0.000000 -0.965930
vn 0.258802 0.000000 -0.965930
vn 0.499989 0.000000 -0.866032
vn 0.499989 0.000000 -0.866032
vn 0.258802 0.000000 -0.965930
vn 0.258802 0.000000 -0.965930
vn 0.499989 0.000000 -0.866032
vn 0.499989 0.000000 -0.866032
vn 0.499989 0.000000 -0.866032
vn 0.499989 0.000000 -0.866032
vn 0.707107 0.000000 -0.707107
vn 0.707107 0.000000 -0.707107
vn 0.499989 0.000000 -0.866032
vn 0.499989 0.000000 -0.866032
vn 0.707107 0.000000 -0.707107
vn 0.707107 0.000000 -0.707107
vn 0.707107 0.000000 -0.707107
vn 0.707107 0.000000 -0.707107
vn 0.866032 0.000000 -0.499989
vn 0.866032 0.000000 -0.499989
vn 0.707107 0.000000 -0.707107
vn 0.707107 0.000000 -0.707107
vn 0.866032 0.000000 -0.499989
vn 0.866032 0.000000 -0.499989
vn 0.866032 0.000000 -0.499989
vn 0.866032 0.000000 -0.499989
vn 0.965930 0.000000 -0.258802
vn 0.965930 0.000000 -0.258802
vn 0.866032 0.000000 -0.499989
vn 0.866032 0.000000 -0.499989
vn 0.965930 0.000000 -0.258802
vn 0.965930 0.000000 -0.258802
vn 0.965930 0.000000 -0.258802
vn 0.965930 0.000000 -0.258802
vn 1.000000 0.000000 0.000000
vn 1.000000 0.000000 0.000000
vn 0.965930 0.000000 -0.258802
vn 0.965930 0.000000 -0.258802
vn 1.000000 0.000000 0.000000
vn 1.000000 0.000000 0.000000
vn 1.000000 0.000000 0.000000
vn 1.000000 0.000000 0.000000
vn 0.965930 0.000000 0.258802
vn 0.965930 0.000000 0.258802
vn 1.000000 0.000000 0.000000
vn 1.000000 0.000000 0.000000
vn 0.965930 0.000000 0.258802
vn 0.965930 0.000000 0.258802
vn 0.965930 0.000000 0.258802
vn 0.965930 0.000000 0.258802
vn 0.866032 0.000000 0.499989
vn 0.866032 0.000000 0.499989
vn 0.965930 0.000000 0.258802
vn 0.965930 0.000000 0.258802
vn 0.866032 0.000000 0.499989
vn 0.866032 0.000000 0.499989
vn 0.866032 0.000000 0.499989
vn 0.866032 0.000000 0.499989
vn 0.707107 0.000000 0.707107
vn 0.707107 0.000000 0.707107
vn 0.866032 0.000000 0.499989
vn 0.866032 0.000000 0.499989
vn 0.707107 0.000000 0.707107
vn 0.707107 0.000000 0.707107
vn 0.707107 0.000000 0.707107
vn 0.707107 0.000000 0.707107
vn 0.499989 0.000000 0.866032
vn 0.499989 0.000000 0.866032
vn 0.707107 0.000000 0.707107
vn 0.707107 0.000000 0.707107
vn 0.499989 0.000000 0.866032
vn 0.499989 0.000000 0.866032
vn 0.499989 0.000000 0.866032
vn 0.499989 0.000000 0.866032
vn 0.258802 0.000000 0.965930
vn 0.258802 0.000000 0.965930
vn 0.499989 0.000000 0.866032
vn 0.499989 0.000000 0.866032
vn 0.258802 0.000000 0.965930
vn 0.258802 0.000000 0.965930
vn 0.258802 0.000000 0.965930
vn 0.258802 0.000000 0.965930
vn -0.000000 0.000000 1.000000
vn -0.000000 0.000000 1.000000
vn 0.258802 0.000000 0.965930
vn 0.258802 0.000000 0.965930
vn -0.000000 0.000000 1.000000
vn -0.000000 0.000000 1.000000
vn -0.000000 0.000000 1.000000
vn -0.000000 0.000000 1.000000
vn -0.258802 -0.000000 0.965930
vn -0.258802 -0.000000 0.965930
vn -0.000000 0.000000 1.000000
vn -0.000000 0.000000 1.000000
vn -0.258802 -0.000000 0.965930
vn -0.258802 -0.000000 0.965930
vn -0.258802 -0.000000 0.965930
vn -0.258802 -0.000000 0.965930
vn -0.499989 -0.000000 0.866032
vn -0.499989 -0.000000 0.866032
vn -0.258802 -0.000000 0.965930
vn -0.258802 -0.000000 0.965930
vn -0.499989 -0.000000 0.866032
vn -0.499989 -0.000000 0.866032
vn -0.499989 -0.000000 0.866032
vn -0.499989 -0.000000 0.866032
vn -0.707107 -0.000000 0.707107
vn -0.707107 -0.000000 0.707107
vn -0.499989 -0.000000 0.866032
vn -0.499989 -0.000000 0.866032
vn -0.707107 -0.000000 0.707107
vn -0.707107 -0.000000 0.707107
vn -0.707107 -0.000000 0.707107
vn -0.707107 -0.000000 0.707107
vn -0.866032 -0.000000 0.499989
vn -0.866032 -0.000000 0.499989
vn -0.707107 -0.000000 0.707107
vn -0.707107 -0.000000 0.707107
vn -0.866032 -0.000000 0.499989
vn -0.866032 -0.000000 0.499989
vn -0.866032 -0.000000 0.499989
vn -0.866032 -0.000000 0.499989
vn -0.965930 -0.000000 0.258802
vn -0.965930 -0.000000 0.258802
vn -0.866032 -0.000000 0.499989
vn -0.866032 -0.000000 0.499989
vn -0.965930 -0.000000 0.258802
vn -0.965930 -0.000000 0.258802
vn -0.965930 -0.000000 -0.258802
vn -0.965930 -0.000000 -0.258802
vn -0.866032 -0.000000 -0.499989
vn -0.866032 -0.000000 -0.499989
vn -0.965930 -0.000000 -0.258802
vn -0.965930 -0.000000 -0.258802
vn -0.866032 -0.000000 -0.499989
vn -0.866032 -0.000000 -0.499989
vn -1.000000 -0.000000 -0.000000
vn -1.000000 -0.000000 -0.000000
vn -0.965930 -0.000000 -0.258802
vn -0.965930 -0.000000 -0.258802
vn -1.000000 -0.000000 -0.000000
vn -1.000000 -0.000000 -0.000000
vn -0.965930 -0.000000 -0.258802
vn -0.965930 -0.000000 -0.258802
vn 0.000000 -1.000000 0.000000
vn 0.000000 -1.000000 0.000000
vn 0.000000 -1.000000 0.000000
vn 0.000000 -1.000000 0.000000
vn -0.003052 0.999995 -0.000794
vn -0.003144 0.999995 -0.000000
vn -0.003144 0.999995 -0.000000
vn -0.003052 0.999995 -0.000794
vn 0.000000 -1.000000 0.000000
vn 0.000000 -1.000000 0.000000
vn 0.000000 -1.000000 0.000000
vn 0.000000 -1.000000 0.000000
vn -0.002716 0.999995 -0.001556
vn -0.003052 0.999995 -0.000794
vn -0.003052 0.999995 -0.000794
vn -0.002716 0.999995 -0.001556
vn 0.000000 -1.000000 0.000000
vn 0.000000 -1.000000 0.000000
vn 0.000000 -1.000000 0.000000
vn 0.000000 -1.000000 0.000000
vn -0.002228 0.999995 -0.002228
vn -0.002716 0.999995 -0.001556
vn -0.002716 0.999995 -0.001556
vn -0.002228 0.999995 -0.002228
vn 0.000000 -1.000000 0.000000
vn 0.000000 -1.000000 0.000000
vn 0.000000 -1.000000 0.000000
vn 0.000000 -1.000000 0.000000
vn -0.001557 0.999995 -0.002716
vn -0.002228 0.999995 -0.002228
vn -0.002228 0.999995 -0.002228
vn -0.001557 0.999995 -0.002716
vn 0.000000 -1.000000 0.000000
vn 0.000000 -1.000000 0.000000
vn 0.000000 -1.000000 0.000000
vn 0.000000 -1.000000 0.000000
vn -0.000794 0.999995 -0.003052
vn -0.001557 0.999995 -0.002716
vn -0.001557 0.999995 -0.002716
vn -0.000794 0.999995 -0.003052
vn 0.000000 -1.000000 0.000000
vn 0.000000 -1.000000 0.000000
vn 0.000000 -1.000000 0.000000
vn 0.000000 -1.000000 0.000000
vn -0.000000 0.999995 -0.003143
vn -0.000794 0.999995 -0.003052
vn -0.000794 0.999995 -0.003052
vn -0.000000 0.999995 -0.003143
vn 0.000000 -1.000000 0.000000
vn 0.000000 -1.000000 0.000000
vn 0.000000 -1.000000 0.000000
vn 0.000000 -1.000000 0.000000
vn 0.000793 0.999995 -0.003052
vn -0.000000 0.999995 -0.003143
vn -0.000000 0.999995 -0.003143
vn 0.000793 0.999995 -0.003052
vn 0.000000 -1.000000 0.000000
vn 0.000000 -1.000000 0.000000
vn 0.000000 -1.000000 0.000000
vn 0.000000 -1.000000 0.000000
vn 0.001556 0.999995 -0.002716
vn 0.000793 0.999995 -0.003052
vn 0.000793 0.999995 -0.003052
vn 0.001556 0.999995 -0.002716
vn 0.000000 -1.000000 0.000000
vn 0.000000 -1.000000 0.000000
vn 0.000000 -1.000000 0.000000
vn 0.000000 -1.000000 0.000000
vn 0.002228 0.999995 -0.002228
vn 0.001556 0.999995 -0.002716
vn 0.001556 0.999995 -0.002716
vn 0.002228 0.999995 -0.002228
vn 0.000000 -1.000000 0.000000
vn 0.000000 -1.000000 0.000000
vn 0.000000 -1.000000 0.000000
vn 0.000000 -1.000000 0.000000
vn 0.002716 0.999995 -0.001556
vn 0.002228 0.999995 -0.002228
vn 0.002228 0.999995 -0.002228
vn 0.002716 0.999995 -0.001556
vn 0.000000 -1.000000 0.000000
vn 0.000000 -1.000000 0.000000
vn 0.000000 -1.000000 0.000000
vn 0.000000 -1.000000 0.000000
vn 0.003052 0.999995 -0.000794
vn 0.002716 0.999995 -0.001556
vn 0.002716 0.999995 -0.001556
vn 0.003052 0.999995 -0.000794
vn 0.000000 -1.000000 0.000000
vn 0.000000 -1.000000 0.000000
vn 0.000000 -1.000000 0.000000
vn 0.000000 -1.000000 0.000000
vn 0.003143 0.999995 0.000000
vn 0.003052 0.999995 -0.000794
vn 0.003052 0.999995 -0.000794
vn 0.003143 0.999995 0.000000
vn 0.000000 -1.000000 0.000000
vn 0.000000 -1.000000 0.000000
vn 0.000000 -1.000000 0.000000
vn 0.000000 -1.000000 0.000000
vn 0.003052 0.999995 0.000794
vn 0.003143 0.999995 0.000000
vn 0.003143 0.999995 0.000000
vn 0.003052 0.999995 0.000794
vn 0.000000 -1.000000 0.000000
vn 0.000000 -1.000000 0.000000
vn 0.000000 -1.000000 0.000000
vn 0.000000 -1.000000 0.000000
vn 0.002716 0.999995 0.001556
vn 0.003052 0.999995 0.000794
vn 0.003052 0.999995 0.000794
vn 0.002716 0.999995 0.001556
vn 0.000000 -1.000000 0.000000
vn 0.000000 -1.000000 0.000000
vn 0.000000 -1.000000 0.000000
vn 0.000000 -1.000000 0.000000
vn 0.002228 0.999995 0.002228
vn 0.002716 0.999995 0.001556
vn 0.002716 0.999995 0.001556
vn 0.002228 0.999995 0.002228
vn 0.000000 -1.000000 0.000000
vn 0.000000 -1.000000 0.000000
vn 0.000000 -1.000000 0.000000
vn 0.000000 -1.000000 0.000000
vn 0.001556 0.999995 0.002716
vn 0.002228 0.999995 0.002228
vn 0.002228 0.999995 0.002228
vn 0.001556 0.999995 0.002716
vn 0.000000 -1.000000 0.000000
vn 0.000000 -1.000000 0.000000
vn 0.000000 -1.000000 0.000000
vn 0.000000 -1.000000 0.000000
vn 0.000793 0.999995 0.003052
vn 0.001556 0.999995 0.002716
vn 0.001556 0.999995 0.002716
vn 0.000793 0.999995 0.003052
vn 0.000000 -1.000000 0.000000
vn 0.000000 -1.000000 0.000000
vn 0.000000 -1.000000 0.000000
vn 0.000000 -1.000000 0.000000
vn -0.000000 0.999995 0.003143
vn 0.000793 0.999995 0.003052
vn 0.000793 0.999995 0.003052
vn -0.000000 0.999995 0.003143
vn 0.000000 -1.000000 0.000000
vn 0.000000 -1.000000 0.000000
vn 0.000000 -1.000000 0.000000
vn 0.000000 -1.000000 0.000000
vn -0.000794 0.999995 0.003052
vn -0.000000 0.999995 0.003143
vn -0.000000 0.999995 0.003143
vn -0.000794 0.999995 0.003052
vn 0.000000 -1.000000 0.000000
vn 0.000000 -1.000000 0.000000
vn 0.000000 -1.000000 0.000000
vn 0.000000 -1.000000 0.000000
vn -0.001557 0.999995 0.002716
vn -0.000794 0.999995 0.003052
vn -0.000794 0.999995 0.003052
vn -0.001557 0.999995 0.002716
vn 0.000000 -1.000000 0.000000
vn 0.000000 -1.000000 0.000000
vn 0.000000 -1.000000 0.000000
vn 0.000000 -1.000000 0.000000
vn -0.002228 0.999995 0.002228
vn -0.001557 0.999995 0.002716
vn -0.001557 0.999995 0.002716
vn -0.002228 0.999995 0.002228
vn 0.000000 -1.000000 0.000000
vn 0.000000 -1.000000 0.000000
vn 0.000000 -1.000000 0.000000
vn 0.000000 -1.000000 0.000000
vn -0.002716 0.999995 0.001556
vn -0.002228 0.999995 0.002228
vn -0.002228 0.999995 0.002228
vn -0.002716 0.999995 0.001556
vn 0.000000 -1.000000 0.000000
vn 0.000000 -1.000000 0.000000
vn 0.000000 -1.000000 0.000000
vn 0.000000 -1.000000 0.000000
vn -0.003052 0.999995 0.000794
vn -0.002716 0.999995 0.001556
vn -0.002716 0.999995 0.001556
vn -0.003052 0.999995 0.000794
vn 0.000000 -1.000000 0.000000
vn 0.000000 -1.000000 0.000000
vn 0.000000 -1.000000 0.000000
vn 0.000000 -1.000000 0.000000
vn -0.003144 0.999995 -0.000000
vn -0.003052 0.999995 0.000794
vn -0.003052 0.999995 0.000794
vn -0.003144 0.999995 -0.000000
vn -0.000000 1.000000 -0.000000
vn -0.000000 1.000000 -0.000000
vn -0.000000 1.000000 -0.000000
vn -0.000000 1.000000 -0.000000
vn 0.006165 -0.999981 0.000000
vn 0.005982 -0.999981 0.001587
vn 0.005982 -0.999981 0.001587
vn 0.006165 -0.999981 0.000000
vn -0.000000 1.000000 -0.000000
vn -0.000000 1.000000 -0.000000
vn -0.000000 1.000000 -0.000000
vn -0.000000 1.000000 -0.000000
vn 0.005982 -0.999981 0.001587
vn 0.005341 -0.999981 0.003082
vn 0.005341 -0.999981 0.003082
vn 0.005982 -0.999981 0.001587
vn -0.000000 1.000000 -0.000000
vn -0.000000 1.000000 -0.000000
vn -0.000000 1.000000 -0.000000
vn -0.000000 1.000000 -0.000000
vn 0.005341 -0.999981 -0.003082
vn 0.005982 -0.999981 -0.001587
vn 0.005982 -0.999981 -0.001587
vn 0.005341 -0.999981 -0.003082
vn -0.000000 1.000000 -0.000000
vn -0.000000 1.000000 -0.000000
vn -0.000000 1.000000 -0.000000
vn -0.000000 1.000000 -0.000000
vn 0.004364 -0.999981 -0.004364
vn 0.005341 -0.999981 -0.003082
vn 0.005341 -0.999981 -0.003082
vn 0.004364 -0.999981 -0.004364
vn -0.000000 1.000000 -0.000000
vn -0.000000 1.000000 -0.000000
vn -0.000000 1.000000 -0.000000
vn -0.000000 1.000000 -0.000000
vn 0.003083 -0.999981 -0.005341
vn 0.004364 -0.999981 -0.004364
vn 0.004364 -0.999981 -0.004364
vn 0.003083 -0.999981 -0.005341
vn -0.000000 1.000000 -0.000000
vn -0.000000 1.000000 -0.000000
vn -0.000000 1.000000 -0.000000
vn -0.000000 1.000000 -0.000000
vn 0.001587 -0.999981 -0.005982
vn 0.003083 -0.999981 -0.005341
vn 0.003083 -0.999981 -0.005341
vn 0.001587 -0.999981 -0.005982
vn -0.000000 1.000000 -0.000000
vn -0.000000 1.000000 -0.000000
vn -0.000000 1.000000 -0.000000
vn -0.000000 1.000000 -0.000000
vn 0.000000 -0.999981 -0.006165
vn 0.001587 -0.999981 -0.005982
vn 0.001587 -0.999981 -0.005982
vn 0.000000 -0.999981 -0.006165
vn -0.000000 1.000000 -0.000000
vn -0.000000 1.000000 -0.000000
vn -0.000000 1.000000 -0.000000
vn -0.000000 1.000000 -0.000000
vn -0.001587 -0.999981 -0.005982
vn 0.000000 -0.999981 -0.006165
vn 0.000000 -0.999981 -0.006165
vn -0.001587 -0.999981 -0.005982
vn -0.000000 1.000000 -0.000000
vn -0.000000 1.000000 -0.000000
vn -0.000000 1.000000 -0.000000
vn -0.000000 1.000000 -0.000000
vn -0.003082 -0.999981 -0.005341
vn -0.001587 -0.999981 -0.005982
vn -0.001587 -0.999981 -0.005982
vn -0.003082 -0.999981 -0.005341
vn -0.000000 1.000000 -0.000000
vn -0.000000 1.000000 -0.000000
vn -0.000000 1.000000 -0.000000
vn -0.000000 1.000000 -0.000000
vn -0.004364 -0.999981 -0.004364
vn -0.003082 -0.999981 -0.005341
vn -0.003082 -0.999981 -0.005341
vn -0.004364 -0.999981 -0.004364
vn -0.000000 1.000000 -0.000000
vn -0.000000 1.000000 -0.000000
vn -0.000000 1.000000 -0.000000
vn -0.000000 1.000000 -0.000000
vn -0.005341 -0.999981 -0.003082
vn -0.004364 -0.999981 -0.004364
vn -0.004364 -0.999981 -0.004364
vn -0.005341 -0.999981 -0.003082
vn -0.000000 1.000000 -0.000000
vn -0.000000 1.000000 -0.000000
vn -0.000000 1.000000 -0.000000
vn -0.000000 1.000000 -0.000000
vn -0.005982 -0.999981 -0.001587
vn -0.005341 -0.999981 -0.003082
vn -0.005341 -0.999981 -0.003082
vn -0.005982 -0.999981 -0.001587
vn -0.000000 1.000000 -0.000000
vn -0.000000 1.000000 -0.000000
vn -0.000000 1.000000 -0.000000
vn -0.000000 1.000000 -0.000000
vn -0.006165 -0.999981 -0.000000
vn -0.005982 -0.999981 -0.001587
vn -0.005982 -0.999981 -0.001587
vn -0.006165 -0.999981 -0.000000
vn -0.000000 1.000000 -0.000000
vn -0.000000 1.000000 -0.000000
vn -0.000000 1.000000 -0.000000
vn -0.000000 1.000000 -0.000000
vn -0.005982 -0.999981 0.001587
vn -0.006165 -0.999981 -0.000000
vn -0.006165 -0.999981 -0.000000
vn -0.005982 -0.999981 0.001587
vn -0.000000 1.000000 -0.000000
vn -0.000000 1.000000 -0.000000
vn -0.000000 1.000000 -0.000000
vn -0.000000 1.000000 -0.000000
vn -0.005341 -0.999981 0.003082
vn -0.005982 -0.999981 0.001587
vn -0.005982 -0.999981 0.001587
vn -0.005341 -0.999981 0.003082
vn -0.000000 1.000000 -0.000000
vn -0.000000 1.000000 -0.000000
vn -0.000000 1.000000 -0.000000
vn -0.000000 1.000000 -0.000000
vn -0.004364 -0.999981 0.004364
vn -0.005341 -0.999981 0.003082
vn -0.005341 -0.999981 0.003082
vn -0.004364 -0.999981 0.004364
vn -0.000000 1.000000 -0.000000
vn -0.000000 1.000000 -0.000000
vn -0.000000 1.000000 -0.000000
vn -0.000000 1.000000 -0.000000
vn -0.003082 -0.999981 0.005341
vn -0.004364 -0.999981 0.004364
vn -0.004364 -0.999981 0.004364
vn -0.003082 -0.999981 0.005341
vn -0.000000 1.000000 -0.000000
vn -0.000000 1.000000 -0.000000
vn -0.000000 1.000000 -0.000000
vn -0.000000 1.000000 -0.000000
vn -0.001587 -0.999981 0.005982
vn -0.003082 -0.999981 0.005341
vn -0.003082 -0.999981 0.005341
vn -0.001587 -0.999981 0.005982
vn -0.000000 1.000000 -0.000000
vn -0.000000 1.000000 -0.000000
vn -0.000000 1.000000 -0.000000
vn -0.000000 1.000000 -0.000000
vn 0.000000 -0.999981 0.006165
vn -0.001587 -0.999981 0.005982
vn -0.001587 -0.999981 0.005982
vn 0.000000 -0.999981 0.006165
vn -0.000000 1.000000 -0.000000
vn -0.000000 1.000000 -0.000000
vn -0.000000 1.000000 -0.000000
vn -0.000000 1.000000 -0.000000
vn 0.001587 -0.999981 0.005982
vn 0.000000 -0.999981 0.006165
vn 0.000000 -0.999981 0.006165
vn 0.001587 -0.999981 0.005982
vn -0.000000 1.000000 -0.000000
vn -0.000000 1.000000 -0.000000
vn -0.000000 1.000000 -0.000000
vn -0.000000 1.000000 -0.000000
vn 0.003083 -0.999981 0.005341
vn 0.001587 -0.999981 0.005982
vn 0.001587 -0.999981 0.005982
vn 0.003083 -0.999981 0.005341
vn -0.000000 1.000000 -0.000000
vn -0.000000 1.000000 -0.000000
vn -0.000000 1.000000 -0.000000
vn -0.000000 1.000000 -0.000000
vn 0.004364 -0.999981 0.004364
vn 0.003083 -0.999981 0.005341
vn 0.003083 -0.999981 0.005341
vn 0.004364 -0.999981 0.004364
vn -0.000000 1.000000 -0.000000
vn -0.000000 1.000000 -0.000000
vn -0.000000 1.000000 -0.000000
vn -0.000000 1.000000 -0.000000
vn 0.005341 -0.999981 0.003082
vn 0.004364 -0.999981 0.004364
vn 0.004364 -0.999981 0.004364
vn 0.005341 -0.999981 0.003082
vn -0.000000 1.000000 -0.000000
vn -0.000000 1.000000 -0.000000
vn -0.000000 1.000000 -0.000000
vn -0.000000 1.000000 -0.000000
vn 0.005982 -0.999981 -0.001587
vn 0.006165 -0.999981 0.000000
vn 0.006165 -0.999981 0.000000
vn 0.005982 -0.999981 -0.001587
vn 0.000000 -1.000000 0.000000
vn 0.000000 -1.000000 0.000000
vn 0.000000 -1.000000 0.000000
vn 0.000000 -1.000000 0.000000
vn -0.000000 1.000000 -0.000000
vn -0.000000 1.000000 -0.000000
vn -0.000000 1.000000 -0.000000
vn -0.000000 1.000000 -0.000000
vn 0.000000 -1.000000 0.000000
vn 0.000000 -1.000000 0.000000
vn 0.000000 -1.000000 0.000000
vn 0.000000 -1.000000 0.000000
vn -0.000000 1.000000 -0.000000
vn -0.000000 1.000000 -0.000000
vn -0.000000 1.000000 -0.000000
vn -0.000000 1.000000 -0.000000
vn 0.000000 -1.000000 0.000000
vn 0.000000 -1.000000 0.000000
vn 0.000000 -1.000000 0.000000
vn 0.000000 -1.000000 0.000000
vn -0.000000 1.000000 -0.000000
vn -0.000000 1.000000 -0.000000
vn -0.000000 1.000000 -0.000000
vn -0.000000 1.000000 -0.000000
vn 0.000000 -1.000000 0.000000
vn 0.000000 -1.000000 0.000000
vn 0.000000 -1.000000 0.000000
vn 0.000000 -1.000000 0.000000
vn -0.000000 1.000000 -0.000000
vn -0.000000 1.000000 -0.000000
vn -0.000000 1.000000 -0.000000
vn -0.000000 1.000000 -0.000000
vn 0.000000 -1.000000 0.000000
vn 0.000000 -1.000000 0.000000
vn 0.000000 -1.000000 0.000000
vn 0.000000 -1.000000 0.000000
vn -0.000000 1.000000 -0.000000
vn -0.000000 1.000000 -0.000000
vn -0.000000 1.000000 -0.000000
vn -0.000000 1.000000 -0.000000
vn 0.000000 -1.000000 0.000000
vn 0.000000 -1.000000 0.000000
vn 0.000000 -1.000000 0.000000
vn 0.000000 -1.000000 0.000000
vn -0.000000 1.000000 -0.000000
vn -0.000000 1.000000 -0.000000
vn -0.000000 1.000000 -0.000000
vn -0.000000 1.000000 -0.000000
vn 0.000000 -1.000000 0.000000
vn 0.000000 -1.000000 0.000000
vn 0.000000 -1.000000 0.000000
vn 0.000000 -1.000000 0.000000
vn -0.000000 1.000000 -0.000000
vn -0.000000 1.000000 -0.000000
vn -0.000000 1.000000 -0.000000
vn -0.000000 1.000000 -0.000000
vn 0.000000 -1.000000 0.000000
vn 0.000000 -1.000000 0.000000
vn 0.000000 -1.000000 0.000000
vn 0.000000 -1.000000 0.000000
vn -0.000000 1.000000 -0.000000
vn -0.000000 1.000000 -0.000000
vn -0.000000 1.000000 -0.000000
vn -0.000000 1.000000 -0.000000
vn 0.000000 -1.000000 0.000000
vn 0.000000 -1.000000 0.000000
vn 0.000000 -1.000000 0.000000
vn 0.000000 -1.000000 0.000000
vn -0.000000 1.000000 -0.000000
vn -0.000000 1.000000 -0.000000
vn -0.000000 1.000000 -0.000000
vn -0.000000 1.000000 -0.000000
vn 0.000000 -1.000000 0.000000
vn 0.000000 -1.000000 0.000000
vn 0.000000 -1.000000 0.000000
vn 0.000000 -1.000000 0.000000
vn -0.000000 1.000000 -0.000000
vn -0.000000 1.000000 -0.000000
vn -0.000000 1.000000 -0.000000
vn -0.000000 1.000000 -0.000000
vn 0.000000 -1.000000 0.000000
vn 0.000000 -1.000000 0.000000
vn 0.000000 -1.000000 0.000000
vn 0.000000 -1.000000 0.000000
vn -0.000000 1.000000 -0.000000
vn -0.000000 1.000000 -0.000000
vn -0.000000 1.000000 -0.000000
vn -0.000000 1.000000 -0.000000
vn 0.000000 -1.000000 0.000000
vn 0.000000 -1.000000 0.000000
vn 0.000000 -1.000000 0.000000
vn 0.000000 -1.000000 0.000000
vn -0.000000 1.000000 -0.000000
vn -0.000000 1.000000 -0.000000
vn -0.000000 1.000000 -0.000000
vn -0.000000 1.000000 -0.000000
vn 0.000000 -1.000000 0.000000
vn 0.000000 -1.000000 0.000000
vn 0.000000 -1.000000 0.000000
vn 0.000000 -1.000000 0.000000
vn -0.000000 1.000000 -0.000000
vn -0.000000 1.000000 -0.000000
vn -0.000000 1.000000 -0.000000
vn -0.000000 1.000000 -0.000000
vn 0.000000 -1.000000 0.000000
vn 0.000000 -1.000000 0.000000
vn 0.000000 -1.000000 0.000000
vn 0.000000 -1.000000 0.000000
vn -0.000000 1.000000 -0.000000
vn -0.000000 1.000000 -0.000000
vn -0.000000 1.000000 -0.000000
vn -0.000000 1.000000 -0.000000
vn 0.000000 -1.000000 0.000000
vn 0.000000 -1.000000 0.000000
vn 0.000000 -1.000000 0.000000
vn 0.000000 -1.000000 0.000000
vn -0.000000 1.000000 -0.000000
vn -0.000000 1.000000 -0.000000
vn -0.000000 1.000000 -0.000000
vn -0.000000 1.000000 -0.000000
vn 0.000000 -1.000000 0.000000
vn 0.000000 -1.000000 0.000000
vn 0.000000 -1.000000 0.000000
vn 0.000000 -1.000000 0.000000
vn -0.000000 1.000000 -0.000000
vn -0.000000 1.000000 -0.000000
vn -0.000000 1.000000 -0.000000
vn -0.000000 1.000000 -0.000000
vn 0.000000 -1.000000 0.000000
vn 0.000000 -1.000000 0.000000
vn 0.000000 -1.000000 0.000000
vn 0.000000 -1.000000 0.000000
vn -0.000000 1.000000 -0.000000
vn -0.000000 1.000000 -0.000000
vn -0.000000 1.000000 -0.000000
vn -0.000000 1.000000 -0.000000
vn 0.000000 -1.000000 0.000000
vn 0.000000 -1.000000 0.000000
vn 0.000000 -1.000000 0.000000
vn 0.000000 -1.000000 0.000000
vn -0.000000 1.000000 -0.000000
vn -0.000000 1.000000 -0.000000
vn -0.000000 1.000000 -0.000000
vn -0.000000 1.000000 -0.000000
vn 0.000000 -1.000000 0.000000
vn 0.000000 -1.000000 0.000000
vn 0.000000 -1.000000 0.000000
vn 0.000000 -1.000000 0.000000
vn -0.000000 1.000000 -0.000000
vn -0.000000 1.000000 -0.000000
vn -0.000000 1.000000 -0.000000
vn -0.000000 1.000000 -0.000000
vn 0.000000 -1.000000 0.000000
vn 0.000000 -1.000000 0.000000
vn 0.000000 -1.000000 0.000000
vn 0.000000 -1.000000 0.000000
vn -0.000000 1.000000 -0.000000
vn -0.000000 1.000000 -0.000000
vn -0.000000 1.000000 -0.000000
vn -0.000000 1.000000 -0.000000
vn 0.000000 -1.000000 0.000000
vn 0.000000 -1.000000 0.000000
vn 0.000000 -1.000000 0.000000
vn 0.000000 -1.000000 0.000000
vn -0.000000 1.000000 -0.000000
vn -0.000000 1.000000 -0.000000
vn -0.000000 1.000000 -0.000000
vn -0.000000 1.000000 -0.000000
vn 0.000000 -1.000000 0.000000
vn 0.000000 -1.000000 0.000000
vn 0.000000 -1.000000 0.000000
vn 0.000000 -1.000000 0.000000
vn -0.000000 1.000000 -0.000000
vn -0.000000 1.000000 -0.000000
vn -0.000000 1.000000 -0.000000
vn -0.000000 1.000000 -0.000000
vn 0.000000 -1.000000 0.000000
vn 0.000000 -1.000000 0.000000
vn 0.000000 -1.000000 0.000000
vn 0.000000 -1.000000 0.000000
vn -0.000000 1.000000 -0.000000
vn -0.000000 1.000000 -0.000000
vn -0.000000 1.000000 -0.000000
vn -0.000000 1.000000 -0.000000
vn 0.000000 -1.000000 0.000000
vn 0.000000 -1.000000 0.000000
vn 0.000000 -1.000000 0.000000
vn 0.000000 -1.000000 0.000000
vn -0.000000 1.000000 -0.000000
vn -0.000000 1.000000 -0.000000
vn -0.000000 1.000000 -0.000000
vn -0.000000 1.000000 -0.000000
vn -0.000000 -0.135565 0.990768
vn 0.256420 -0.135565 0.957012
vn 0.258283 -0.063113 0.964006
vn -0.000000 -0.063114 0.998006
vn -0.957011 -0.135565 -0.256420
vn -0.990768 -0.135566 -0.000000
vn -0.998006 -0.063114 -0.000000
vn -0.964006 -0.063114 -0.258283
vn 0.495380 -0.135564 -0.858033
vn 0.256420 -0.135565 -0.957011
vn 0.258283 -0.063113 -0.964006
vn 0.498991 -0.063114 -0.864306
vn 0.256420 -0.135565 0.957012
vn 0.495380 -0.135564 0.858034
vn 0.498990 -0.063114 0.864306
vn 0.258283 -0.063113 0.964006
vn -0.990768 -0.135566 -0.000000
vn -0.957012 -0.135565 0.256420
vn -0.964006 -0.063114 0.258283
vn -0.998006 -0.063114 -0.000000
vn 0.256420 -0.135565 -0.957011
vn 0.000000 -0.135565 -0.990768
vn 0.000000 -0.063114 -0.998006
vn 0.258283 -0.063113 -0.964006
vn 0.495380 -0.135564 0.858034
vn 0.700579 -0.135568 0.700579
vn 0.705697 -0.063114 0.705697
vn 0.498990 -0.063114 0.864306
vn 0.957012 -0.135565 0.256420
vn 0.990768 -0.135565 0.000000
vn 0.998006 -0.063113 0.000000
vn 0.964006 -0.063113 0.258283
vn -0.957012 -0.135565 0.256420
vn -0.858034 -0.135564 0.495380
vn -0.864306 -0.063114 0.498990
vn -0.964006 -0.063114 0.258283
vn 0.000000 -0.135565 -0.990768
vn -0.256420 -0.135565 -0.957012
vn -0.258283 -0.063113 -0.964006
vn 0.000000 -0.063114 -0.998006
vn 0.700579 -0.135568 0.700579
vn 0.858033 -0.135564 0.495380
vn 0.864306 -0.063114 0.498991
vn 0.705697 -0.063114 0.705697
vn 0.858033 -0.135564 0.495380
vn 0.957012 -0.135565 0.256420
vn 0.964006 -0.063113 0.258283
vn 0.864306 -0.063114 0.498991
vn -0.858034 -0.135564 0.495380
vn -0.700579 -0.135568 0.700579
vn -0.705697 -0.063114 0.705697
vn -0.864306 -0.063114 0.498990
vn -0.256420 -0.135565 -0.957012
vn -0.495379 -0.135564 -0.858034
vn -0.498990 -0.063114 -0.864306
vn -0.258283 -0.063113 -0.964006
vn 0.990768 -0.135565 0.000000
vn 0.957012 -0.135565 -0.256420
vn 0.964006 -0.063113 -0.258283
vn 0.998006 -0.063113 0.000000
vn -0.700579 -0.135568 0.700579
vn -0.495380 -0.135564 0.858033
vn -0.498991 -0.063114 0.864306
vn -0.705697 -0.063114 0.705697
vn -0.495379 -0.135564 -0.858034
vn -0.700579 -0.135568 -0.700579
vn -0.705697 -0.063114 -0.705697
vn -0.498990 -0.063114 -0.864306
vn 0.957012 -0.135565 -0.256420
vn 0.858034 -0.135564 -0.495380
vn 0.864306 -0.063114 -0.498990
vn 0.964006 -0.063113 -0.258283
vn -0.495380 -0.135564 0.858033
vn -0.256420 -0.135565 0.957011
vn -0.258283 -0.063113 0.964006
vn -0.498991 -0.063114 0.864306
vn -0.700579 -0.135568 -0.700579
vn -0.858033 -0.135564 -0.495380
vn -0.864306 -0.063114 -0.498991
vn -0.705697 -0.063114 -0.705697
vn 0.858034 -0.135564 -0.495380
vn 0.700579 -0.135568 -0.700579
vn 0.705697 -0.063114 -0.705697
vn 0.864306 -0.063114 -0.498990
vn -0.256420 -0.135565 0.957011
vn -0.000000 -0.135565 0.990768
vn -0.000000 -0.063114 0.998006
vn -0.258283 -0.063113 0.964006
vn -0.858033 -0.135564 -0.495380
vn -0.957011 -0.135565 -0.256420
vn -0.964006 -0.063114 -0.258283
vn -0.864306 -0.063114 -0.498991
s off
g Barrel
usemtl CubeFBXASC046082SG
f 778/594/1 768/302/2 724/797/3 771/700/4
f 774/308/5 726/7/6 728/154/7 816/600/8
f 816/600/9 728/154/10 730/295/11 814/458/12
f 814/458/13 730/295/14 732/440/15 812/315/16
f 812/315/17 732/440/18 734/581/19 810/174/20
f 810/174/21 734/581/22 736/720/23 808/28/24
f 808/28/25 736/720/26 738/446/27 806/816/28
f 806/816/29 738/446/30 740/588/31 804/674/32
f 804/674/33 740/588/34 742/727/35 802/533/36
f 802/533/37 742/727/38 744/873/39 800/810/40
f 800/810/41 744/873/42 746/85/43 798/668/44
f 798/668/45 746/85/46 748/230/47 796/527/48
f 796/527/49 748/230/50 750/372/51 794/386/52
f 794/387/53 750/373/54 752/513/55 792/242/56
f 792/242/57 752/513/58 754/236/59 790/99/60
f 790/99/61 754/236/62 756/379/63 788/885/64
f 788/885/65 756/379/66 758/520/67 786/739/68
f 786/739/69 758/520/70 760/662/71 784/93/72
f 784/93/73 760/662/74 762/803/75 782/879/76
f 782/879/77 762/803/78 764/13/79 780/733/80
f 780/733/81 764/13/82 766/161/83 777/201/84
f 777/201/85 766/161/86 768/302/87 778/594/88
f 772/167/89 723/406/90 726/7/91 774/308/92
f 101/398/93 559/787/94 455/551/95 456/11/96
f 771/700/97 724/797/98 723/407/99 772/168/100
f 457/692/101 458/158/102 459/834/103 460/300/104
f 461/47/105 462/444/106 463/192/107 464/585/108
f 458/159/109 465/841/110 466/306/111 459/835/112
f 467/54/113 461/48/114 464/586/115 468/450/116
f 465/841/117 469/199/118 470/592/119 466/306/120
f 471/343/121 467/54/122 468/450/123 472/731/124
f 469/199/125 473/483/126 474/877/127 470/592/128
f 475/628/129 471/343/130 472/731/131 476/91/132
f 473/483/133 477/768/134 478/234/135 474/877/136
f 479/911/137 475/628/138 476/91/139 480/377/140
f 477/768/141 481/634/142 482/97/143 478/234/144
f 483/774/145 479/911/146 480/377/147 484/240/148
f 481/634/149 485/917/150 486/383/151 482/97/152
f 487/131/153 483/774/154 484/240/155 488/524/156
f 485/917/157 489/272/158 490/666/159 486/383/160
f 491/417/161 487/131/162 488/524/163 492/808/164
f 489/272/165 493/557/166 494/17/167 490/666/168
f 495/698/169 491/417/170 492/808/171 496/165/172
f 493/557/173 497/424/174 498/814/175 494/17/176
f 499/564/177 495/698/178 496/165/179 500/26/180
f 497/424/181 501/704/182 502/172/183 498/814/184
f 503/848/185 499/564/186 500/26/187 504/313/188
f 501/704/189 505/61/190 506/456/191 502/172/192
f 507/206/193 503/848/194 504/313/195 508/598/196
f 505/61/197 509/349/198 510/737/199 506/456/200
f 511/489/201 507/206/202 508/598/203 512/883/204
f 509/349/205 513/212/206 514/604/207 510/737/208
f 515/355/209 511/489/210 512/883/211 516/743/212
f 513/213/213 517/496/214 518/889/215 514/605/216
f 519/640/217 515/356/218 516/744/219 520/104/220
f 517/496/221 521/781/222 522/246/223 518/889/224
f 523/925/225 519/640/226 520/104/227 524/391/228
f 521/781/229 525/138/230 526/531/231 522/246/232
f 527/279/233 523/925/234 524/391/235 528/672/236
f 525/138/237 529/931/238 530/397/239 526/531/240
f 531/144/241 527/279/242 528/672/243 532/537/244
f 529/931/245 533/285/246 534/678/247 530/397/248
f 535/430/249 531/144/250 532/537/251 536/820/252
f 533/285/253 537/570/254 538/32/255 534/678/256
f 539/710/257 535/430/258 536/820/259 540/178/260
f 537/570/261 541/854/262 542/319/263 538/32/264
f 543/67/265 539/710/266 540/178/267 544/462/268
f 541/854/269 545/716/270 546/184/271 542/319/272
f 547/861/273 543/67/274 544/462/275 548/326/276
f 545/716/277 549/74/278 550/468/279 546/184/280
f 551/220/281 547/861/282 548/326/283 552/613/284
f 549/74/285 457/692/286 460/300/287 550/468/288
f 462/444/289 551/220/290 552/613/291 463/192/292
f 140/794/293 598/765/294 622/197/295 189/840/296
f 7/871/297 3/587/298 553/362/299 554/750/300
f 3/587/301 95/392/302 556/895/303 553/362/304
f 95/392/305 91/105/306 557/646/307 556/895/308
f 91/105/309 87/745/310 558/110/311 557/646/312
f 87/745/313 83/463/314 102/788/315 558/110/316
f 83/463/317 79/599/318 560/252/319 102/788/320
f 79/599/321 75/314/322 561/509/323 560/252/324
f 75/314/325 71/27/326 562/902/327 561/509/328
f 71/27/329 67/673/330 563/652/331 562/902/332
f 67/673/333 63/809/334 564/117/335 563/652/336
f 63/809/337 59/525/338 565/793/339 564/117/340
f 59/526/341 55/241/342 566/258/343 565/795/344
f 55/241/345 51/884/346 567/4/347 566/258/348
f 51/884/349 47/92/350 568/403/351 567/4/352
f 47/92/353 43/732/354 569/151/355 568/403/356
f 43/732/357 39/451/358 570/544/359 569/151/360
f 39/451/361 35/166/362 571/292/363 570/544/364
f 35/166/365 31/301/366 572/685/367 571/292/368
f 31/301/369 27/12/370 573/436/371 572/685/372
f 27/12/373 23/661/374 574/826/375 573/436/376
f 23/661/377 19/378/378 575/577/379 574/826/380
f 19/378/381 15/512/382 576/39/383 575/577/384
f 15/512/385 11/229/386 555/502/387 576/39/388
f 11/229/389 7/872/390 554/751/391 555/502/392
f 1/445/393 5/725/394 577/297/395 578/690/396
f 5/726/397 9/84/398 580/832/399 577/298/400
f 9/84/401 13/371/402 581/583/403 580/832/404
f 13/371/405 17/235/406 582/45/407 581/583/408
f 17/235/409 21/519/410 583/722/411 582/45/412
f 21/519/413 25/802/414 584/190/415 583/722/416
f 25/802/417 29/160/418 585/868/419 584/190/420
f 29/160/421 33/18/422 586/332/423 585/868/424
f 33/18/425 37/307/426 587/81/427 586/332/428
f 37/307/429 41/593/430 588/474/431 587/81/432
f 41/593/433 45/878/434 589/226/435 588/474/436
f 45/878/437 49/738/438 590/620/439 589/226/440
f 49/738/441 53/98/442 591/368/443 590/620/444
f 53/98/445 57/384/446 592/757/447 591/368/448
f 57/385/449 61/667/450 593/88/451 592/758/452
f 61/667/453 65/532/454 594/481/455 593/88/456
f 65/532/457 69/815/458 595/232/459 594/481/460
f 69/815/461 73/173/462 596/626/463 595/232/464
f 73/173/465 77/457/466 597/375/467 596/626/468
f 77/457/469 81/320/470 141/545/471 597/375/472
f 81/320/473 85/606/474 599/516/475 141/545/476
f 85/606/477 89/890/478 600/909/479 599/516/480
f 89/890/481 93/247/482 579/442/483 600/909/484
f 93/247/485 1/445/486 578/690/487 579/442/488
f 433/335/489 452/660/490 156/584/491 157/333/492
f 602/123/493 601/658/494 604/264/495 605/9/496 606/409/497 607/156/498 608/549/499 609/805/500 610/270/501 611/15/502 612/415/503 613/163/504 614/555/505 615/304/506 616/696/507 617/448/508 618/839/509 619/590/510 620/52/511 621/729/512 190/305/513 623/875/514 624/341/515 603/799/516
f 127/896/517 128/363/518 177/916/519 176/659/520
f 434/724/521 454/801/522 149/691/523 150/157/524
f 598/765/525 142/5/526 191/53/527 622/197/528
f 435/476/529 456/11/530 164/730/531 165/482/532
f 128/363/533 129/621/534 178/382/535 177/916/536
f 436/870/537 433/336/538 157/334/539 158/723/540
f 142/5/541 143/686/542 192/449/543 191/53/544
f 437/622/545 434/724/546 150/157/547 151/833/548
f 129/621/549 130/82/550 179/130/551 178/382/552
f 438/83/553 435/476/554 165/482/555 166/876/556
f 143/686/557 144/152/558 171/910/559 192/449/560
f 439/760/561 436/870/562 158/723/563 159/475/564
f 130/82/565 131/759/566 180/523/567 179/130/568
f 440/228/569 437/622/570 151/833/571 152/299/572
f 444/511/573 438/83/574 166/876/575 167/627/576
f 131/759/577 132/227/578 181/271/579 180/523/580
f 442/370/581 439/760/582 159/475/583 160/869/584
f 443/120/585 440/228/586 152/299/587 153/46/588
f 132/227/589 133/903/590 182/665/591 181/271/592
f 441/904/593 445/260/594 168/89/595 145/410/596
f 446/654/597 441/904/598 145/410/599 146/800/600
f 133/903/601 134/369/602 183/416/603 182/665/604
f 447/405/605 442/370/606 160/869/607 161/198/608
f 121/469/609 122/862/610 169/766/611 170/233/612
f 448/796/613 443/120/614 153/46/615 154/443/616
f 134/369/617 135/118/618 184/806/619 183/416/620
f 445/261/621 444/511/622 167/627/623 168/90/624
f 144/152/625 121/469/626 170/233/627 171/910/628
f 449/125/629 446/654/630 146/800/631 147/550/632
f 135/119/633 136/510/634 185/556/635 184/807/636
f 450/518/637 447/405/638 161/198/639 162/591/640
f 122/863/641 123/614/642 172/376/643 169/767/644
f 451/266/645 448/796/646 154/443/647 155/191/648
f 136/510/649 137/259/650 186/16/651 185/556/652
f 123/614/653 124/75/654 173/124/655 172/376/656
f 453/411/657 449/125/658 147/550/659 148/10/660
f 137/259/661 138/653/662 187/697/663 186/16/664
f 124/75/665 125/752/666 174/517/667 173/124/668
f 455/551/669 450/518/670 162/591/671 163/342/672
f 138/653/673 139/404/674 188/164/675 187/697/676
f 125/752/677 126/221/678 175/265/679 174/517/680
f 452/660/681 451/266/682 155/191/683 156/584/684
f 139/404/685 140/794/686 189/840/687 188/164/688
f 454/801/689 453/411/690 148/10/691 149/691/692
f 126/221/693 127/896/694 176/659/695 175/265/696
f 456/11/697 455/551/698 163/342/699 164/730/700
f 721/262/701 769/559/702 770/19/703 722/655/704
f 676/500/705 627/735/706 628/203/707 720/1/708
f 722/656/709 770/20/710 773/843/711 725/547/712
f 720/2/713 628/204/714 630/347/715 679/395/716
f 765/694/717 775/56/718 776/452/719 767/837/720
f 718/791/721 633/238/722 634/632/723 675/108/724
f 763/553/725 779/345/726 775/56/727 765/694/728
f 716/650/729 636/772/730 633/238/731 718/791/732
f 761/413/733 781/485/734 779/345/735 763/553/736
f 714/507/737 638/915/738 636/772/739 716/650/740
f 759/268/741 783/630/742 781/485/743 761/413/744
f 712/366/745 640/129/746 638/915/747 714/507/748
f 757/127/749 785/351/750 783/630/751 759/268/752
f 710/224/753 642/779/754 640/129/755 712/366/756
f 755/913/757 787/491/758 785/351/759 757/127/760
f 708/79/761 644/923/762 642/779/763 710/224/764
f 753/770/765 789/636/766 787/491/767 755/913/768
f 706/866/769 646/136/770 644/923/771 708/79/772
f 751/121/773 791/777/774 789/636/775 753/770/776
f 704/217/777 648/277/778 646/136/779 706/866/780
f 749/906/781 793/920/782 791/777/783 751/121/784
f 702/71/785 650/421/786 648/277/787 704/217/788
f 747/762/789 795/133/790 793/921/791 749/907/792
f 700/858/793 652/561/794 650/422/795 702/72/796
f 745/624/797 797/274/798 795/133/799 747/762/800
f 698/714/801 654/702/802 652/561/803 700/858/804
f 743/478/805 799/419/806 797/274/807 745/624/808
f 696/575/809 656/845/810 654/702/811 698/714/812
f 741/339/813 801/140/814 799/419/815 743/478/816
f 694/434/817 658/568/818 656/845/819 696/575/820
f 739/195/821 803/281/822 801/140/823 741/339/824
f 692/290/825 660/708/826 658/568/827 694/434/828
f 737/50/829 805/426/830 803/281/831 739/195/832
f 690/149/833 662/852/834 660/708/835 692/290/836
f 735/330/837 807/566/838 805/426/839 737/50/840
f 688/428/841 664/65/842 662/852/843 690/149/844
f 733/188/845 809/706/846 807/566/847 735/330/848
f 686/283/849 666/210/850 664/65/851 688/428/852
f 731/43/853 811/850/854 809/706/855 733/188/856
f 684/142/857 668/353/858 666/210/859 686/283/860
f 729/830/861 813/63/862 811/850/863 731/43/864
f 682/929/865 670/494/866 668/353/867 684/142/868
f 727/688/869 815/208/870 813/63/871 729/830/872
f 680/785/873 672/638/874 670/494/875 682/929/876
f 725/547/877 773/843/878 815/208/879 727/688/880
f 679/395/881 630/347/882 672/638/883 680/785/884
f 767/837/885 776/452/886 769/559/887 721/262/888
f 675/108/889 634/632/890 627/735/891 676/500/892
f 632/487/893 673/893/894 674/360/895 625/596/896
f 817/856/897 819/69/898 820/464/899 818/321/900
f 629/881/901 677/250/902 678/644/903 671/244/904
f 821/215/905 823/358/906 824/746/907 822/607/908
f 671/244/909 678/644/910 681/535/911 669/102/912
f 822/607/913 824/746/914 826/891/915 825/498/916
f 669/102/917 681/535/918 683/676/919 667/887/920
f 825/498/921 826/891/922 828/106/923 827/642/924
f 667/887/925 683/676/926 685/818/927 665/741/928
f 827/642/929 828/106/930 830/248/931 829/783/932
f 665/741/933 685/818/934 687/30/935 663/602/936
f 829/783/937 830/248/938 832/393/939 831/927/940
f 663/602/941 687/30/942 689/683/943 661/460/944
f 831/927/945 832/393/946 834/113/947 833/648/948
f 661/460/949 689/683/950 691/824/951 659/317/952
f 833/648/953 834/113/954 836/254/955 835/789/956
f 659/317/957 691/824/958 693/37/959 657/176/960
f 835/789/961 836/254/962 838/399/963 837/933/964
f 657/176/965 693/37/966 695/182/967 655/454/968
f 837/933/969 838/399/970 840/539/971 839/146/972
f 655/454/973 695/182/974 697/323/975 653/310/976
f 839/146/977 840/539/978 842/680/979 841/288/980
f 653/310/981 697/323/982 699/466/983 651/170/984
f 841/288/985 842/680/986 844/822/987 843/432/988
f 651/170/989 699/466/990 701/609/991 649/22/992
f 843/432/993 844/822/994 846/34/995 845/572/996
f 649/23/997 701/610/998 703/748/999 647/812/1000
f 845/573/1001 846/35/1002 848/180/1003 847/712/1004
f 647/812/1005 703/748/1006 705/472/1007 645/670/1008
f 847/712/1009 848/180/1010 850/828/1011 849/438/1012
f 645/670/1013 705/472/1014 707/618/1015 643/529/1016
f 849/438/1017 850/828/1018 852/41/1019 851/579/1020
f 643/529/1021 707/618/1022 709/755/1023 641/389/1024
f 851/579/1025 852/41/1026 854/186/1027 853/718/1028
f 641/389/1029 709/755/1030 711/900/1031 639/664/1032
f 853/718/1033 854/186/1034 856/328/1035 855/864/1036
f 639/664/1037 711/900/1038 713/115/1039 637/522/1040
f 855/864/1041 856/328/1042 858/470/1043 857/76/1044
f 637/522/1045 713/115/1046 715/256/1047 635/381/1048
f 857/76/1049 858/470/1050 860/615/1051 859/222/1052
f 635/381/1053 715/256/1054 717/401/1055 631/95/1056
f 859/222/1057 860/615/1058 862/753/1059 861/364/1060
f 631/95/1061 717/401/1062 673/893/1063 632/487/1064
f 861/364/1065 862/753/1066 819/69/1067 817/856/1068
f 626/58/1069 719/541/1070 677/250/1071 629/881/1072
f 863/504/1073 864/897/1074 823/358/1075 821/215/1076
f 625/596/1077 674/360/1078 719/542/1079 626/59/1080
f 818/321/1081 820/464/1082 864/898/1083 863/505/1084
f 2/836/1085 6/193/1086 290/763/1087 289/374/1088
f 8/337/1089 4/49/1090 292/908/1091 291/514/1092
f 6/194/1093 10/477/1094 293/657/1095 290/764/1096
f 12/623/1097 8/338/1098 291/515/1099 294/122/1100
f 10/477/1101 14/761/1102 295/798/1103 293/657/1104
f 16/905/1105 12/623/1106 294/122/1107 296/263/1108
f 14/761/1109 18/629/1110 297/8/1111 295/798/1112
f 20/769/1113 16/905/1114 296/263/1115 298/408/1116
f 18/629/1117 22/912/1118 299/155/1119 297/8/1120
f 24/126/1121 20/769/1122 298/408/1123 300/548/1124
f 22/912/1125 26/267/1126 301/296/1127 299/155/1128
f 28/412/1129 24/126/1130 300/548/1131 302/689/1132
f 26/267/1133 30/552/1134 303/441/1135 301/296/1136
f 32/693/1137 28/412/1138 302/689/1139 304/831/1140
f 30/552/1141 34/418/1142 305/162/1143 303/441/1144
f 36/558/1145 32/693/1146 304/831/1147 306/554/1148
f 34/418/1149 38/699/1150 307/303/1151 305/162/1152
f 40/842/1153 36/558/1154 306/554/1155 308/695/1156
f 38/699/1157 42/55/1158 309/447/1159 307/303/1160
f 44/200/1161 40/842/1162 308/695/1163 310/838/1164
f 42/55/1165 46/344/1166 311/589/1167 309/447/1168
f 48/484/1169 44/200/1170 310/838/1171 312/51/1172
f 46/344/1173 50/207/1174 313/728/1175 311/589/1176
f 52/350/1177 48/484/1178 312/51/1179 314/196/1180
f 50/207/1181 54/490/1182 315/874/1183 313/728/1184
f 56/635/1185 52/350/1186 314/196/1187 316/340/1188
f 54/490/1189 58/775/1190 317/86/1191 315/874/1192
f 60/918/1193 56/635/1194 316/340/1195 318/479/1196
f 58/776/1197 62/132/1198 319/231/1199 317/87/1200
f 64/273/1201 60/919/1202 318/480/1203 320/625/1204
f 62/132/1205 66/926/1206 321/880/1207 319/231/1208
f 68/139/1209 64/273/1210 320/625/1211 322/346/1212
f 66/926/1213 70/280/1214 323/94/1215 321/880/1216
f 72/425/1217 68/139/1218 322/346/1219 324/486/1220
f 70/280/1221 74/565/1222 325/237/1223 323/94/1224
f 76/705/1225 72/425/1226 324/486/1227 326/631/1228
f 74/565/1229 78/849/1230 327/380/1231 325/237/1232
f 80/62/1233 76/705/1234 326/631/1235 328/771/1236
f 78/849/1237 82/711/1238 329/521/1239 327/380/1240
f 84/855/1241 80/62/1242 328/771/1243 330/914/1244
f 82/711/1245 86/68/1246 331/663/1247 329/521/1248
f 88/214/1249 84/855/1250 330/914/1251 332/128/1252
f 86/68/1253 90/357/1254 333/804/1255 331/663/1256
f 92/497/1257 88/214/1258 332/128/1259 334/269/1260
f 90/357/1261 94/641/1262 335/14/1263 333/804/1264
f 96/782/1265 92/497/1266 334/269/1267 336/414/1268
f 94/641/1269 2/836/1270 289/374/1271 335/14/1272
f 4/49/1273 96/782/1274 336/414/1275 292/908/1276
f 338/134/1277 337/669/1278 193/703/1279 196/311/1280
f 339/811/1281 340/275/1282 195/846/1283 194/171/1284
f 341/21/1285 338/135/1286 196/312/1287 200/597/1288
f 340/276/1289 342/420/1290 199/205/1291 195/847/1292
f 344/560/1293 343/169/1294 240/742/1295 197/60/1296
f 345/309/1297 346/701/1298 198/455/1299 239/354/1300
f 343/169/1301 347/453/1302 238/603/1303 240/742/1304
f 348/844/1305 345/309/1306 239/354/1307 237/211/1308
f 347/453/1309 349/595/1310 236/461/1311 238/603/1312
f 350/57/1313 348/844/1314 237/211/1315 235/66/1316
f 349/595/1317 351/734/1318 234/318/1319 236/461/1320
f 352/202/1321 350/57/1322 235/66/1323 233/853/1324
f 351/734/1325 353/459/1326 232/177/1327 234/318/1328
f 354/851/1329 352/202/1330 233/853/1331 231/709/1332
f 353/459/1333 355/601/1334 230/31/1335 232/177/1336
f 356/64/1337 354/851/1338 231/709/1339 229/569/1340
f 355/601/1341 357/740/1342 228/819/1343 230/31/1344
f 358/209/1345 356/64/1346 229/569/1347 227/429/1348
f 357/740/1349 359/886/1350 226/677/1351 228/819/1352
f 360/352/1353 358/209/1354 227/429/1355 225/284/1356
f 359/886/1357 361/100/1358 224/24/1359 226/677/1360
f 362/492/1361 360/352/1362 225/284/1363 223/562/1364
f 361/101/1365 363/243/1366 222/813/1367 224/25/1368
f 364/637/1369 362/493/1370 223/563/1371 221/423/1372
f 363/243/1373 365/388/1374 220/671/1375 222/813/1376
f 366/778/1377 364/637/1378 221/423/1379 219/278/1380
f 365/388/1381 367/528/1382 218/530/1383 220/671/1384
f 368/922/1385 366/778/1386 219/278/1387 217/137/1388
f 367/528/1389 369/249/1390 216/390/1391 218/530/1392
f 370/643/1393 368/922/1394 217/137/1395 215/924/1396
f 369/249/1397 371/394/1398 214/245/1399 216/390/1400
f 372/784/1401 370/643/1402 215/924/1403 213/780/1404
f 371/394/1405 373/534/1406 212/103/1407 214/245/1408
f 374/928/1409 372/784/1410 213/780/1411 211/639/1412
f 373/534/1413 375/675/1414 210/888/1415 212/103/1416
f 376/141/1417 374/928/1418 211/639/1419 209/495/1420
f 375/675/1421 377/817/1422 208/239/1423 210/888/1424
f 378/282/1425 376/141/1426 209/495/1427 207/773/1428
f 377/817/1429 379/29/1430 206/96/1431 208/239/1432
f 380/427/1433 378/282/1434 207/773/1435 205/633/1436
f 379/29/1437 381/175/1438 204/882/1439 206/96/1440
f 382/567/1441 380/427/1442 205/633/1443 203/488/1444
f 381/175/1445 383/316/1446 202/736/1447 204/882/1448
f 384/707/1449 382/567/1450 203/488/1451 201/348/1452
f 383/316/1453 341/21/1454 200/597/1455 202/736/1456
f 342/420/1457 384/707/1458 201/348/1459 199/205/1460
f 337/669/1461 344/560/1462 197/60/1463 193/703/1464
f 346/701/1465 339/811/1466 194/171/1467 198/455/1468
f 245/361/1469 241/73/1470 386/433/1471 385/36/1472
f 242/467/1473 246/749/1474 387/181/1475 388/574/1476
f 248/894/1477 250/109/1478 390/713/1479 389/322/1480
f 249/645/1481 247/501/1482 391/465/1483 392/857/1484
f 250/109/1485 252/251/1486 393/608/1487 390/713/1488
f 251/786/1489 249/645/1490 392/857/1491 394/70/1492
f 252/251/1493 254/396/1494 395/747/1495 393/608/1496
f 253/930/1497 251/786/1498 394/70/1499 396/216/1500
f 254/396/1501 256/536/1502 397/892/1503 395/747/1504
f 255/143/1505 253/930/1506 396/216/1507 398/359/1508
f 256/536/1509 258/257/1510 399/107/1511 397/892/1512
f 257/792/1513 255/143/1514 398/359/1515 400/499/1516
f 258/257/1517 260/402/1518 401/754/1519 399/107/1520
f 259/3/1521 257/792/1522 400/499/1523 402/223/1524
f 260/402/1525 262/543/1526 403/899/1527 401/754/1528
f 261/150/1529 259/3/1530 402/223/1531 404/365/1532
f 262/543/1533 264/684/1534 405/114/1535 403/899/1536
f 263/291/1537 261/150/1538 404/365/1539 406/506/1540
f 264/684/1541 266/825/1542 407/255/1543 405/114/1544
f 265/435/1545 263/291/1546 406/506/1547 408/649/1548
f 266/825/1549 268/38/1550 409/400/1551 407/255/1552
f 267/576/1553 265/435/1554 408/649/1555 410/790/1556
f 268/38/1557 270/183/1558 411/540/1559 409/400/1560
f 269/715/1561 267/576/1562 410/790/1563 412/934/1564
f 270/183/1565 272/324/1566 413/681/1567 411/540/1568
f 271/859/1569 269/715/1570 412/934/1571 414/147/1572
f 272/325/1573 274/44/1574 415/823/1575 413/682/1576
f 273/582/1577 271/860/1578 414/148/1579 416/289/1580
f 274/44/1581 276/189/1582 417/546/1583 415/823/1584
f 275/721/1585 273/582/1586 416/289/1587 418/6/1588
f 276/189/1589 278/331/1590 419/687/1591 417/546/1592
f 277/867/1593 275/721/1594 418/6/1595 420/153/1596
f 278/331/1597 280/473/1598 421/829/1599 419/687/1600
f 279/80/1601 277/867/1602 420/153/1603 422/294/1604
f 280/473/1605 282/619/1606 423/42/1607 421/829/1608
f 281/225/1609 279/80/1610 422/294/1611 424/439/1612
f 282/619/1613 284/756/1614 425/187/1615 423/42/1616
f 283/367/1617 281/225/1618 424/439/1619 426/580/1620
f 284/756/1621 286/901/1622 427/329/1623 425/187/1624
f 285/508/1625 283/367/1626 426/580/1627 428/719/1628
f 286/901/1629 288/116/1630 429/471/1631 427/329/1632
f 287/651/1633 285/508/1634 428/719/1635 430/865/1636
f 288/116/1637 245/361/1638 385/36/1639 429/471/1640
f 246/749/1641 287/651/1642 430/865/1643 387/181/1644
f 244/611/1645 248/894/1646 389/322/1647 431/616/1648
f 247/501/1649 243/218/1650 432/77/1651 391/465/1652
f 241/73/1653 244/612/1654 431/617/1655 386/433/1656
f 243/219/1657 242/467/1658 388/574/1659 432/78/1660
f 116/437/1661 117/185/1662 453/411/1663 454/801/1664
f 109/33/1665 110/431/1666 451/266/1667 452/660/1668
f 559/787/1669 103/538/1670 450/518/1671 455/551/1672
f 117/185/1673 118/578/1674 449/125/1675 453/411/1676
f 110/431/1677 111/179/1678 448/796/1679 451/266/1680
f 103/538/1681 104/932/1682 447/405/1683 450/518/1684
f 118/578/1685 119/327/1686 446/654/1687 449/125/1688
f 97/111/1689 98/503/1690 444/511/1691 445/261/1692
f 111/179/1693 112/571/1694 443/120/1695 448/796/1696
f 104/932/1697 105/679/1698 442/370/1699 447/405/1700
f 119/327/1701 120/717/1702 441/904/1703 446/654/1704
f 120/717/1705 97/112/1706 445/260/1707 441/904/1708
f 112/571/1709 113/827/1710 440/228/1711 443/120/1712
f 105/679/1713 106/145/1714 439/760/1715 442/370/1716
f 98/503/1717 99/253/1718 438/83/1719 444/511/1720
f 113/827/1721 114/293/1722 437/622/1723 440/228/1724
f 106/145/1725 107/821/1726 436/870/1727 439/760/1728
f 99/253/1729 100/647/1730 435/476/1731 438/83/1732
f 114/293/1733 115/40/1734 434/724/1735 437/622/1736
f 107/821/1737 108/286/1738 433/336/1739 436/870/1740
f 100/647/1741 101/398/1742 456/11/1743 435/476/1744
f 115/40/1745 116/437/1746 454/801/1747 434/724/1748
f 108/287/1749 109/33/1750 452/660/1751 433/335/1752
