# This file uses centimeters as units for non-parametric coordinates.

mtllib corner.mtl
g default
v -13.116016 24.748683 -6.645370
v -13.116016 22.640972 -7.147853
v -13.116016 24.748683 -7.147853
v -13.116016 23.257580 -6.030304
v -13.116016 24.132082 -6.030304
v -13.116012 1.221503 -7.147853
v -13.116016 31.264792 -7.321090
v -13.116012 2.754699 -6.645376
v -13.116012 2.754699 -7.147859
v -13.116012 2.138091 -6.645370
v -13.116012 2.138091 -6.030304
v 8.384829 24.748690 -6.645370
v 8.384829 22.640972 -7.147846
v 8.384829 24.748690 -7.147853
v 8.384829 23.257580 -6.645370
v -2.365593 23.257580 -7.147853
v -2.365593 24.132082 -7.147853
v -2.365593 23.257580 -6.030304
v 8.384829 24.132082 -6.030304
v -2.365589 1.221506 -7.147853
v 8.384833 1.221506 -7.147846
v -2.365594 31.264792 -7.321084
v -2.365594 31.091555 -7.147853
v 8.384828 31.091561 -7.147846
v 8.384829 31.264792 -7.321084
v -2.365590 2.754699 -6.645370
v -2.365590 2.754699 -7.147853
v 8.384833 2.754702 -7.147853
v -2.365590 1.221506 -6.030298
v 8.384833 1.221506 -6.030298
v 8.384833 2.138095 -6.645363
v 8.384833 1.221506 -4.919284
v 8.384833 0.000000 -4.919291
v -2.365590 0.000000 -4.919291
v -13.116012 -0.000003 -4.919291
v -13.116015 22.640972 -9.621816
v -13.116015 24.748683 -9.621823
v -13.116016 24.132082 -10.124306
v -13.116016 24.132082 -10.739371
v -13.116012 1.221503 -9.621816
v -13.116016 31.264792 -8.384834
v -13.116012 2.754699 -10.124306
v -13.116012 2.754699 -9.621823
v -13.116011 1.221503 -11.850385
v -2.365592 22.640972 -10.124299
v 8.384830 22.640972 -9.621816
v 8.384830 24.748690 -9.621816
v 8.384830 24.132082 -10.124299
v -2.365593 23.257580 -9.621823
v -2.365593 24.132082 -9.621823
v 8.384830 23.257580 -10.739371
v -2.365589 1.221506 -9.621816
v 8.384834 1.221506 -9.621816
v -2.365594 31.264792 -8.384834
v -2.365594 31.264792 -9.448578
v 8.384829 31.091561 -9.621816
v 8.384829 31.264792 -9.448578
v -2.365589 2.754699 -9.621823
v 8.384834 2.754702 -9.621816
v 8.384834 1.221506 -10.739365
v -2.365589 2.138095 -10.739365
v 8.384834 2.138095 -10.739365
v -2.365589 1.221506 -11.850378
v 8.384834 1.221506 -11.850378
v 8.384834 0.000000 -11.850378
v -2.365588 0.000000 -11.850385
v -13.116011 -0.000003 -11.850385
v 6.645371 22.640972 -8.384828
v 7.147853 22.640972 -8.384828
v 7.147853 24.748683 -8.384828
v 6.030302 23.257580 -8.384828
v 6.030302 24.132082 -8.384828
v 7.147856 1.221506 -8.384828
v 7.147851 31.091555 -8.384828
v 6.645374 2.754699 -8.384828
v 7.147856 2.754699 -8.384828
v 6.030305 2.138095 -8.384828
v 4.919294 1.221506 -8.384828
v 6.645367 24.748690 2.365595
v 6.645365 22.640972 13.116017
v 6.645365 24.748690 13.116017
v 7.147847 22.640972 13.116017
v 7.147847 24.748683 13.116017
v 6.645365 23.257580 13.116017
v 6.645365 24.132082 13.116017
v 7.147850 23.257580 2.365595
v 7.147849 24.132082 2.365595
v 7.147853 1.221506 2.365595
v 7.147851 1.221506 13.116017
v 6.645368 2.754699 13.116017
v 7.147853 2.754699 2.365595
v 7.147850 2.754699 13.116017
v 6.645368 2.138095 13.116017
v 6.030302 2.138095 2.365595
v 6.030299 2.138095 13.116017
v 4.919292 1.221506 2.365595
v 4.919288 1.221506 13.116017
v 4.919288 0.000000 13.116017
v 4.919292 0.000000 2.365595
v 4.919294 0.000000 -8.384828
v 10.124301 24.748690 -8.384828
v 9.621819 22.640978 -8.384828
v 9.621819 24.748690 -8.384828
v 10.124301 24.132082 -8.384828
v 10.739370 24.132082 -8.384828
v 9.621823 1.221510 -8.384828
v 8.384834 31.264792 -8.384828
v 9.448582 31.264792 -8.384828
v 9.621822 2.754702 -8.384828
v 10.124305 2.138095 -8.384821
v 10.739373 2.138095 -8.384821
v 11.850385 1.221510 -8.384828
v 10.124296 22.640972 13.116017
v 10.124295 24.748690 13.116021
v 9.621815 24.748690 2.365595
v 9.621814 22.640978 13.116017
v 9.621813 24.748690 13.116021
v 10.124299 24.132082 2.365595
v 9.621815 23.257586 2.365595
v 9.621815 24.132082 2.365595
v 9.621819 1.221510 2.365595
v 9.621817 1.221510 13.116017
v 8.384832 31.264792 2.365595
v 8.384829 31.264792 13.116017
v 9.448577 31.264792 13.116017
v 10.124302 2.754702 2.365595
v 9.621819 2.754702 2.365595
v 9.621817 2.754702 13.116021
v 10.739368 1.221506 13.116017
v 11.850379 0.000000 13.116017
v 11.850382 0.000000 2.365595
v 11.850385 0.000000 -8.384828
v -2.365593 24.132082 -6.645370
v -2.365593 24.748683 -6.645370
v -13.116016 22.640972 -6.645370
v -2.365593 22.640972 -6.645370
v -2.365593 22.640972 -7.147853
v -2.365593 24.748683 -7.147853
v -2.365593 23.257580 -6.645376
v -13.116016 23.257580 -6.645376
v -13.116016 24.132082 -6.645376
v -2.365593 24.132082 -6.030304
v -13.116017 31.091555 -7.147853
v -13.116012 1.221503 -4.919291
v -2.365590 1.221506 -4.919291
v -2.365590 2.138095 -6.645370
v -2.365590 2.138095 -6.030298
v -13.116012 1.221503 -6.030304
v 8.384829 22.640972 -6.645363
v 8.384829 24.132082 -6.645370
v 8.384829 23.257580 -6.030304
v 8.384833 2.754702 -6.645370
v 8.384833 2.138095 -6.030298
v -2.365593 24.132082 -10.124299
v -2.365593 24.748683 -10.124299
v -13.116015 22.640972 -10.124299
v -13.116016 24.748683 -10.124306
v -2.365592 22.640972 -9.621816
v -2.365593 24.748683 -9.621816
v -2.365592 23.257580 -10.124306
v -13.116015 23.257580 -10.124306
v -2.365592 23.257580 -10.739371
v -2.365592 24.132082 -10.739371
v -13.116015 23.257580 -10.739371
v -13.116017 31.264792 -9.448585
v -13.116016 31.091555 -9.621816
v -2.365594 31.091555 -9.621816
v -2.365589 2.754699 -10.124306
v -13.116012 2.138091 -10.124299
v -2.365589 2.138095 -10.124299
v -13.116012 2.138091 -10.739371
v -13.116012 1.221503 -10.739371
v -2.365589 1.221506 -10.739365
v 8.384830 22.640972 -10.124299
v 8.384830 24.748690 -10.124299
v 8.384830 23.257580 -10.124299
v 8.384830 24.132082 -10.739371
v 8.384834 2.754702 -10.124299
v 8.384834 2.138095 -10.124299
v 6.645367 24.132082 2.365595
v 6.645368 22.640972 2.365595
v 6.645371 24.748690 -8.384828
v 7.147850 22.640972 2.365595
v 7.147849 24.748683 2.365595
v 6.645367 23.257580 2.365595
v 6.645371 23.257580 -8.384828
v 6.645371 24.132082 -8.384828
v 6.030299 23.257580 2.365595
v 6.030298 24.132082 2.365595
v 7.321084 31.264792 2.365595
v 7.321086 31.264792 -8.384828
v 7.147849 31.091555 2.365595
v 6.645371 2.754699 2.365595
v 6.645374 2.138095 -8.384828
v 6.645371 2.138095 2.365595
v 6.030305 1.221510 -8.384828
v 6.030302 1.221510 2.365595
v 6.030296 23.257580 13.116017
v 6.030296 24.132082 13.116017
v 7.321081 31.264792 13.116017
v 7.147846 31.091555 13.116017
v 6.030300 1.221510 13.116017
v 10.124299 24.748690 2.365595
v 10.124301 22.640972 -8.384828
v 10.124299 22.640972 2.365595
v 9.621815 22.640978 2.365595
v 10.124299 23.257586 2.365595
v 10.124301 23.257586 -8.384828
v 10.739366 23.257586 2.365595
v 10.739366 24.132082 2.365595
v 10.739370 23.257586 -8.384828
v 9.448579 31.264792 2.365595
v 9.621818 31.091561 -8.384828
v 9.621814 31.091561 2.365601
v 10.124305 2.754702 -8.384828
v 11.850382 1.221510 2.365595
v 10.124302 2.138095 2.365601
v 10.739370 2.138095 2.365601
v 10.739374 1.221506 -8.384828
v 10.739370 1.221506 2.365595
v 10.124296 23.257586 13.116021
v 10.124295 24.132082 13.116017
v 10.739364 23.257586 13.116021
v 10.739364 24.132082 13.116017
v 9.621812 31.091561 13.116017
v 10.124299 2.754702 13.116021
v 11.850379 1.221510 13.116017
v 10.124299 2.138095 13.116017
v 10.739368 2.138095 13.116017
v -8.384834 -0.000003 -3.653655
v -10.939473 3.357065 -6.208292
v -9.437808 3.357065 -4.706631
v -10.939474 11.791929 -6.208292
v -8.384834 2.522056 -3.653648
v -9.437808 0.000000 -4.706625
v -9.437808 2.522056 -4.706625
v -8.384839 31.734356 -3.653655
v -10.939477 30.063656 -6.208292
v -9.437812 30.063650 -4.706625
v -8.384839 30.719581 -3.653648
v -9.437812 31.734349 -4.706631
v -9.437812 30.719581 -4.706625
v -13.116019 -0.000003 -4.706625
v -13.116020 3.357062 -4.706631
v -13.116018 3.357062 -10.561389
v -13.116021 11.791929 -6.208292
v -13.116020 11.791929 -10.561389
v -13.116020 2.522056 -4.706625
v -13.116019 -0.000003 -3.653655
v -13.116020 2.522056 -3.653655
v -13.116024 31.734349 -4.706631
v -13.116024 30.063656 -4.706625
v -13.116023 30.063656 -6.208292
v -13.116022 30.063656 -10.561383
v -13.116021 19.942420 -6.208292
v -13.116021 19.942420 -10.561383
v -13.116024 30.719581 -4.706625
v -13.116025 31.734349 -3.653655
v -13.116024 30.719581 -3.653655
v -10.061829 22.472727 -5.330647
v -10.939474 22.472727 -10.561383
v -13.116022 22.472727 -6.208292
v -13.116023 25.003035 -5.330647
v -13.116021 25.003035 -11.439035
v -9.385246 23.224404 -12.115609
v -9.385246 24.251351 -12.115609
v -13.116021 23.224404 -4.654060
v -13.116020 23.224404 -12.115609
v -13.116020 24.251351 -12.115609
v -9.385249 23.224404 -4.654060
v -13.116022 23.224404 -6.208292
v -13.116021 24.251351 -10.561383
v -13.116021 24.251351 -11.439028
v -10.061827 24.251351 -11.439028
v -10.061827 23.224404 -11.439028
v -8.384832 -0.000003 -13.116021
v -10.939472 3.357065 -10.561383
v -9.437806 3.357065 -12.063051
v -10.939473 11.791929 -10.561389
v -8.384832 2.522056 -13.116021
v -9.437806 0.000000 -12.063051
v -9.437806 2.522056 -12.063044
v -8.384837 31.734356 -13.116021
v -10.939476 30.063656 -10.561383
v -9.437810 30.063650 -12.063051
v -10.939474 19.942420 -10.561383
v -10.939475 19.942420 -6.208292
v -8.384837 30.719581 -13.116021
v -9.437811 31.734349 -12.063051
v -9.437811 30.719581 -12.063044
v -13.116017 -0.000003 -12.063051
v -13.116017 3.357062 -12.063051
v -13.116019 3.357062 -6.208292
v -13.116017 2.522056 -12.063051
v -13.116017 -0.000003 -13.116021
v -13.116017 2.522056 -13.116021
v -13.116022 31.734349 -12.063051
v -13.116022 30.063656 -12.063051
v -13.116022 30.719581 -12.063044
v -13.116022 31.734349 -13.116027
v -13.116022 30.719581 -13.116021
v -9.437807 0.000000 -8.384841
v -9.437807 3.357065 -8.384841
v -10.939472 3.357065 -8.384841
v -10.939474 11.791929 -8.384841
v -9.437807 2.522056 -8.384834
v -8.384833 -0.000003 -8.384834
v -8.384833 2.522056 -8.384834
v -9.437812 31.734349 -8.384841
v -9.437812 30.063650 -8.384841
v -10.939476 30.063656 -8.384841
v -10.939474 19.942420 -8.384834
v -9.437812 30.719581 -8.384834
v -8.384838 31.734356 -8.384841
v -8.384838 30.719581 -8.384834
v -13.116023 31.734349 -8.384841
v -13.116018 -0.000003 -8.384841
v -10.061830 25.003035 -5.330647
v -10.061827 25.003035 -11.439035
v -13.116021 25.003035 -10.561389
v -13.116022 25.003035 -6.208292
v -10.061828 25.003035 -8.384841
v -10.061827 22.472727 -11.439035
v -10.939475 22.472727 -6.208292
v -13.116021 22.472727 -10.561383
v -10.939475 22.472727 -8.384841
v -13.116021 22.472727 -11.439035
v -13.116023 22.472727 -5.330647
v -10.939475 25.003035 -10.561389
v -10.939475 25.003035 -8.384841
v -10.939476 25.003035 -6.208292
v -10.061828 22.472727 -8.384841
v -9.385249 24.251351 -4.654060
v -13.116022 24.251351 -4.654067
v -9.385247 23.224404 -8.384834
v -9.385248 24.251351 -8.384834
v -13.116021 23.224404 -10.561383
v -13.116022 24.251351 -6.208292
v -13.116023 24.251351 -5.330647
v -13.116023 23.224404 -5.330640
v -13.116021 23.224404 -11.439028
v -10.061828 24.251351 -8.384834
v -10.061829 24.251351 -5.330640
v -10.061828 23.224404 -8.384834
v -10.061829 23.224404 -5.330640
v 6.208292 11.791933 -10.561383
v 6.208289 30.063656 -10.561383
v 8.384840 3.357065 -10.561383
v 8.384838 19.942427 -10.561383
v 8.384837 22.472734 -10.561383
v 8.384837 25.003041 -11.439028
v 4.654063 23.224411 -12.115609
v 4.654063 24.251358 -12.115609
v 8.384836 23.224411 -12.115609
v 8.384837 23.224411 -10.561376
v 8.384837 24.251358 -10.561376
v 8.384837 24.251358 -11.439028
v 8.384838 23.224411 -11.439028
v 5.330644 24.251358 -11.439028
v 5.330644 23.224411 -11.439028
v 3.653656 0.000000 -13.116021
v 6.208293 3.357065 -10.561383
v 4.706629 3.357065 -12.063051
v 3.653656 2.522060 -13.116021
v 4.706630 -0.000003 -12.063044
v 4.706629 2.522056 -12.063044
v 3.653651 31.734349 -13.116021
v 4.706625 30.063656 -12.063044
v 6.208291 19.942420 -10.561383
v 3.653651 30.719581 -13.116021
v 4.706625 31.734356 -12.063044
v 4.706625 30.719581 -12.063044
v 8.384841 0.000000 -12.063044
v 8.384841 3.357065 -12.063044
v 8.384838 11.791933 -10.561383
v 8.384841 0.000000 -13.116021
v 8.384841 2.522060 -13.116014
v 8.384836 31.734356 -12.063044
v 8.384836 30.063656 -12.063044
v 8.384836 30.063656 -10.561383
v 8.384836 30.719581 -12.063044
v 8.384836 31.734356 -13.116021
v 8.384836 30.719581 -13.116014
v 4.706629 -0.000003 -8.384834
v 6.208293 3.357065 -8.384834
v 6.208292 11.791933 -8.384834
v 3.653655 0.000000 -8.384834
v 3.653654 2.522060 -8.384834
v 4.706623 31.734356 -8.384834
v 4.706624 30.063656 -8.384834
v 6.208288 30.063656 -8.384834
v 8.384840 0.000000 -8.384834
v 5.330644 25.003041 -11.439028
v 8.384837 25.003041 -10.561383
v 5.330642 25.003041 -8.384841
v 5.330644 22.472734 -11.439028
v 6.208290 22.472734 -8.384834
v 8.384838 22.472734 -11.439028
v 6.208290 25.003041 -10.561383
v 6.208289 25.003041 -8.384841
v 6.208290 22.472734 -10.561383
v 4.654061 23.224411 -8.384834
v 5.330643 23.224411 -8.384834
v 10.561385 3.357068 -10.561383
v 10.561384 11.791933 -10.561383
v 10.561381 30.063656 -10.561376
v 10.561383 19.942427 -10.561376
v 10.561382 22.472734 -10.561383
v 12.115609 23.224411 -12.115609
v 12.115609 24.251358 -12.115609
v 11.439029 24.251358 -11.439028
v 13.116025 0.000000 -13.116014
v 12.063051 3.357068 -12.063044
v 13.116025 2.522060 -13.116014
v 12.063051 0.000003 -12.063044
v 12.063051 2.522060 -12.063044
v 13.116020 31.734363 -13.116021
v 12.063047 30.063656 -12.063044
v 13.116020 30.719587 -13.116014
v 12.063047 31.734356 -12.063044
v 12.063047 30.719581 -12.063044
v 8.384839 2.522060 -12.063044
v 10.561385 3.357068 -8.384834
v 10.561384 11.791933 -8.384834
v 12.063050 2.522060 -8.384828
v 13.116025 0.000000 -8.384834
v 12.063045 31.734356 -8.384834
v 12.063045 30.063656 -8.384834
v 10.561380 30.063656 -8.384834
v 10.561382 19.942427 -8.384834
v 12.063045 30.719581 -8.384828
v 13.116018 31.734363 -8.384834
v 13.116020 30.719587 -8.384828
v 11.439029 25.003041 -11.439028
v 11.439029 25.003041 -8.384834
v 11.439029 22.472734 -11.439028
v 10.561382 22.472734 -8.384834
v 10.561382 25.003041 -10.561383
v 11.439029 22.472734 -8.384834
v 8.384838 24.251358 -12.115609
v 11.439029 23.224411 -11.439022
v 11.439029 24.251358 -8.384834
v 11.439029 23.224411 -8.384834
v 3.653654 0.000000 -3.653648
v 6.208292 3.357065 -6.208292
v 10.561385 3.357068 -6.208292
v 4.706627 3.357065 -4.706625
v 6.208291 11.791933 -6.208292
v 10.561383 11.791933 -6.208292
v 3.653654 2.522060 -3.653648
v 4.706628 -0.000003 -4.706625
v 4.706627 2.522056 -4.706625
v 3.653649 31.734349 -3.653648
v 4.706623 30.063656 -4.706625
v 10.561382 19.942427 -6.208286
v 3.653649 30.719581 -3.653648
v 4.706622 31.734356 -4.706625
v 4.706622 30.719581 -4.706618
v 4.706628 3.357065 -8.384834
v 4.706628 2.522056 -8.384834
v 4.706624 30.719581 -8.384834
v 3.653650 31.734349 -8.384834
v 3.653650 30.719581 -8.384834
v 5.330641 22.472734 -8.384834
v 6.208289 22.472734 -6.208292
v 11.439028 22.472734 -5.330640
v 12.115611 24.251358 -4.654060
v 4.654060 24.251358 -8.384834
v 12.115609 23.224411 -8.384828
v 4.654059 23.224411 -4.654060
v 5.330641 24.251358 -8.384834
v 5.330640 23.224411 -5.330640
v 11.439028 24.251358 -5.330640
v 13.116023 0.000000 -3.653648
v 12.063048 3.357068 -4.706625
v 13.116023 2.522060 -3.653648
v 12.063050 0.000003 -4.706625
v 12.063050 2.522060 -4.706618
v 13.116018 31.734363 -3.653648
v 10.561380 30.063656 -6.208286
v 6.208288 30.063656 -6.208286
v 12.063045 30.063656 -4.706625
v 6.208289 19.942420 -6.208286
v 13.116018 30.719587 -3.653648
v 12.063045 31.734356 -4.706625
v 12.063045 30.719581 -4.706618
v 12.063050 0.000003 -8.384834
v 12.063050 3.357068 -8.384834
v 13.116023 2.522060 -8.384834
v 6.208290 19.942420 -8.384834
v 8.384838 0.000000 -4.706625
v 8.384838 3.357065 -4.706625
v 8.384838 3.357065 -6.208292
v 8.384837 11.791933 -6.208292
v 8.384838 2.522060 -4.706618
v 8.384838 0.000000 -3.653648
v 8.384838 2.522060 -3.653648
v 8.384833 31.734356 -4.706625
v 8.384833 30.063656 -4.706625
v 8.384834 30.063656 -6.208286
v 8.384836 19.942427 -6.208286
v 8.384833 30.719581 -4.706618
v 8.384833 31.734356 -3.653648
v 8.384833 30.719581 -3.653648
v 8.384834 31.734356 -8.384834
v 5.330640 25.003041 -5.330647
v 11.439028 25.003041 -5.330640
v 10.561381 25.003041 -8.384834
v 8.384834 25.003041 -5.330640
v 8.384835 22.472734 -6.208286
v 10.561381 25.003041 -6.208292
v 8.384835 25.003041 -6.208292
v 6.208288 25.003041 -6.208292
v 10.561381 22.472734 -6.208286
v 8.384835 22.472734 -5.330640
v 5.330640 22.472734 -5.330640
v 4.654059 24.251358 -4.654060
v 12.115611 24.251358 -8.384834
v 8.384834 23.224411 -4.654060
v 8.384834 24.251358 -4.654060
v 12.115611 23.224411 -4.654060
v 10.561381 23.224411 -8.384834
v 10.561381 24.251358 -8.384834
v 6.208290 23.224411 -8.384834
v 6.208290 24.251358 -8.384834
v 11.439028 23.224411 -5.330640
v 8.384834 24.251358 -5.330640
v 5.330640 24.251358 -5.330640
v 8.384834 23.224411 -5.330640
v 3.653651 0.000000 8.384838
v 6.208288 3.357065 10.939475
v 10.561381 3.357068 10.939475
v 4.706624 3.357065 9.437808
v 6.208287 11.791933 10.939475
v 3.653650 2.522060 8.384838
v 4.706624 -0.000003 9.437814
v 4.706624 2.522056 9.437814
v 3.653645 31.734349 8.384838
v 6.208283 30.063656 10.939475
v 10.561376 30.063656 10.939475
v 4.706619 30.063656 9.437814
v 6.208285 19.942420 10.939475
v 10.561378 19.942427 10.939475
v 3.653645 30.719581 8.384838
v 4.706619 31.734356 9.437808
v 4.706619 30.719581 9.437814
v 4.706623 -0.000003 13.116024
v 4.706622 3.357065 13.116024
v 6.208288 3.357065 13.116024
v 10.561380 3.357068 13.116027
v 6.208286 11.791933 13.116024
v 10.561378 11.791933 13.116027
v 4.706623 2.522056 13.116021
v 3.653649 0.000000 13.116024
v 3.653649 2.522060 13.116021
v 4.706618 31.734356 13.116021
v 4.706618 30.063656 13.116024
v 6.208283 30.063656 13.116024
v 6.208285 19.942420 13.116024
v 4.706618 30.719581 13.116024
v 3.653644 31.734349 13.116021
v 3.653645 30.719581 13.116021
v 5.330638 25.003041 10.061830
v 5.330639 22.472734 10.061830
v 6.208284 25.003041 10.939475
v 11.439024 25.003041 13.116024
v 10.561377 25.003041 10.939475
v 6.208285 22.472734 10.939475
v 11.439026 22.472734 10.061830
v 12.115606 23.224411 9.385250
v 12.115606 24.251358 9.385250
v 4.654055 24.251358 13.116024
v 12.115605 23.224411 13.116024
v 12.115605 24.251358 13.116024
v 4.654057 23.224411 9.385250
v 6.208284 23.224411 13.116024
v 6.208284 24.251358 13.116024
v 5.330637 23.224411 13.116024
v 5.330637 24.251358 13.116024
v 5.330638 23.224411 10.061830
v 11.439026 24.251358 10.061830
v 11.439026 23.224411 10.061830
v 13.116020 0.000000 8.384838
v 12.063045 3.357068 9.437814
v 10.561380 11.791933 10.939475
v 13.116020 2.522060 8.384844
v 12.063047 0.000003 9.437814
v 12.063045 2.522060 9.437814
v 13.116015 31.734363 8.384838
v 12.063042 30.063656 9.437814
v 13.116015 30.719587 8.384844
v 12.063040 31.734356 9.437814
v 12.063042 30.719581 9.437814
v 12.063045 0.000003 13.116024
v 12.063045 3.357068 13.116027
v 12.063045 2.522060 13.116024
v 13.116018 0.000000 13.116024
v 13.116018 2.522060 13.116024
v 12.063040 31.734356 13.116024
v 12.063040 30.063656 13.116024
v 10.561375 30.063656 13.116024
v 10.561376 19.942427 13.116024
v 12.063040 30.719581 13.116024
v 13.116013 31.734363 13.116024
v 13.116013 30.719587 13.116024
v 8.384836 0.000000 9.437814
v 8.384835 3.357065 9.437808
v 8.384834 3.357065 10.939475
v 8.384833 11.791933 10.939475
v 8.384835 2.522060 9.437814
v 8.384836 0.000000 8.384838
v 8.384835 2.522060 8.384838
v 8.384830 31.734356 9.437814
v 8.384831 30.063656 9.437814
v 8.384829 30.063656 10.939475
v 8.384831 19.942427 10.939475
v 8.384830 30.719581 9.437814
v 8.384830 31.734356 8.384838
v 8.384831 30.719581 8.384844
v 8.384829 31.734356 13.116024
v 8.384834 0.000000 13.116024
v 11.439026 25.003041 10.061830
v 10.561376 25.003041 13.116024
v 6.208284 25.003041 13.116024
v 8.384831 25.003041 10.061830
v 10.561376 22.472734 13.116024
v 6.208284 22.472734 13.116024
v 8.384831 22.472734 10.939475
v 11.439024 22.472734 13.116024
v 5.330637 22.472734 13.116021
v 5.330637 25.003041 13.116024
v 8.384830 25.003041 10.939475
v 10.561378 22.472734 10.939475
v 8.384831 22.472734 10.061830
v 4.654057 24.251358 9.385250
v 4.654056 23.224411 13.116024
v 8.384832 23.224411 9.385250
v 8.384832 24.251358 9.385250
v 10.561376 23.224411 13.116024
v 10.561376 24.251358 13.116024
v 11.439024 23.224411 13.116024
v 11.439024 24.251358 13.116024
v 8.384831 24.251358 10.061830
v 5.330638 24.251358 10.061830
v 8.384831 23.224411 10.061830
v -13.116016 23.257580 -6.645376
v -2.365593 23.257580 -6.645376
v -2.365593 23.257580 -6.645376
v -2.365593 23.257580 -6.645376
v -2.365593 23.257580 -6.645376
v -13.116012 1.221503 -4.919291
v -2.365590 1.221506 -4.919291
v 8.384829 24.132082 -6.645370
v -2.365593 24.132082 -6.645370
v -2.365593 24.132082 -6.645370
v -2.365593 24.132082 -6.645370
v -2.365593 24.132082 -6.645370
v 8.384829 24.132082 -6.030304
v -2.365593 24.132082 -6.030304
v -2.365593 24.132082 -6.030304
v -2.365593 24.132082 -6.030304
v -2.365593 24.132082 -6.030304
v 8.384833 1.221506 -6.030298
v -2.365590 1.221506 -6.030298
v -2.365593 24.132082 -10.124299
v -2.365593 24.132082 -10.124299
v -2.365593 24.132082 -10.124299
v -2.365593 24.132082 -10.124299
v -2.365593 24.748683 -10.124299
v -2.365593 24.748683 -10.124299
v -2.365593 24.748683 -10.124299
v -2.365593 24.748683 -10.124299
v -2.365592 23.257580 -10.739371
v -2.365592 23.257580 -10.739371
v -2.365592 23.257580 -10.739371
v -2.365592 23.257580 -10.739371
v -2.365592 23.257580 -10.124306
v -2.365592 23.257580 -10.124306
v -2.365592 23.257580 -10.124306
v -2.365592 23.257580 -10.124306
v -2.365594 31.264792 -9.448578
v -13.116017 31.264792 -9.448585
v -13.116016 31.091555 -9.621816
v -2.365594 31.091555 -9.621816
v -13.116012 2.138091 -10.124299
v -2.365589 2.138095 -10.124299
v 8.384830 24.748690 -10.124299
v -2.365589 2.754699 -10.124306
v 8.384834 2.754702 -10.124299
v 8.384834 2.138095 -10.124299
v 8.384834 2.138095 -10.739365
v -2.365589 2.138095 -10.739365
v 6.645371 24.132082 -8.384828
v 6.645367 24.132082 2.365595
v 6.645367 24.132082 2.365595
v 6.645367 24.132082 2.365595
v 6.645367 24.132082 2.365595
v 6.030299 23.257580 2.365595
v 6.030299 23.257580 2.365595
v 6.030299 23.257580 2.365595
v 6.030299 23.257580 2.365595
v 6.645367 23.257580 2.365595
v 6.645367 23.257580 2.365595
v 6.645367 23.257580 2.365595
v 6.645367 23.257580 2.365595
v 6.645374 2.138095 -8.384828
v 6.645371 2.138095 2.365595
v 6.030305 2.138095 -8.384828
v 6.030302 2.138095 2.365595
v 7.147846 31.091555 13.116017
v 7.147849 31.091555 2.365595
v 6.030299 2.138095 13.116017
v 10.124301 22.640972 -8.384828
v 10.124299 22.640972 2.365595
v 10.124299 22.640972 2.365595
v 10.124299 22.640972 2.365595
v 10.124299 22.640972 2.365595
v 9.621818 31.091561 -8.384828
v 9.621814 31.091561 2.365601
v 9.621812 31.091561 13.116017
v 11.850379 1.221510 13.116017
v 11.850382 1.221510 2.365595
v 10.124299 2.138095 13.116017
v 10.124302 2.138095 2.365601
v -13.116016 23.257580 -6.030304
v -2.365593 23.257580 -6.030304
v -2.365593 23.257580 -6.030304
v -2.365593 23.257580 -6.030304
v -2.365593 23.257580 -6.030304
v 8.384828 31.091561 -7.147846
v -2.365594 31.091555 -7.147853
v -2.365590 2.754699 -6.645370
v -13.116012 2.754699 -6.645376
v 8.384833 2.138095 -6.030298
v -2.365590 2.138095 -6.030298
v 8.384830 23.257580 -10.739371
v 8.384830 24.132082 -10.739371
v -2.365592 24.132082 -10.739371
v -2.365592 24.132082 -10.739371
v -2.365592 24.132082 -10.739371
v -2.365592 24.132082 -10.739371
v -13.116011 1.221503 -11.850385
v -2.365589 1.221506 -11.850378
v 8.384834 1.221506 -11.850378
v -13.116012 1.221503 -10.739371
v -2.365589 1.221506 -10.739365
v 7.147849 24.748683 2.365595
v 7.147849 24.748683 2.365595
v 6.645367 24.748690 2.365595
v 6.645367 24.748690 2.365595
v 6.645367 24.748690 2.365595
v 6.645367 24.748690 2.365595
v 6.645365 23.257580 13.116017
v 4.919294 1.221506 -8.384828
v 4.919292 1.221506 2.365595
v 4.919288 1.221506 13.116017
v 6.030305 1.221510 -8.384828
v 6.030302 1.221510 2.365595
v 6.030300 1.221510 13.116017
v 10.124301 24.132082 -8.384828
v 10.124299 24.132082 2.365595
v 10.124299 24.132082 2.365595
v 10.124299 24.132082 2.365595
v 10.124299 24.132082 2.365595
v 9.448579 31.264792 2.365595
v 9.448582 31.264792 -8.384828
v 9.448577 31.264792 13.116017
v 10.739368 2.138095 13.116017
v 10.739370 2.138095 2.365601
v 10.739374 1.221506 -8.384828
v 10.739370 1.221506 2.365595
v -9.437808 2.522056 -4.706625
v -9.437808 2.522056 -4.706625
v -9.437808 3.357065 -4.706631
v -9.437808 3.357065 -4.706631
v -9.437807 3.357065 -8.384841
v -10.939472 3.357065 -8.384841
v -10.939473 3.357065 -6.208292
v -10.939473 3.357065 -6.208292
v -10.939474 11.791929 -6.208292
v -8.384834 -0.000003 -3.653655
v -8.384834 -0.000003 -3.653655
v -8.384834 2.522056 -3.653648
v -8.384834 2.522056 -3.653648
v -9.437807 2.522056 -8.384834
v -13.116019 -0.000003 -3.653655
v -8.384833 2.522056 -8.384834
v -9.437812 30.719581 -4.706625
v -9.437812 30.719581 -4.706625
v -9.437812 30.063650 -4.706625
v -9.437812 30.063650 -4.706625
v -9.437812 30.063650 -8.384841
v -10.939476 30.063656 -8.384841
v -10.939477 30.063656 -6.208292
v -10.939477 30.063656 -6.208292
v -8.384839 31.734356 -3.653655
v -8.384839 31.734356 -3.653655
v -8.384839 30.719581 -3.653648
v -8.384839 30.719581 -3.653648
v -9.437812 30.719581 -8.384834
v -13.116025 31.734349 -3.653655
v -8.384838 30.719581 -8.384834
v -13.116020 3.357062 -4.706631
v -13.116020 2.522056 -4.706625
v -13.116020 2.522056 -3.653655
v -13.116024 30.063656 -4.706625
v -13.116023 30.063656 -6.208292
v -13.116024 30.719581 -4.706625
v -13.116024 30.719581 -3.653655
v -8.384833 -0.000003 -8.384834
v -8.384838 31.734356 -8.384841
v -13.116021 24.251351 -11.439028
v -13.116021 24.251351 -11.439028
v -13.116021 25.003035 -11.439035
v -13.116021 25.003035 -11.439035
v -10.939475 22.472727 -8.384841
v -10.939474 22.472727 -10.561383
v -10.939474 22.472727 -10.561383
v -10.061829 22.472727 -5.330647
v -10.061829 22.472727 -5.330647
v -10.061828 22.472727 -8.384841
v -9.385246 23.224404 -12.115609
v -9.385246 23.224404 -12.115609
v -9.385246 24.251351 -12.115609
v -9.385246 24.251351 -12.115609
v -10.061828 24.251351 -8.384834
v -10.061827 24.251351 -11.439028
v -10.061827 24.251351 -11.439028
v -10.061828 23.224404 -8.384834
v -10.061827 23.224404 -11.439028
v -10.061827 23.224404 -11.439028
v -13.116021 23.224404 -4.654060
v -9.385249 23.224404 -4.654060
v -9.385249 23.224404 -4.654060
v -9.385248 24.251351 -8.384834
v -9.385247 23.224404 -8.384834
v -13.116020 24.251351 -12.115609
v -13.116020 23.224404 -12.115609
v -9.437806 2.522056 -12.063044
v -9.437806 2.522056 -12.063044
v -9.437806 3.357065 -12.063051
v -9.437806 3.357065 -12.063051
v -10.939472 3.357065 -10.561383
v -10.939472 3.357065 -10.561383
v -10.939473 11.791929 -10.561389
v -8.384832 -0.000003 -13.116021
v -8.384832 -0.000003 -13.116021
v -8.384832 2.522056 -13.116021
v -8.384832 2.522056 -13.116021
v -13.116017 -0.000003 -13.116021
v -9.437811 30.719581 -12.063044
v -9.437811 30.719581 -12.063044
v -9.437810 30.063650 -12.063051
v -9.437810 30.063650 -12.063051
v -10.939476 30.063656 -10.561383
v -10.939476 30.063656 -10.561383
v -8.384837 31.734356 -13.116021
v -8.384837 31.734356 -13.116021
v -8.384837 30.719581 -13.116021
v -8.384837 30.719581 -13.116021
v -13.116022 31.734349 -13.116027
v -10.939474 19.942420 -10.561383
v -13.116017 3.357062 -12.063051
v -13.116017 2.522056 -12.063051
v -13.116017 2.522056 -13.116021
v -13.116022 30.063656 -12.063051
v -13.116022 30.719581 -12.063044
v -13.116022 30.719581 -13.116021
v -10.061829 24.251351 -5.330640
v -10.061829 24.251351 -5.330640
v -10.061830 25.003035 -5.330647
v -10.061830 25.003035 -5.330647
v -10.939475 25.003035 -10.561389
v -10.939475 25.003035 -10.561389
v -10.939475 25.003035 -8.384841
v -10.939476 25.003035 -6.208292
v -10.939476 25.003035 -6.208292
v -13.116022 25.003035 -6.208292
v -13.116022 25.003035 -6.208292
v -13.116021 25.003035 -10.561389
v -13.116021 25.003035 -10.561389
v -10.939475 19.942420 -6.208292
v -10.939475 22.472727 -6.208292
v -10.939475 22.472727 -6.208292
v -10.061827 25.003035 -11.439035
v -10.061827 25.003035 -11.439035
v -10.061828 25.003035 -8.384841
v -10.061827 22.472727 -11.439035
v -10.061827 22.472727 -11.439035
v -13.116021 22.472727 -11.439035
v -13.116021 22.472727 -11.439035
v -13.116021 22.472727 -10.561383
v -13.116021 22.472727 -10.561383
v -13.116021 23.224404 -11.439028
v -13.116021 23.224404 -11.439028
v -13.116023 22.472727 -5.330647
v -13.116023 22.472727 -5.330647
v -13.116023 23.224404 -5.330640
v -13.116023 23.224404 -5.330640
v -10.061829 23.224404 -5.330640
v -10.061829 23.224404 -5.330640
v -13.116023 24.251351 -5.330647
v -13.116023 24.251351 -5.330647
v -9.385249 24.251351 -4.654060
v -9.385249 24.251351 -4.654060
v -13.116022 24.251351 -4.654067
v 6.208289 30.063656 -10.561383
v 6.208289 30.063656 -10.561383
v 6.208288 30.063656 -8.384834
v 8.384837 24.251358 -11.439028
v 8.384837 24.251358 -11.439028
v 8.384837 24.251358 -11.439028
v 8.384837 25.003041 -11.439028
v 8.384837 25.003041 -11.439028
v 8.384837 25.003041 -11.439028
v 8.384837 25.003041 -11.439028
v 5.330642 25.003041 -8.384841
v 5.330642 25.003041 -8.384841
v 5.330642 25.003041 -8.384841
v 5.330642 25.003041 -8.384841
v 6.208289 25.003041 -8.384841
v 6.208289 25.003041 -8.384841
v 6.208289 25.003041 -8.384841
v 4.654063 23.224411 -12.115609
v 4.654063 23.224411 -12.115609
v 4.654063 24.251358 -12.115609
v 4.654063 24.251358 -12.115609
v 5.330643 23.224411 -8.384834
v 5.330643 23.224411 -8.384834
v 5.330643 23.224411 -8.384834
v 5.330644 23.224411 -11.439028
v 5.330644 23.224411 -11.439028
v 5.330644 24.251358 -11.439028
v 5.330644 24.251358 -11.439028
v 8.384838 23.224411 -11.439028
v 8.384838 23.224411 -11.439028
v 8.384838 23.224411 -11.439028
v 4.654061 23.224411 -8.384834
v 8.384836 23.224411 -12.115609
v 4.706629 2.522056 -12.063044
v 4.706629 2.522056 -12.063044
v 4.706629 3.357065 -12.063051
v 4.706629 3.357065 -12.063051
v 6.208293 3.357065 -8.384834
v 6.208293 3.357065 -10.561383
v 6.208293 3.357065 -10.561383
v 3.653656 0.000000 -13.116021
v 3.653656 0.000000 -13.116021
v 3.653656 2.522060 -13.116021
v 3.653656 2.522060 -13.116021
v 8.384841 0.000000 -13.116021
v 3.653654 2.522060 -8.384834
v 4.706625 30.719581 -12.063044
v 4.706625 30.719581 -12.063044
v 4.706625 30.063656 -12.063044
v 4.706625 30.063656 -12.063044
v 4.706624 30.063656 -8.384834
v 6.208290 22.472734 -10.561383
v 6.208290 22.472734 -10.561383
v 6.208291 19.942420 -10.561383
v 3.653651 31.734349 -13.116021
v 3.653651 31.734349 -13.116021
v 3.653651 30.719581 -13.116021
v 3.653651 30.719581 -13.116021
v 8.384836 31.734356 -13.116021
v 8.384841 3.357065 -12.063044
v 8.384841 2.522060 -13.116014
v 8.384836 30.063656 -12.063044
v 8.384836 30.719581 -12.063044
v 8.384836 30.719581 -13.116014
v 3.653655 0.000000 -8.384834
v 6.208290 25.003041 -10.561383
v 6.208290 25.003041 -10.561383
v 8.384837 25.003041 -10.561383
v 8.384837 25.003041 -10.561383
v 8.384837 25.003041 -10.561383
v 6.208290 22.472734 -8.384834
v 6.208290 22.472734 -8.384834
v 6.208290 22.472734 -8.384834
v 5.330644 25.003041 -11.439028
v 5.330644 25.003041 -11.439028
v 8.384838 22.472734 -11.439028
v 8.384838 22.472734 -11.439028
v 8.384838 22.472734 -11.439028
v 8.384838 22.472734 -11.439028
v 5.330644 22.472734 -11.439028
v 5.330644 22.472734 -11.439028
v 10.561384 11.791933 -10.561383
v 10.561385 3.357068 -10.561383
v 10.561385 3.357068 -10.561383
v 10.561383 19.942427 -10.561376
v 10.561385 3.357068 -8.384834
v 10.561380 30.063656 -8.384834
v 10.561381 30.063656 -10.561376
v 10.561381 30.063656 -10.561376
v 11.439029 24.251358 -8.384834
v 11.439029 24.251358 -8.384834
v 11.439029 24.251358 -8.384834
v 11.439029 25.003041 -8.384834
v 11.439029 25.003041 -8.384834
v 11.439029 25.003041 -8.384834
v 11.439029 25.003041 -8.384834
v 10.561382 22.472734 -10.561383
v 10.561382 22.472734 -10.561383
v 10.561382 22.472734 -8.384834
v 10.561382 22.472734 -8.384834
v 10.561382 22.472734 -8.384834
v 11.439029 22.472734 -8.384834
v 11.439029 22.472734 -8.384834
v 11.439029 22.472734 -8.384834
v 11.439029 22.472734 -8.384834
v 12.115609 23.224411 -12.115609
v 12.115609 23.224411 -12.115609
v 12.115609 24.251358 -12.115609
v 12.115609 24.251358 -12.115609
v 11.439029 23.224411 -8.384834
v 11.439029 23.224411 -8.384834
v 11.439029 23.224411 -8.384834
v 11.439029 24.251358 -11.439028
v 11.439029 24.251358 -11.439028
v 12.063051 2.522060 -12.063044
v 12.063051 2.522060 -12.063044
v 12.063051 3.357068 -12.063044
v 12.063051 3.357068 -12.063044
v 13.116025 0.000000 -13.116014
v 13.116025 0.000000 -13.116014
v 13.116025 2.522060 -13.116014
v 13.116025 2.522060 -13.116014
v 12.063050 2.522060 -8.384828
v 12.063047 30.719581 -12.063044
v 12.063047 30.719581 -12.063044
v 12.063047 30.063656 -12.063044
v 12.063047 30.063656 -12.063044
v 12.063045 30.063656 -8.384834
v 13.116020 31.734363 -13.116021
v 13.116020 31.734363 -13.116021
v 13.116020 30.719587 -13.116014
v 13.116020 30.719587 -13.116014
v 12.063045 30.719581 -8.384828
v 13.116020 30.719587 -8.384828
v 8.384839 2.522060 -12.063044
v 13.116025 0.000000 -8.384834
v 13.116018 31.734363 -8.384834
v 11.439029 23.224411 -11.439022
v 11.439029 23.224411 -11.439022
v 11.439029 22.472734 -11.439028
v 11.439029 22.472734 -11.439028
v 11.439029 25.003041 -11.439028
v 11.439029 25.003041 -11.439028
v 4.706627 2.522056 -4.706625
v 4.706627 2.522056 -4.706625
v 4.706627 3.357065 -4.706625
v 4.706627 3.357065 -4.706625
v 8.384838 3.357065 -4.706625
v 8.384838 3.357065 -6.208292
v 6.208292 3.357065 -6.208292
v 6.208292 3.357065 -6.208292
v 10.561383 11.791933 -6.208292
v 10.561385 3.357068 -6.208292
v 10.561385 3.357068 -6.208292
v 6.208291 11.791933 -6.208292
v 3.653654 0.000000 -3.653648
v 3.653654 0.000000 -3.653648
v 3.653654 2.522060 -3.653648
v 3.653654 2.522060 -3.653648
v 8.384838 2.522060 -4.706618
v 8.384838 2.522060 -3.653648
v 4.706622 30.719581 -4.706618
v 4.706622 30.719581 -4.706618
v 4.706623 30.063656 -4.706625
v 4.706623 30.063656 -4.706625
v 8.384833 30.063656 -4.706625
v 3.653649 31.734349 -3.653648
v 3.653649 31.734349 -3.653648
v 3.653649 30.719581 -3.653648
v 3.653649 30.719581 -3.653648
v 8.384833 30.719581 -4.706618
v 3.653650 31.734349 -8.384834
v 8.384833 30.719581 -3.653648
v 10.561382 19.942427 -6.208286
v 4.706628 3.357065 -8.384834
v 4.706628 2.522056 -8.384834
v 4.706624 30.719581 -8.384834
v 3.653650 30.719581 -8.384834
v 8.384838 0.000000 -3.653648
v 8.384833 31.734356 -3.653648
v 6.208289 22.472734 -6.208292
v 6.208289 22.472734 -6.208292
v 8.384835 22.472734 -6.208286
v 8.384835 22.472734 -5.330640
v 11.439028 22.472734 -5.330640
v 11.439028 22.472734 -5.330640
v 8.384834 24.251358 -5.330640
v 11.439028 24.251358 -5.330640
v 11.439028 24.251358 -5.330640
v 5.330640 23.224411 -5.330640
v 5.330640 23.224411 -5.330640
v 8.384834 23.224411 -5.330640
v 8.384834 24.251358 -4.654060
v 12.115611 24.251358 -4.654060
v 12.115611 24.251358 -4.654060
v 4.654059 23.224411 -4.654060
v 4.654059 23.224411 -4.654060
v 8.384834 23.224411 -4.654060
v 12.063050 2.522060 -4.706618
v 12.063050 2.522060 -4.706618
v 12.063048 3.357068 -4.706625
v 12.063048 3.357068 -4.706625
v 13.116023 0.000000 -3.653648
v 13.116023 0.000000 -3.653648
v 13.116023 2.522060 -3.653648
v 13.116023 2.522060 -3.653648
v 12.063045 30.719581 -4.706618
v 12.063045 30.719581 -4.706618
v 12.063045 30.063656 -4.706625
v 12.063045 30.063656 -4.706625
v 8.384834 30.063656 -6.208286
v 10.561380 30.063656 -6.208286
v 10.561380 30.063656 -6.208286
v 6.208288 25.003041 -6.208292
v 6.208288 25.003041 -6.208292
v 6.208288 30.063656 -6.208286
v 6.208288 30.063656 -6.208286
v 13.116018 31.734363 -3.653648
v 13.116018 31.734363 -3.653648
v 13.116018 30.719587 -3.653648
v 13.116018 30.719587 -3.653648
v 12.063050 3.357068 -8.384834
v 13.116023 2.522060 -8.384834
v 5.330640 24.251358 -5.330640
v 5.330640 24.251358 -5.330640
v 5.330640 25.003041 -5.330647
v 5.330640 25.003041 -5.330647
v 10.561381 25.003041 -6.208292
v 10.561381 25.003041 -6.208292
v 8.384835 25.003041 -6.208292
v 10.561381 25.003041 -8.384834
v 10.561381 25.003041 -8.384834
v 10.561381 25.003041 -8.384834
v 10.561381 22.472734 -6.208286
v 10.561381 22.472734 -6.208286
v 11.439028 25.003041 -5.330640
v 11.439028 25.003041 -5.330640
v 8.384834 25.003041 -5.330640
v 5.330640 22.472734 -5.330640
v 5.330640 22.472734 -5.330640
v 11.439028 23.224411 -5.330640
v 11.439028 23.224411 -5.330640
v 4.654059 24.251358 -4.654060
v 4.654059 24.251358 -4.654060
v 12.115611 23.224411 -4.654060
v 12.115611 23.224411 -4.654060
v 4.706624 2.522056 9.437814
v 4.706624 2.522056 9.437814
v 4.706624 3.357065 9.437808
v 4.706624 3.357065 9.437808
v 8.384835 3.357065 9.437808
v 10.561380 3.357068 13.116027
v 10.561381 3.357068 10.939475
v 10.561381 3.357068 10.939475
v 8.384834 3.357065 10.939475
v 6.208288 3.357065 10.939475
v 6.208288 3.357065 10.939475
v 6.208287 11.791933 10.939475
v 3.653651 0.000000 8.384838
v 3.653651 0.000000 8.384838
v 3.653650 2.522060 8.384838
v 3.653650 2.522060 8.384838
v 8.384835 2.522060 9.437814
v 3.653649 0.000000 13.116024
v 8.384835 2.522060 8.384838
v 4.706619 30.719581 9.437814
v 4.706619 30.719581 9.437814
v 4.706619 30.063656 9.437814
v 4.706619 30.063656 9.437814
v 8.384831 30.063656 9.437814
v 8.384829 30.063656 10.939475
v 6.208283 30.063656 10.939475
v 6.208283 30.063656 10.939475
v 10.561377 25.003041 10.939475
v 10.561377 25.003041 10.939475
v 10.561376 30.063656 10.939475
v 10.561376 30.063656 10.939475
v 6.208285 22.472734 10.939475
v 6.208285 22.472734 10.939475
v 6.208285 19.942420 10.939475
v 3.653645 31.734349 8.384838
v 3.653645 31.734349 8.384838
v 3.653645 30.719581 8.384838
v 3.653645 30.719581 8.384838
v 8.384830 30.719581 9.437814
v 3.653644 31.734349 13.116021
v 8.384831 30.719581 8.384844
v 4.706622 3.357065 13.116024
v 6.208288 3.357065 13.116024
v 4.706623 2.522056 13.116021
v 3.653649 2.522060 13.116021
v 4.706618 30.063656 13.116024
v 6.208283 30.063656 13.116024
v 4.706618 30.719581 13.116024
v 3.653645 30.719581 13.116021
v 8.384836 0.000000 8.384838
v 8.384830 31.734356 8.384838
v 6.208284 25.003041 10.939475
v 6.208284 25.003041 10.939475
v 8.384830 25.003041 10.939475
v 5.330638 23.224411 10.061830
v 5.330638 23.224411 10.061830
v 5.330639 22.472734 10.061830
v 5.330639 22.472734 10.061830
v 8.384831 22.472734 10.939475
v 5.330638 25.003041 10.061830
v 5.330638 25.003041 10.061830
v 8.384831 25.003041 10.061830
v 8.384831 22.472734 10.061830
v 11.439026 22.472734 10.061830
v 11.439026 22.472734 10.061830
v 11.439026 23.224411 10.061830
v 11.439026 23.224411 10.061830
v 12.115606 23.224411 9.385250
v 12.115606 23.224411 9.385250
v 12.115606 24.251358 9.385250
v 12.115606 24.251358 9.385250
v 5.330637 23.224411 13.116024
v 5.330637 23.224411 13.116024
v 8.384831 24.251358 10.061830
v 11.439026 24.251358 10.061830
v 11.439026 24.251358 10.061830
v 8.384831 23.224411 10.061830
v 8.384832 24.251358 9.385250
v 8.384832 23.224411 9.385250
v 12.115605 24.251358 13.116024
v 12.115605 23.224411 13.116024
v 4.654057 23.224411 9.385250
v 4.654057 23.224411 9.385250
v 12.063045 2.522060 9.437814
v 12.063045 2.522060 9.437814
v 12.063045 3.357068 9.437814
v 12.063045 3.357068 9.437814
v 13.116020 0.000000 8.384838
v 13.116020 0.000000 8.384838
v 13.116020 2.522060 8.384844
v 13.116020 2.522060 8.384844
v 13.116018 0.000000 13.116024
v 12.063042 30.719581 9.437814
v 12.063042 30.719581 9.437814
v 12.063042 30.063656 9.437814
v 12.063042 30.063656 9.437814
v 13.116015 31.734363 8.384838
v 13.116015 31.734363 8.384838
v 13.116015 30.719587 8.384844
v 13.116015 30.719587 8.384844
v 13.116013 31.734363 13.116024
v 12.063045 3.357068 13.116027
v 12.063045 2.522060 13.116024
v 13.116018 2.522060 13.116024
v 12.063040 30.063656 13.116024
v 12.063040 30.719581 13.116024
v 13.116013 30.719587 13.116024
v 10.561378 22.472734 10.939475
v 10.561378 22.472734 10.939475
v 10.561376 22.472734 13.116024
v 10.561376 22.472734 13.116024
v 11.439026 25.003041 10.061830
v 11.439026 25.003041 10.061830
v 11.439024 22.472734 13.116024
v 11.439024 22.472734 13.116024
v 6.208284 25.003041 13.116024
v 6.208284 25.003041 13.116024
v 5.330637 25.003041 13.116024
v 5.330637 25.003041 13.116024
v 5.330637 22.472734 13.116021
v 5.330637 22.472734 13.116021
v 6.208284 22.472734 13.116024
v 6.208284 22.472734 13.116024
v 11.439024 23.224411 13.116024
v 11.439024 23.224411 13.116024
v 5.330638 24.251358 10.061830
v 5.330638 24.251358 10.061830
v 4.654057 24.251358 9.385250
v 4.654057 24.251358 9.385250
v -2.365593 24.748683 -6.645370
v -2.365593 24.748683 -6.645370
v -2.365593 24.748683 -6.645370
v -2.365593 24.748683 -6.645370
v -13.116016 22.640972 -6.645370
v -2.365593 22.640972 -6.645370
v -2.365593 22.640972 -6.645370
v -2.365593 22.640972 -6.645370
v -2.365593 22.640972 -6.645370
v -13.116016 24.748683 -6.645370
v -2.365593 22.640972 -7.147853
v -2.365593 22.640972 -7.147853
v -2.365593 24.748683 -7.147853
v -2.365593 24.748683 -7.147853
v -13.116016 24.132082 -6.645376
v -13.116016 24.132082 -6.030304
v -2.365594 31.264792 -7.321084
v -13.116016 31.264792 -7.321090
v -13.116017 31.091555 -7.147853
v -13.116012 2.138091 -6.645370
v -2.365590 2.138095 -6.645370
v -13.116012 2.138091 -6.030304
v -13.116012 1.221503 -6.030304
v 8.384829 22.640972 -6.645363
v 8.384829 24.748690 -6.645370
v 8.384829 23.257580 -6.645370
v 8.384829 23.257580 -6.030304
v 8.384829 31.264792 -7.321084
v 8.384833 2.754702 -6.645370
v 8.384833 1.221506 -4.919284
v 8.384833 2.138095 -6.645363
v -13.116015 22.640972 -10.124299
v -2.365592 22.640972 -10.124299
v -2.365592 22.640972 -10.124299
v -2.365592 22.640972 -10.124299
v -2.365592 22.640972 -10.124299
v -13.116016 24.748683 -10.124306
v -2.365592 22.640972 -9.621816
v -2.365592 22.640972 -9.621816
v -2.365593 24.748683 -9.621816
v -2.365593 24.748683 -9.621816
v -13.116015 23.257580 -10.124306
v -13.116016 24.132082 -10.124306
v -13.116015 23.257580 -10.739371
v -13.116016 24.132082 -10.739371
v -13.116012 2.754699 -10.124306
v -13.116012 2.138091 -10.739371
v 8.384830 22.640972 -10.124299
v 8.384830 23.257580 -10.124299
v 8.384830 24.132082 -10.124299
v 8.384829 31.264792 -9.448578
v 8.384829 31.091561 -9.621816
v 8.384834 1.221506 -10.739365
v 6.645371 22.640972 -8.384828
v 6.645368 22.640972 2.365595
v 6.645368 22.640972 2.365595
v 6.645368 22.640972 2.365595
v 6.645368 22.640972 2.365595
v 6.645371 24.748690 -8.384828
v 7.147850 22.640972 2.365595
v 7.147850 22.640972 2.365595
v 6.645371 23.257580 -8.384828
v 6.030298 24.132082 2.365595
v 6.030298 24.132082 2.365595
v 6.030298 24.132082 2.365595
v 6.030298 24.132082 2.365595
v 6.030302 23.257580 -8.384828
v 6.030302 24.132082 -8.384828
v 7.321084 31.264792 2.365595
v 7.321086 31.264792 -8.384828
v 7.147851 31.091555 -8.384828
v 6.645371 2.754699 2.365595
v 6.645374 2.754699 -8.384828
v 6.645365 22.640972 13.116017
v 6.645365 24.748690 13.116017
v 6.645365 24.132082 13.116017
v 6.030296 23.257580 13.116017
v 6.030296 24.132082 13.116017
v 7.321081 31.264792 13.116017
v 6.645368 2.754699 13.116017
v 6.645368 2.138095 13.116017
v 10.124299 24.748690 2.365595
v 10.124299 24.748690 2.365595
v 10.124299 24.748690 2.365595
v 10.124299 24.748690 2.365595
v 10.124301 24.748690 -8.384828
v 9.621815 22.640978 2.365595
v 9.621815 22.640978 2.365595
v 9.621815 24.748690 2.365595
v 9.621815 24.748690 2.365595
v 10.124299 23.257586 2.365595
v 10.124299 23.257586 2.365595
v 10.124299 23.257586 2.365595
v 10.124299 23.257586 2.365595
v 10.124301 23.257586 -8.384828
v 10.739366 23.257586 2.365595
v 10.739366 23.257586 2.365595
v 10.739366 23.257586 2.365595
v 10.739366 23.257586 2.365595
v 10.739366 24.132082 2.365595
v 10.739366 24.132082 2.365595
v 10.739366 24.132082 2.365595
v 10.739366 24.132082 2.365595
v 10.739370 23.257586 -8.384828
v 10.739370 24.132082 -8.384828
v 10.124302 2.754702 2.365595
v 10.124305 2.754702 -8.384828
v 11.850385 1.221510 -8.384828
v 10.124305 2.138095 -8.384821
v 10.739373 2.138095 -8.384821
v 10.124296 22.640972 13.116017
v 10.124295 24.748690 13.116021
v 10.124296 23.257586 13.116021
v 10.124295 24.132082 13.116017
v 10.739364 23.257586 13.116021
v 10.739364 24.132082 13.116017
v 10.124299 2.754702 13.116021
v 10.739368 1.221506 13.116017
v -13.116018 3.357062 -10.561389
v -13.116022 30.063656 -10.561383
v -13.116019 3.357062 -6.208292
v -13.116023 25.003035 -5.330647
v -13.116023 25.003035 -5.330647
v -13.116022 22.472727 -6.208292
v -13.116022 22.472727 -6.208292
v 8.384840 3.357065 -10.561383
v 6.208292 11.791933 -10.561383
v 8.384836 30.063656 -10.561383
v 5.330641 24.251358 -8.384834
v 5.330641 24.251358 -8.384834
v 5.330641 24.251358 -8.384834
v 8.384837 22.472734 -10.561383
v 8.384837 22.472734 -10.561383
v 8.384837 22.472734 -10.561383
v 5.330641 22.472734 -8.384834
v 5.330641 22.472734 -8.384834
v 5.330641 22.472734 -8.384834
v 5.330641 22.472734 -8.384834
v 4.654060 24.251358 -8.384834
v 8.384838 24.251358 -12.115609
v 10.561382 25.003041 -10.561383
v 10.561382 25.003041 -10.561383
v 12.115611 24.251358 -8.384834
v 12.115609 23.224411 -8.384828
v 6.208289 19.942420 -6.208286
v 10.561380 11.791933 10.939475
v 10.561375 30.063656 13.116024
v 10.561378 19.942427 10.939475
v 5.330637 24.251358 13.116024
v 5.330637 24.251358 13.116024
v 11.439024 24.251358 13.116024
v 11.439024 24.251358 13.116024
v 11.439024 25.003041 13.116024
v 11.439024 25.003041 13.116024
v 10.561376 25.003041 13.116024
v 10.561376 25.003041 13.116024
v 4.654055 24.251358 13.116024
v 4.654056 23.224411 13.116024
vt 0.872395 0.287315
vt 0.643413 0.808606
vt 0.387948 0.798306
vt 0.297729 0.896610
vt 0.710383 0.710302
vt 0.947939 0.574631
vt 0.872395 0.574631
vt 0.387948 0.798306
vt 0.351115 0.798306
vt 0.932853 0.574631
vt 0.297729 0.896610
vt 0.719604 0.936456
vt 0.589228 0.963193
vt 0.441333 0.896610
vt 0.387948 0.838440
vt 0.834371 0.710302
vt 0.263684 0.798306
vt 0.635470 0.528967
vt 0.733631 0.710302
vt 0.643413 0.808606
vt 0.643413 0.710302
vt 0.745160 0.574631
vt 0.872395 0.287315
vt 0.635470 0.528967
vt 0.643413 0.710302
vt 0.917767 0.000000
vt 0.651088 0.963193
vt 0.759458 0.850098
vt 0.759458 0.836747
vt 0.917767 0.000000
vt 0.687525 0.225430
vt 0.759458 0.971858
vt 0.975350 0.287315
vt 0.902643 0.000000
vt 0.719604 0.936456
vt 0.775547 0.971858
vt 0.527367 0.000000
vt 0.775547 0.971858
vt 0.810072 0.873554
vt 0.812844 0.850098
vt 0.812844 0.733758
vt 0.169431 0.933556
vt 0.987675 0.574631
vt 0.675979 0.963193
vt 0.740911 0.443260
vt 0.850945 0.287315
vt 0.917767 0.574631
vt 0.759458 0.873554
vt 0.736210 0.710302
vt 0.828463 0.000000
vt 0.826428 0.611998
vt 0.389914 0.896610
vt 0.643413 0.836747
vt 0.589228 0.836747
vt 0.589228 0.963193
vt 0.887519 0.000000
vt 0.276203 0.821762
vt 0.478166 0.896610
vt 0.963026 0.574631
vt 0.850945 0.287315
vt 0.169431 0.933556
vt 0.710383 0.710302
vt 0.801212 0.574631
vt 0.887757 0.845552
vt 0.694415 0.918374
vt 0.589228 0.836747
vt 0.759458 0.873554
vt 0.351115 0.856476
vt 0.902643 0.287315
vt 0.618875 0.710302
vt 0.353040 0.896610
vt 0.316166 0.978236
vt 0.854852 0.943856
vt 0.963026 0.287315
vt 0.917767 0.287315
vt 0.316166 0.896610
vt 0.618875 0.610593
vt 0.801212 0.000000
vt 0.527368 0.510885
vt 0.169431 0.933556
vt 0.759458 0.873554
vt 0.297729 0.978236
vt 0.675979 0.836747
vt 0.722707 0.550736
vt 0.826428 0.611998
vt 0.334603 0.920066
vt 0.408351 0.920066
vt 0.651088 0.963193
vt 0.801212 0.574631
vt 0.947939 0.000000
vt 0.828509 0.873554
vt 0.875332 0.943856
vt 0.710383 0.527364
vt 0.580753 0.000000
vt 0.775547 0.873554
vt 0.854852 0.943856
vt 0.912945 0.710302
vt 0.947939 0.287315
vt 0.775547 0.873554
vt 0.389914 0.896610
vt 0.675979 1.000000
vt 0.854852 0.943856
vt 0.791635 0.955181
vt 0.710383 0.567216
vt 0.745160 0.574631
vt 0.710383 0.528967
vt 0.736210 0.611998
vt 0.872395 0.287315
vt 0.527368 0.836747
vt 0.527368 0.836747
vt 0.527368 0.692220
vt 0.503056 0.924752
vt 0.887519 0.287315
vt 0.527368 0.798306
vt 0.371477 0.896610
vt 0.834371 0.791928
vt 0.618875 0.510885
vt 0.887519 0.000000
vt 0.872395 0.000000
vt 0.521493 0.798306
vt 0.834371 0.845552
vt 0.932853 0.574631
vt 0.875332 0.845552
vt 0.478166 0.798306
vt 0.854852 0.943856
vt 0.602280 0.692220
vt 0.090218 0.924752
vt 0.000000 0.826448
vt 0.947939 0.287315
vt 0.527368 0.963193
vt 0.872395 0.000000
vt 0.694415 1.000000
vt 0.580753 0.000000
vt 0.740911 0.510885
vt 0.710383 0.550736
vt 0.854852 0.845552
vt 0.618875 0.710302
vt 0.618875 0.510885
vt 0.297729 0.978236
vt 0.478166 0.798306
vt 0.872395 0.574631
vt 0.675979 0.836747
vt 0.826428 0.583856
vt 0.634139 0.510885
vt 0.834371 0.791928
vt 0.634139 0.000000
vt 0.963026 0.287315
vt 0.775547 0.971858
vt 0.826428 0.575052
vt 0.316166 0.978236
vt 0.875332 0.845552
vt 0.987675 0.574631
vt 0.917767 0.287315
vt 0.643413 0.808606
vt 0.810072 0.955181
vt 0.387948 0.896610
vt 0.771251 0.000000
vt 0.371477 0.896610
vt 0.651088 0.963193
vt 0.527368 0.528967
vt 0.771251 0.287315
vt 0.872395 0.287315
vt 0.297729 0.798306
vt 0.589228 0.963193
vt 0.887519 0.574631
vt 0.975350 0.287315
vt 0.834371 0.845552
vt 0.854852 0.943856
vt 0.634139 0.000000
vt 0.902643 0.287315
vt 0.618875 0.610593
vt 0.733631 0.808606
vt 0.902643 0.287315
vt 0.947939 0.000000
vt 0.947939 0.287315
vt 0.759458 0.836747
vt 0.527368 0.963193
vt 0.887519 0.574631
vt 0.222817 0.961559
vt 0.116045 0.798306
vt 0.580753 0.285455
vt 0.740911 0.225430
vt 0.854852 0.845552
vt 0.947939 0.287315
vt 0.553195 0.710302
vt 0.316166 0.896610
vt 0.722707 0.527364
vt 0.932853 0.000000
vt 0.917767 0.000000
vt 0.643413 0.808606
vt 0.675979 0.963193
vt 0.975350 0.574631
vt 0.389914 0.896610
vt 1.000000 0.287315
vt 0.527368 0.836747
vt 0.351115 0.798306
vt 0.297729 0.856476
vt 0.710383 0.583856
vt 0.771251 0.287315
vt 0.521493 0.798306
vt 0.090218 0.826448
vt 0.812844 0.791928
vt 0.963026 0.287315
vt 0.963026 0.287315
vt 0.441333 0.838440
vt 0.719604 0.936456
vt 0.987675 0.574631
vt 0.387948 0.798306
vt 0.387948 0.798306
vt 0.351115 0.856476
vt 0.759458 0.850098
vt 0.722707 0.510885
vt 0.826428 0.611998
vt 0.116045 0.798306
vt 0.618875 0.610593
vt 0.963026 0.287315
vt 0.947939 0.287315
vt 0.826428 0.583856
vt 0.297729 0.896610
vt 0.801212 0.000000
vt 0.643413 0.836747
vt 0.090218 0.826448
vt 0.810072 0.873554
vt 0.602280 0.528967
vt 0.602280 0.692220
vt 0.872395 0.574631
vt 0.651088 0.836747
vt 0.387948 0.896610
vt 0.387948 0.798306
vt 0.947939 0.287315
vt 0.737794 0.527364
vt 0.527368 0.067625
vt 0.387948 0.798306
vt 0.740911 0.574631
vt 0.834371 0.943856
vt 0.634139 0.285455
vt 0.116045 0.924752
vt 0.000000 0.798306
vt 0.116045 0.933556
vt 0.917767 0.574631
vt 0.710383 0.528967
vt 0.759458 0.710302
vt 0.932853 0.287315
vt 0.963026 0.574631
vt 0.810072 0.873554
vt 0.812844 0.791928
vt 0.963026 0.287315
vt 0.710383 0.583856
vt 1.000000 0.287315
vt 0.887757 0.710302
vt 0.791635 0.873554
vt 0.828509 0.955181
vt 0.887519 0.287315
vt 0.875332 0.943856
vt 0.875332 0.845552
vt 0.263684 0.798306
vt 0.987675 0.000000
vt 0.854852 0.943856
vt 0.116045 0.798306
vt 0.740911 0.000000
vt 0.297729 0.896610
vt 0.503056 0.798306
vt 0.675979 0.963193
vt 0.222817 0.933556
vt 0.722707 0.567216
vt 0.634139 0.067625
vt 0.297729 0.856476
vt 0.947939 0.000000
vt 0.722707 0.567216
vt 0.334603 0.896610
vt 0.580753 0.067625
vt 0.828463 0.287315
vt 0.687525 0.067625
vt 0.694415 0.836747
vt 0.000000 0.826448
vt 0.740911 0.225430
vt 0.116045 0.798306
vt 0.872395 0.000000
vt 0.791635 0.955181
vt 0.634139 0.067625
vt 0.675979 1.000000
vt 0.527368 0.692220
vt 0.917767 0.000000
vt 0.902643 0.574631
vt 0.887757 0.710302
vt 0.090218 0.924752
vt 0.902643 0.574631
vt 0.694415 0.936456
vt 0.643413 0.836747
vt 0.736210 0.710302
vt 0.826428 0.611998
vt 0.169431 0.798306
vt 0.932853 0.287315
vt 0.710383 0.510885
vt 0.710383 0.692220
vt 0.887757 0.710302
vt 0.589228 0.963193
vt 0.710383 0.567216
vt 0.222817 0.961559
vt 0.316166 0.978236
vt 0.987675 0.000000
vt 0.812844 0.733758
vt 0.826428 0.583856
vt 0.810072 0.955181
vt 0.503056 0.798306
vt 0.902643 0.287315
vt 0.687525 0.285455
vt 0.602280 0.610593
vt 0.527368 0.528967
vt 0.801212 0.287315
vt 0.553195 0.808606
vt 0.872395 0.574631
vt 0.719604 0.836747
vt 0.736210 0.611998
vt 0.263684 0.000000
vt 0.521493 0.879932
vt 0.387948 0.896610
vt 0.875332 0.943856
vt 0.912945 0.810010
vt 0.902643 0.287315
vt 0.643413 0.808606
vt 0.740911 0.510885
vt 0.116045 0.798306
vt 0.834371 0.845552
vt 0.947939 0.574631
vt 0.887519 0.287315
vt 0.353040 0.896610
vt 0.775547 0.971858
vt 0.745160 0.000000
vt 0.503056 0.924752
vt 0.791635 0.873554
vt 0.710383 0.528967
vt 0.759458 0.836747
vt 0.887519 0.574631
vt 0.932853 0.574631
vt 0.812844 0.850098
vt 0.334603 0.896610
vt 0.710383 0.510885
vt 0.987675 0.000000
vt 0.902643 0.000000
vt 0.675979 0.836747
vt 0.854852 0.845552
vt 1.000000 0.574631
vt 0.000000 0.826448
vt 0.090218 0.826448
vt 0.387948 0.838440
vt 0.478166 0.896610
vt 0.387948 0.798306
vt 0.737794 0.527364
vt 0.634139 0.285455
vt 0.902643 0.000000
vt 0.389914 0.920066
vt 0.826428 0.611998
vt 0.527367 0.000000
vt 0.963026 0.287315
vt 0.371477 0.920066
vt 0.745160 0.574631
vt 0.834371 0.845552
vt 0.710383 0.583856
vt 0.759458 0.733758
vt 0.527368 0.285455
vt 0.902643 0.287315
vt 0.850945 0.287315
vt 0.759458 0.710302
vt 0.834371 0.873554
vt 0.834371 0.710302
vt 0.987675 0.287315
vt 0.643413 0.808606
vt 0.722707 0.567216
vt 0.503056 0.798306
vt 0.710383 0.550736
vt 0.351115 0.856476
vt 0.771251 0.287315
vt 0.812844 0.791928
vt 0.710383 0.583856
vt 0.828509 0.955181
vt 0.975350 0.000000
vt 0.872395 0.287315
vt 0.687525 0.000000
vt 0.602280 0.610593
vt 0.902643 0.574631
vt 0.222817 0.798306
vt 1.000000 0.287315
vt 0.169431 0.933556
vt 0.775547 0.971858
vt 0.116045 0.798306
vt 0.963026 0.287315
vt 0.618875 0.610593
vt 0.775547 0.873554
vt 0.947939 0.287315
vt 0.947939 0.574631
vt 0.947939 0.000000
vt 0.478166 0.924752
vt 0.651088 0.963193
vt 0.987675 0.000000
vt 0.759458 0.710302
vt 0.733631 0.808606
vt 0.441333 0.896610
vt 0.387948 0.838440
vt 0.527368 0.510885
vt 0.947939 0.574631
vt 0.580753 0.067625
vt 0.602280 0.528967
vt 0.371477 0.920066
vt 0.850945 0.287315
vt 0.917767 0.000000
vt 0.116045 0.933556
vt 0.687525 0.443260
vt 0.710383 0.550736
vt 0.912945 0.909719
vt 0.503056 0.924752
vt 0.503056 0.798306
vt 0.651088 0.836747
vt 0.589228 0.963193
vt 0.828463 0.287315
vt 0.826428 0.710302
vt 0.854852 0.845552
vt 0.810072 0.873554
vt 0.710383 0.567216
vt 0.527368 0.510885
vt 0.618875 0.610593
vt 0.987675 0.287315
vt 0.643413 0.836747
vt 0.887757 0.909719
vt 0.687525 0.225430
vt 0.521493 0.798306
vt 0.887519 0.287315
vt 0.875332 0.845552
vt 0.651088 0.963193
vt 0.353040 0.920066
vt 0.932853 0.574631
vt 0.902643 0.287315
vt 0.733631 0.808606
vt 0.353040 0.920066
vt 0.987675 0.574631
vt 0.740911 0.510885
vt 0.834371 0.943856
vt 0.527368 0.963193
vt 0.694415 0.836747
vt 0.932853 0.287315
vt 0.759458 0.873554
vt 0.527368 0.836747
vt 0.553195 0.710302
vt 0.932853 0.287315
vt 0.745160 0.287315
vt 0.276203 0.821762
vt 0.733631 0.710302
vt 0.000000 0.000000
vt 0.618875 0.710302
vt 0.651088 0.963193
vt 0.589228 0.836747
vt 0.589228 0.836747
vt 0.503056 0.924752
vt 0.975350 0.000000
vt 0.589228 0.963193
vt 0.791635 0.873554
vt 0.947939 0.574631
vt 0.987675 0.000000
vt 0.297729 0.978236
vt 0.791635 0.873554
vt 0.710383 0.527364
vt 0.826428 0.583856
vt 1.000000 0.287315
vt 0.675979 0.918374
vt 0.675979 0.836747
vt 0.116045 0.924752
vt 0.000000 0.798306
vt 0.740911 0.000000
vt 0.736210 0.611998
vt 0.854852 0.845552
vt 0.932853 0.287315
vt 0.745160 0.000000
vt 0.090218 0.826448
vt 0.675979 0.963193
vt 0.745160 0.287315
vt 0.316166 0.896610
vt 0.694415 0.836747
vt 0.687525 0.443260
vt 0.090218 0.826448
vt 0.987675 0.287315
vt 0.651088 0.836747
vt 0.651088 0.836747
vt 0.963026 0.574631
vt 0.987675 0.287315
vt 0.521493 0.879932
vt 0.651088 0.836747
vt 0.801212 0.574631
vt 0.527368 0.836747
vt 0.503056 0.879932
vt 0.387948 0.798306
vt 0.643413 0.808606
vt 0.651088 0.963193
vt 0.917767 0.287315
vt 0.810072 0.873554
vt 0.887757 0.810010
vt 0.719604 0.936456
vt 0.353040 0.920066
vt 0.975350 0.574631
vt 0.987675 0.287315
vt 0.759458 0.733758
vt 0.297729 0.798306
vt 0.975350 0.000000
vt 0.887757 0.810010
vt 0.353040 0.896610
vt 0.675979 0.836747
vt 0.834371 0.845552
vt 0.963026 0.287315
vt 0.353040 0.920066
vt 0.334603 0.896610
vt 0.222817 0.798306
vt 0.527368 0.963193
vt 0.963026 0.000000
vt 0.828509 0.873554
vt 0.316166 0.978236
vt 0.834371 0.845552
vt 0.602280 0.528967
vt 0.503056 0.879932
vt 0.872395 0.287315
vt 0.387948 0.838440
vt 0.744793 0.836747
vt 0.635470 0.528967
vt 0.675979 0.963193
vt 0.963026 0.287315
vt 0.828463 0.574631
vt 0.719604 0.936456
vt 0.222817 0.798306
vt 0.850945 0.000000
vt 0.810072 0.955181
vt 0.351115 0.856476
vt 0.736210 0.611998
vt 0.887757 0.909719
vt 0.902643 0.287315
vt 0.297729 0.856476
vt 0.675979 0.918374
vt 0.169431 0.798306
vt 0.826428 0.575052
vt 0.947939 0.287315
vt 0.276203 0.938103
vt 0.932853 0.000000
vt 0.634139 0.067625
vt 0.527368 0.067625
vt 0.987675 0.574631
vt 0.651088 0.963193
vt 0.759458 0.836747
vt 0.759458 0.836747
vt 0.635470 0.610593
vt 0.478166 0.924752
vt 0.872395 0.287315
vt 0.771251 0.000000
vt 0.694415 0.936456
vt 0.791635 0.955181
vt 0.527368 0.510885
vt 0.872395 0.000000
vt 0.521493 0.879932
vt 0.503056 0.798306
vt 0.887519 0.574631
vt 0.651088 0.836747
vt 0.687525 0.510885
vt 0.854852 0.845552
vt 0.351115 0.856476
vt 0.759458 0.710302
vt 0.643413 0.836747
vt 0.947939 0.287315
vt 0.875332 0.943856
vt 0.872395 0.000000
vt 0.276203 0.879932
vt 0.387948 0.838440
vt 0.263684 0.000000
vt 0.887519 0.287315
vt 0.334603 0.896610
vt 0.521493 0.879932
vt 0.887519 0.574631
vt 0.791635 0.971858
vt 0.589228 0.963193
vt 0.527368 0.000000
vt 0.634139 0.510885
vt 0.887519 0.287315
vt 0.932853 0.287315
vt 0.371477 0.896610
vt 0.389914 0.920066
vt 0.527368 0.836747
vt 0.801212 0.000000
vt 0.828509 0.955181
vt 0.589228 0.963193
vt 0.947939 0.000000
vt 0.351115 0.798306
vt 0.675979 1.000000
vt 0.828463 0.287315
vt 0.812844 0.850098
vt 0.812844 0.733758
vt 0.834371 0.845552
vt 0.635470 0.610593
vt 0.917767 0.287315
vt 0.737794 0.550736
vt 0.527368 0.510885
vt 0.441333 0.838440
vt 0.975350 0.000000
vt 0.521493 0.798306
vt 0.887757 0.845552
vt 0.651088 0.963193
vt 0.090218 0.826448
vt 0.722707 0.527364
vt 0.090218 0.924752
vt 0.387948 0.896610
vt 0.801212 0.287315
vt 0.932853 0.000000
vt 0.872395 0.574631
vt 0.387948 0.798306
vt 0.875332 0.943856
vt 0.801212 0.000000
vt 0.222817 0.938103
vt 0.791635 0.971858
vt 0.710383 0.710302
vt 0.826428 0.583856
vt 0.687525 0.000000
vt 0.947939 0.287315
vt 0.169431 0.798306
vt 0.834371 0.873554
vt 0.834371 0.791928
vt 0.745160 0.000000
vt 0.932853 0.574631
vt 0.710383 0.710302
vt 0.826428 0.583856
vt 0.963026 0.574631
vt 0.276203 0.821762
vt 0.635470 0.692220
vt 0.635470 0.528967
vt 1.000000 0.287315
vt 0.759458 0.836747
vt 0.791635 0.873554
vt 0.759458 0.873554
vt 0.116045 0.798306
vt 0.850945 0.574631
vt 0.759458 0.850098
vt 0.478166 0.798306
vt 0.297729 0.879932
vt 0.917767 0.287315
vt 0.963026 0.000000
vt 0.710383 0.583856
vt 0.618875 0.610593
vt 0.828463 0.287315
vt 0.000000 0.798306
vt 0.744793 0.936456
vt 0.276203 0.821762
vt 0.687525 0.510885
vt 0.801212 0.287315
vt 0.387948 0.838440
vt 0.791635 0.971858
vt 0.389914 0.920066
vt 0.963026 0.000000
vt 0.902643 0.574631
vt 0.791635 0.971858
vt 0.635470 0.692220
vt 0.801212 0.574631
vt 0.635470 0.528967
vt 0.687525 0.510885
vt 0.478166 0.798306
vt 0.854852 0.943856
vt 0.618875 0.710302
vt 0.618875 0.510885
vt 0.872395 0.287315
vt 0.736210 0.710302
vt 0.503056 0.924752
vt 0.580753 0.067625
vt 0.963026 0.000000
vt 0.850945 0.574631
vt 0.316166 0.896610
vt 0.580753 0.067625
vt 0.987675 0.000000
vt 0.854852 0.943856
vt 0.710383 0.583856
vt 0.775547 0.873554
vt 0.351115 0.856476
vt 0.872395 0.000000
vt 0.297729 0.896610
vt 0.826428 0.710302
vt 0.932853 0.574631
vt 0.872395 0.000000
vt 0.408351 0.920066
vt 0.276203 0.879932
vt 0.710383 0.550736
vt 0.116045 0.798306
vt 0.912945 0.710302
vt 0.810072 0.873554
vt 0.810072 0.955181
vt 0.694415 1.000000
vt 0.917767 0.287315
vt 0.222817 0.798306
vt 0.527368 0.836747
vt 0.932853 0.000000
vt 0.902643 0.000000
vt 0.580753 0.510885
vt 0.687525 0.510885
vt 0.987675 0.287315
vt 0.634139 0.067625
vt 0.887757 0.710302
vt 0.694415 0.918374
vt 0.759458 0.971858
vt 0.834371 0.943856
vt 0.740911 0.574631
vt 0.759458 0.873554
vt 0.759458 0.873554
vt 0.932853 0.287315
vt 0.887519 0.574631
vt 0.371477 0.896610
vt 0.478166 0.896610
vt 0.801212 0.287315
vt 0.316166 0.896610
vt 1.000000 0.000000
vt 1.000000 0.287315
vt 0.297729 0.896610
vt 0.527368 0.836747
vt 0.733631 0.808606
vt 0.917767 0.574631
vt 0.618875 0.510885
vt 0.826428 0.575052
vt 0.602280 0.692220
vt 0.932853 0.000000
vt 0.987675 0.574631
vt 0.912945 0.710302
vt 0.276203 0.938103
vt 0.000000 0.000000
vt 0.589228 0.836747
vt 0.503056 0.798306
vt 0.527368 0.510885
vt 0.879814 0.575052
vt 0.872395 0.287315
vt 0.389914 0.920066
vt 0.810072 0.955181
vt 0.912945 0.710302
vt 0.687525 0.225430
vt 0.947939 0.287315
vt 0.975350 0.287315
vt 0.389914 0.896610
vt 0.589228 0.963193
vt 0.917767 0.287315
vt 0.791635 0.971858
vt 0.503056 0.798306
vt 0.932853 0.287315
vt 0.875332 0.845552
vt 0.635470 0.610593
vt 0.710383 0.692220
vt 0.503056 0.798306
vt 0.675979 0.836747
vt 0.963026 0.287315
vt 0.975350 0.000000
vt 0.879814 0.575052
vt 0.651088 0.963193
vt 0.745160 0.287315
vt 0.675979 0.836747
vt 0.351115 0.798306
vt 0.775547 0.971858
vt 0.618875 0.510885
vt 0.745160 0.574631
vt 0.887757 0.710302
vt 0.222817 0.821762
vt 0.353040 0.896610
vt 0.812844 0.850098
vt 0.850945 0.287315
vt 0.850945 0.574631
vt 0.334603 0.920066
vt 0.675979 0.963193
vt 0.987675 0.287315
vt 0.478166 0.924752
vt 0.828463 0.000000
vt 0.527368 0.528967
vt 0.527368 0.710302
vt 0.643413 0.836747
vt 0.887519 0.000000
vt 0.589228 0.963193
vt 0.912945 0.810010
vt 0.694415 0.936456
vt 0.759458 0.873554
vt 0.389914 0.920066
vt 0.975350 0.287315
vt 0.745160 0.000000
vt 0.316166 0.978236
vt 0.791635 0.873554
vt 0.932853 0.574631
vt 0.759458 0.873554
vt 0.297729 0.896610
vt 0.478166 0.798306
vt 0.222817 0.821762
vt 0.733631 0.710302
vt 0.643413 0.808606
vt 0.828463 0.287315
vt 0.736210 0.611998
vt 0.850945 0.000000
vt 0.222817 0.938103
vt 0.387948 0.838440
vt 0.771251 0.000000
vt 0.987675 0.574631
vt 0.389914 0.896610
vt 0.116045 0.933556
vt 0.987675 0.000000
vt 0.651088 0.836747
vt 0.116045 0.798306
vt 0.297729 0.798306
vt 0.687525 0.000000
vt 0.887519 0.287315
vt 0.745160 0.287315
vt 0.371477 0.920066
vt 0.222817 0.798306
vt 0.887757 0.710302
vt 0.801212 0.574631
vt 0.963026 0.000000
vt 0.834371 0.710302
vt 0.834371 0.873554
vt 0.694415 0.918374
vt 0.879814 0.710302
vt 0.828463 0.000000
vt 0.297729 0.879932
vt 0.116045 0.798306
vt 0.902643 0.574631
vt 0.932853 0.287315
vt 0.932853 0.287315
vt 0.580753 0.510885
vt 0.740911 0.000000
vt 0.000000 0.000000
vt 0.634139 0.510885
vt 0.371477 0.920066
vt 0.222817 0.933556
vt 0.553195 0.808606
vt 0.834371 0.943856
vt 0.745160 0.574631
vt 0.580753 0.285455
vt 0.589228 0.836747
vt 0.589228 0.836747
vt 0.801212 0.000000
vt 0.932853 0.000000
vt 0.872395 0.574631
vt 0.643413 0.836747
vt 0.351115 0.856476
vt 0.828463 0.574631
vt 0.334603 0.896610
vt 0.387948 0.896610
vt 0.090218 0.924752
vt 0.000000 0.826448
vt 0.441333 0.838440
vt 0.850945 0.287315
vt 0.527368 0.710302
vt 0.297729 0.798306
vt 0.276203 0.879932
vt 0.947939 0.574631
vt 0.975350 0.574631
vt 0.826428 0.710302
vt 0.812844 0.733758
vt 0.263684 0.000000
vt 0.812844 0.850098
vt 0.527368 0.836747
vt 1.000000 0.287315
vt 0.478166 0.924752
vt 0.618875 0.610593
vt 0.527368 0.710302
vt 0.651088 0.963193
vt 0.975350 0.287315
vt 0.791635 0.873554
vt 0.441333 0.838440
vt 0.276203 0.821762
vt 0.947939 0.574631
vt 0.975350 0.287315
vt 0.589228 0.963193
vt 0.408351 0.896610
vt 0.887519 0.000000
vt 0.000000 0.826448
vt 0.887757 0.810010
vt 0.687525 0.443260
vt 0.521493 0.879932
vt 0.801212 0.574631
vt 0.527368 0.836747
vt 0.834371 0.845552
vt 0.875332 0.845552
vt 0.090218 0.924752
vt 0.917767 0.287315
vt 0.902643 0.287315
vt 0.387948 0.896610
vt 0.635470 0.610593
vt 0.975350 0.000000
vt 0.834371 0.873554
vt 0.854852 0.943856
vt 0.875332 0.943856
vt 0.912945 0.909719
vt 0.527368 0.798306
vt 0.675979 0.836747
vt 0.759458 0.836747
vt 0.169431 0.798306
vt 0.745160 0.287315
vt 0.000000 0.798306
vt 0.602280 0.610593
vt 0.759458 0.710302
vt 0.872395 0.574631
vt 0.527368 0.692220
vt 0.090218 0.826448
vt 1.000000 0.000000
vt 0.687525 0.510885
vt 0.553195 0.710302
vt 0.643413 0.808606
vt 0.478166 0.924752
vt 0.917767 0.287315
vt 0.854852 0.943856
vt 0.759458 0.733758
vt 0.850945 0.287315
vt 0.902643 0.000000
vt 0.887757 0.810010
vt 0.744793 0.836747
vt 0.263684 0.000000
vt 0.834371 0.791928
vt 0.733631 0.808606
vt 0.719604 0.836747
vt 0.222817 0.798306
vt 0.503056 0.798306
vt 0.917767 0.574631
vt 0.651088 0.963193
vt 0.694415 1.000000
vt 0.589228 0.836747
vt 0.828463 0.000000
vt 0.850945 0.000000
vt 0.478166 0.798306
vt 0.759458 0.971858
vt 0.745160 0.000000
vt 0.694415 0.836747
vt 0.744793 0.836747
vt 0.553195 0.808606
vt 0.478166 0.798306
vt 0.917767 0.287315
vt 0.297729 0.961559
vt 0.736210 0.710302
vt 0.771251 0.287315
vt 0.917767 0.287315
vt 0.834371 0.791928
vt 0.736210 0.710302
vt 0.801212 0.287315
vt 0.635470 0.528967
vt 0.000000 0.798306
vt 0.297729 0.856476
vt 0.791635 0.971858
vt 0.902643 0.287315
vt 0.618875 0.510885
vt 0.527368 0.285455
vt 0.828509 0.873554
vt 0.963026 0.287315
vt 0.722707 0.567216
vt 0.719604 0.836747
vt 0.912945 0.810010
vt 0.850945 0.574631
vt 0.719604 0.836747
vt 0.643413 0.836747
vt 0.334603 0.896610
vt 0.694415 0.836747
vt 0.675979 0.918374
vt 0.872395 0.287315
vt 0.759458 0.971858
vt 0.826428 0.710302
vt 0.719604 0.836747
vt 0.875332 0.943856
vt 0.975350 0.287315
vt 0.710383 0.510885
vt 0.353040 0.896610
vt 0.810072 0.873554
vt 0.963026 0.574631
vt 0.297729 0.961559
vt 0.694415 1.000000
vt 0.651088 0.836747
vt 0.687525 0.000000
vt 0.635470 0.528967
vt 0.737794 0.550736
vt 0.740911 0.225430
vt 0.826428 0.575052
vt 0.090218 0.826448
vt 0.651088 0.836747
vt 0.917767 0.287315
vt 0.745160 0.287315
vt 0.116045 0.798306
vt 0.527368 0.963193
vt 0.527367 0.000000
vt 0.675979 0.918374
vt 0.503056 0.924752
vt 0.651088 0.963193
vt 0.887757 0.810010
vt 0.745160 0.287315
vt 0.740911 0.443260
vt 0.334603 0.896610
vt 0.879814 0.575052
vt 0.618875 0.510885
vt 0.963026 0.000000
vt 0.917767 0.000000
vt 0.276203 0.938103
vt 0.687525 0.443260
vt 0.850945 0.000000
vt 0.643413 0.836747
vt 0.828463 0.287315
vt 0.602280 0.610593
vt 0.791635 0.873554
vt 0.947939 0.574631
vt 0.828463 0.000000
vt 0.879814 0.710302
vt 0.687525 0.510885
vt 0.744793 0.936456
vt 0.963026 0.287315
vt 0.887519 0.000000
vt 0.316166 0.896610
vt 0.297729 0.879932
vt 0.975350 0.000000
vt 0.000000 0.798306
vt 0.441333 0.838440
vt 0.740911 0.443260
vt 0.503056 0.798306
vt 0.828463 0.574631
vt 0.834371 0.710302
vt 0.740911 0.000000
vt 0.580753 0.000000
vt 0.687525 0.000000
vt 0.771251 0.287315
vt 0.740911 0.225430
vt 0.722707 0.510885
vt 0.297729 0.896610
vt 0.222817 0.821762
vt 0.887519 0.000000
vt 0.775547 0.971858
vt 0.651088 0.963193
vt 0.276203 0.879932
vt 0.527368 0.510885
vt 0.722707 0.510885
vt 0.932853 0.574631
vt 0.687525 0.000000
vt 0.316166 0.896610
vt 0.775547 0.873554
vt 0.801212 0.574631
vt 0.710383 0.510885
vt 0.810072 0.955181
vt 0.441333 0.838440
vt 0.222817 0.798306
vt 0.963026 0.000000
vt 0.812844 0.733758
vt 0.812844 0.850098
vt 0.791635 0.971858
vt 0.602280 0.610593
vt 0.828463 0.287315
vt 0.947939 0.287315
vt 0.527368 0.067625
vt 0.634139 0.285455
vt 0.850945 0.574631
vt 0.316166 0.978236
vt 1.000000 0.000000
vt 0.826428 0.710302
vt 0.675979 0.963193
vt 0.478166 0.798306
vt 0.745160 0.287315
vt 0.116045 0.924752
vt 0.000000 0.826448
vt 0.902643 0.287315
vt 0.975350 0.287315
vt 0.975350 0.287315
vt 0.297729 0.896610
vt 0.834371 0.710302
vt 0.297729 0.978236
vt 0.775547 0.971858
vt 0.775547 0.873554
vt 0.441333 0.896610
vt 0.771251 0.574631
vt 0.733631 0.710302
vt 0.834371 0.943856
vt 0.371477 0.920066
vt 0.850945 0.000000
vt 0.887519 0.287315
vt 0.879814 0.710302
vt 0.297729 0.961559
vt 0.710383 0.527364
vt 0.503056 0.924752
vt 0.687525 0.443260
vt 0.687525 0.510885
vt 0.334603 0.920066
vt 0.975350 0.287315
vt 0.759458 0.971858
vt 0.441333 0.896610
vt 0.527368 0.710302
vt 0.947939 0.287315
vt 0.116045 0.798306
vt 0.719604 0.836747
vt 0.801212 0.287315
vt 0.643413 0.808606
vt 0.912945 0.810010
vt 0.694415 0.836747
vt 0.834371 0.873554
vt 0.834371 0.710302
vt 0.887519 0.287315
vt 0.589228 0.836747
vt 0.775547 0.971858
vt 0.580753 0.285455
vt 0.710383 0.510885
vt 0.947939 0.287315
vt 0.775547 0.971858
vt 0.553195 0.710302
vt 1.000000 0.574631
vt 0.222817 0.821762
vt 0.687525 0.000000
vt 0.736210 0.611998
vt 0.618875 0.510885
vt 0.618875 0.710302
vt 0.737794 0.550736
vt 0.580753 0.510885
vt 0.478166 0.924752
vt 0.527368 0.710302
vt 0.850945 0.287315
vt 0.745160 0.574631
vt 0.297729 0.896610
vt 0.527368 0.710302
vt 0.801212 0.000000
vt 0.589228 0.963193
vt 0.527368 0.000000
vt 0.826428 0.710302
vt 0.527368 0.836747
vt 0.887519 0.574631
vt 0.634139 0.510885
vt 0.759458 0.850098
vt 0.000000 0.798306
vt 0.745160 0.000000
vt 0.527368 0.528967
vt 0.812844 0.791928
vt 0.932853 0.000000
vt 0.791635 0.971858
vt 0.503056 0.879932
vt 0.276203 0.879932
vt 0.879814 0.710302
vt 0.740911 0.287315
vt 0.527368 0.067625
vt 0.634139 0.067625
vt 0.775547 0.873554
vt 0.917767 0.000000
vt 0.527368 0.798306
vt 0.759458 0.873554
vt 0.553195 0.808606
vt 0.828463 0.574631
vt 0.912945 0.710302
vt 0.602280 0.528967
vt 0.854852 0.845552
vt 0.854852 0.943856
vt 0.740911 0.000000
vt 0.675979 0.836747
vt 0.675979 0.836747
vt 0.828463 0.000000
vt 0.759458 0.710302
vt 0.580753 0.285455
vt 0.801212 0.000000
vt 0.503056 0.798306
vt 0.643413 0.808606
vt 0.775547 0.873554
vt 0.387948 0.896610
vt 0.902643 0.574631
vt 0.527368 0.510885
vt 0.353040 0.896610
vt 0.602280 0.528967
vt 0.828463 0.000000
vt 0.987675 0.287315
vt 0.694415 0.918374
vt 0.694415 0.836747
vt 0.872395 0.574631
vt 0.222817 0.933556
vt 0.810072 0.955181
vt 0.353040 0.920066
vt 0.580753 0.000000
vt 0.947939 0.287315
vt 0.553195 0.808606
vt 0.759458 0.873554
vt 0.297729 0.978236
vt 0.736210 0.611998
vt 0.801212 0.000000
vt 0.963026 0.000000
vt 0.316166 0.978236
vt 0.527368 0.963193
vt 0.975350 0.574631
vt 0.675979 1.000000
vt 0.775547 0.971858
vt 0.589228 0.963193
vt 0.694415 0.918374
vt 0.872395 0.287315
vt 0.527368 0.836747
vt 0.503056 0.879932
vt 0.834371 0.943856
vt 0.334603 0.978236
vt 0.917767 0.574631
vt 0.850945 0.574631
vt 0.810072 0.955181
vt 0.687525 0.225430
vt 0.740911 0.000000
vt 0.634139 0.067625
vt 0.222817 0.798306
vt 0.353040 0.920066
vt 0.618875 0.710302
vt 0.740911 0.287315
vt 0.687525 0.067625
vt 0.222817 0.961559
vt 0.635470 0.610593
vt 0.710383 0.528967
vt 0.771251 0.574631
vt 0.297729 0.798306
vt 0.963026 0.574631
vt 0.634139 0.000000
vt 0.759458 0.971858
vt 0.850945 0.287315
vt 0.791635 0.873554
vt 0.834371 0.943856
vt 0.635470 0.528967
vt 0.527368 0.067625
vt 0.963026 0.287315
vt 0.854852 0.943856
vt 0.902643 0.000000
vt 0.527368 0.000000
vt 0.759458 0.971858
vt 0.975350 0.574631
vt 0.771251 0.000000
vt 0.222817 0.821762
vt 0.478166 0.798306
vt 0.000000 0.000000
vt 0.675979 0.836747
vt 0.643413 0.808606
vt 0.441333 0.896610
vt 0.618875 0.510885
vt 0.589228 0.836747
vt 0.722707 0.527364
vt 0.651088 0.963193
vt 0.828463 0.574631
vt 0.521493 0.798306
vt 0.687525 0.285455
vt 0.872395 0.287315
vt 0.987675 0.287315
vt 0.000000 0.798306
vt 0.710383 0.510885
vt 0.828463 0.574631
vt 0.733631 0.808606
vt 0.771251 0.574631
vt 0.740911 0.510885
vt 0.589228 0.963193
vt 0.963026 0.287315
vt 0.263684 0.798306
vt 0.527368 0.285455
vt 0.316166 0.978236
vt 0.759458 0.873554
vt 0.801212 0.287315
vt 0.222817 0.933556
vt 0.634139 0.510885
vt 0.879814 0.575052
vt 0.828463 0.574631
vt 0.710383 0.510885
vt 0.651088 0.836747
vt 0.722707 0.550736
vt 0.850945 0.574631
vt 0.850945 0.287315
vt 0.527368 0.836747
vt 0.854852 0.943856
vt 0.745160 0.574631
vt 0.371477 0.896610
vt 0.371477 0.920066
vt 0.875332 0.845552
vt 0.854852 0.943856
vt 0.917767 0.574631
vt 0.710383 0.710302
vt 0.297729 0.896610
vt 0.902643 0.000000
vt 0.850945 0.574631
vt 0.932853 0.000000
vt 0.000000 0.798306
vt 0.634139 0.067625
vt 0.887519 0.000000
vt 0.687525 0.000000
vt 0.879814 0.575052
vt 0.553195 0.710302
vt 0.643413 0.808606
vt 0.634139 0.285455
vt 0.737794 0.527364
vt 0.643413 0.710302
vt 0.521493 0.798306
vt 0.371477 0.896610
vt 0.527368 0.798306
vt 0.887519 0.287315
vt 0.759458 0.850098
vt 0.297729 0.879932
vt 0.872395 0.000000
vt 0.759458 0.836747
vt 0.643413 0.836747
vt 0.441333 0.838440
vt 0.169431 0.933556
vt 0.826428 0.710302
vt 0.887519 0.287315
vt 0.553195 0.808606
vt 0.710383 0.583856
vt 0.719604 0.936456
vt 0.975350 0.574631
vt 0.722707 0.550736
vt 0.651088 0.963193
vt 0.389914 0.920066
vt 0.828463 0.000000
vt 0.297729 0.896610
vt 0.719604 0.936456
vt 0.618875 0.510885
vt 0.334603 0.978236
vt 0.887519 0.000000
vt 0.775547 0.873554
vt 0.733631 0.808606
vt 0.116045 0.924752
vt 0.710383 0.567216
vt 0.947939 0.287315
vt 0.527368 0.000000
vt 0.116045 0.924752
vt 0.947939 0.000000
vt 0.887757 0.909719
vt 0.441333 0.838440
vt 0.580753 0.285455
vt 0.687525 0.285455
vt 0.887757 0.710302
vt 0.975350 0.287315
vt 0.478166 0.896610
vt 0.759458 0.710302
vt 0.643413 0.836747
vt 0.733631 0.710302
vt 0.263684 0.798306
vt 0.975350 0.000000
vt 0.694415 0.836747
vt 0.521493 0.798306
vt 0.828463 0.574631
vt 0.478166 0.798306
vt 0.334603 0.978236
vt 0.351115 0.798306
vt 0.297729 0.856476
vt 0.478166 0.896610
vt 0.387948 0.798306
vt 0.902643 0.287315
vt 0.527368 0.963193
vt 0.826428 0.611998
vt 0.745160 0.574631
vt 0.850945 0.000000
vt 0.834371 0.943856
vt 0.812844 0.850098
vt 0.771251 0.287315
vt 0.812844 0.733758
vt 0.387948 0.896610
vt 0.694415 0.836747
vt 0.812844 0.791928
vt 0.834371 0.710302
vt 0.834371 0.873554
vt 0.987675 0.287315
vt 0.775547 0.971858
vt 0.643413 0.808606
vt 0.917767 0.000000
vt 0.987675 0.287315
vt 0.791635 0.955181
vt 0.854852 0.845552
vt 0.987675 0.574631
vt 0.719604 0.836747
vt 0.478166 0.798306
vt 0.826428 0.611998
vt 0.710383 0.583856
vt 0.740911 0.287315
vt 0.222817 0.938103
vt 0.580753 0.510885
vt 0.828463 0.287315
vt 0.371477 0.920066
vt 0.580753 0.510885
vt 1.000000 0.574631
vt 0.912945 0.810010
vt 1.000000 0.287315
vt 0.297729 0.856476
vt 0.651088 0.836747
vt 0.775547 0.971858
vt 0.722707 0.527364
vt 0.527368 0.710302
vt 0.527368 0.067625
vt 0.297729 0.879932
vt 0.810072 0.873554
vt 0.917767 0.574631
vt 0.887519 0.574631
vt 0.618875 0.510885
vt 0.744793 0.936456
vt 0.771251 0.574631
vt 0.503056 0.798306
vt 0.580753 0.000000
vt 0.408351 0.896610
vt 0.316166 0.896610
vt 0.737794 0.550736
vt 0.854852 0.845552
vt 0.710383 0.710302
vt 0.618875 0.510885
vt 0.775547 0.971858
vt 0.850945 0.000000
vt 0.902643 0.574631
vt 0.912945 0.909719
vt 0.854852 0.943856
vt 0.932853 0.287315
vt 0.834371 0.710302
vt 0.733631 0.808606
vt 0.527368 0.963193
vt 0.602280 0.692220
vt 0.722707 0.550736
vt 0.589228 0.836747
vt 0.353040 0.896610
vt 0.478166 0.798306
vt 0.521493 0.961559
vt 0.975350 0.287315
vt 0.740911 0.574631
vt 0.169431 0.798306
vt 0.875332 0.943856
vt 0.740911 0.287315
vt 0.887757 0.710302
vt 0.634139 0.000000
vt 0.478166 0.924752
vt 0.389914 0.920066
vt 0.527368 0.836747
vt 0.740911 0.574631
vt 0.975350 0.574631
vt 0.618875 0.610593
vt 0.710383 0.710302
vt 0.503056 0.879932
vt 0.719604 0.836747
vt 0.000000 0.798306
vt 0.987675 0.000000
vt 0.834371 0.873554
vt 0.834371 0.710302
vt 0.801212 0.574631
vt 0.553195 0.808606
vt 0.387948 0.798306
vt 1.000000 0.000000
vt 0.850945 0.287315
vt 0.687525 0.225430
vt 0.478166 0.798306
vt 0.850945 0.287315
vt 0.634139 0.510885
vt 0.963026 0.574631
vt 0.389914 0.896610
vt 0.553195 0.808606
vt 0.710383 0.527364
vt 0.887519 0.287315
vt 0.222817 0.798306
vt 0.791635 0.873554
vt 0.947939 0.000000
vt 0.297729 0.856476
vt 0.634139 0.285455
vt 0.791635 0.955181
vt 0.634139 0.000000
vt 0.902643 0.287315
vt 0.675979 0.963193
vt 0.687525 0.510885
vt 0.371477 0.920066
vt 0.589228 0.836747
vt 0.745160 0.000000
vt 0.987675 0.287315
vt 0.643413 0.836747
vt 0.675979 0.918374
vt 0.975350 0.574631
vt 0.775547 0.873554
vt 0.902643 0.000000
vt 0.371477 0.896610
vt 0.634139 0.285455
vt 0.710383 0.528967
vt 0.000000 0.798306
vt 0.740911 0.000000
vt 0.527368 0.285455
vt 0.687525 0.067625
vt 1.000000 0.574631
vt 0.902643 0.574631
vt 0.879814 0.710302
vt 0.634139 0.285455
vt 0.116045 0.933556
vt 0.902643 0.287315
vt 0.618875 0.510885
vt 0.775547 0.971858
vt 0.902643 0.287315
vt 0.963026 0.574631
vt 0.737794 0.527364
vt 0.503056 0.924752
vt 0.736210 0.611998
vt 0.771251 0.000000
vt 0.771251 0.574631
vt 0.887757 0.845552
vt 0.826428 0.583856
vt 0.759458 0.971858
vt 0.740911 0.000000
vt 0.745160 0.000000
vt 0.387948 0.798306
vt 0.527368 0.710302
vt 0.643413 0.836747
vt 0.902643 0.287315
vt 0.932853 0.287315
vt 0.771251 0.574631
vt 0.643413 0.836747
vt 0.775547 0.971858
vt 0.947939 0.000000
vt 0.503056 0.961559
vt 0.351115 0.856476
vt 0.580753 0.067625
vt 0.740911 0.443260
vt 0.634139 0.510885
vt 0.771251 0.000000
vt 0.759458 0.710302
vt 0.854852 0.943856
vt 0.371477 0.896610
vt 0.917767 0.574631
vt 0.722707 0.510885
vt 0.334603 0.920066
vt 0.618875 0.610593
vt 0.527367 0.000000
vt 0.710383 0.510885
vt 0.478166 0.924752
vt 0.000000 0.826448
vt 0.389914 0.896610
vt 0.527368 0.000000
vt 0.963026 0.287315
vt 0.854852 0.845552
vt 0.589228 0.963193
vt 0.618875 0.610593
vt 0.850945 0.000000
vt 0.710383 0.510885
vt 0.651088 0.836747
vt 0.527368 0.836747
vt 0.801212 0.287315
vt 0.353040 0.920066
vt 0.527368 0.000000
vt 0.694415 0.936456
vt 0.589228 0.963193
vn -0.000000 0.000000 1.000000
vn -0.000000 0.000000 1.000000
vn -0.000000 0.000000 1.000000
vn -0.000000 0.000000 1.000000
vn 0.000000 -1.000000 0.000000
vn 0.000000 -1.000000 0.000000
vn 0.000000 -1.000000 0.000000
vn 0.000000 -1.000000 0.000000
vn -0.000000 1.000000 -0.000000
vn -0.000000 1.000000 -0.000000
vn -0.000000 1.000000 -0.000000
vn -0.000000 1.000000 -0.000000
vn -0.000000 0.000000 1.000000
vn -0.000000 0.000000 1.000000
vn -0.000000 0.000000 1.000000
vn -0.000000 0.000000 1.000000
vn -0.000000 1.000000 -0.000000
vn -0.000000 1.000000 -0.000000
vn -0.000000 1.000000 -0.000000
vn -0.000000 1.000000 -0.000000
vn -0.000000 0.000000 1.000000
vn -0.000000 0.000000 1.000000
vn -0.000000 0.000000 1.000000
vn -0.000000 0.000000 1.000000
vn 0.000000 -1.000000 0.000000
vn 0.000000 -1.000000 0.000000
vn 0.000000 -1.000000 0.000000
vn 0.000000 -1.000000 0.000000
vn -0.000000 1.000000 -0.000000
vn -0.000000 1.000000 -0.000000
vn -0.000000 1.000000 -0.000000
vn -0.000000 1.000000 -0.000000
vn -0.000000 0.707107 0.707107
vn -0.000000 0.707107 0.707107
vn -0.000000 0.707107 0.707107
vn -0.000000 0.707107 0.707107
vn -0.000000 0.000000 1.000000
vn -0.000000 0.000000 1.000000
vn -0.000000 0.000000 1.000000
vn -0.000000 0.000000 1.000000
vn -0.000000 0.000000 1.000000
vn -0.000000 0.000000 1.000000
vn -0.000000 0.000000 1.000000
vn -0.000000 0.000000 1.000000
vn -0.000000 1.000000 -0.000000
vn -0.000000 1.000000 -0.000000
vn -0.000000 1.000000 -0.000000
vn -0.000000 1.000000 -0.000000
vn -0.000000 1.000000 -0.000000
vn -0.000000 1.000000 -0.000000
vn -0.000000 1.000000 -0.000000
vn -0.000000 1.000000 -0.000000
vn -0.000000 1.000000 -0.000000
vn -0.000000 1.000000 -0.000000
vn -0.000000 1.000000 -0.000000
vn -0.000000 1.000000 -0.000000
vn -0.000000 0.000000 1.000000
vn -0.000000 0.000000 1.000000
vn -0.000000 0.000000 1.000000
vn -0.000000 0.000000 1.000000
vn -0.000000 0.000000 1.000000
vn -0.000000 0.000000 1.000000
vn -0.000000 0.000000 1.000000
vn -0.000000 0.000000 1.000000
vn 0.000000 -1.000000 0.000000
vn 0.000000 -1.000000 0.000000
vn 0.000000 -1.000000 0.000000
vn 0.000000 -1.000000 0.000000
vn -0.000000 1.000000 -0.000000
vn -0.000000 1.000000 -0.000000
vn -0.000000 1.000000 -0.000000
vn -0.000000 1.000000 -0.000000
vn -1.000000 -0.000000 -0.000000
vn -1.000000 -0.000000 -0.000000
vn -1.000000 -0.000000 -0.000000
vn -1.000000 -0.000000 -0.000000
vn -1.000000 -0.000000 -0.000000
vn -1.000000 -0.000000 -0.000000
vn -1.000000 -0.000000 -0.000000
vn -1.000000 -0.000000 -0.000000
vn -1.000000 -0.000000 -0.000000
vn -1.000000 -0.000000 -0.000000
vn -1.000000 -0.000000 -0.000000
vn -1.000000 -0.000000 -0.000000
vn -0.000000 0.000000 1.000000
vn -0.000000 0.000000 1.000000
vn -0.000000 0.000000 1.000000
vn -0.000000 0.000000 1.000000
vn -0.000000 1.000000 -0.000000
vn -0.000000 1.000000 -0.000000
vn -0.000000 1.000000 -0.000000
vn -0.000000 1.000000 -0.000000
vn -0.000000 0.000000 1.000000
vn -0.000000 0.000000 1.000000
vn -0.000000 0.000000 1.000000
vn -0.000000 0.000000 1.000000
vn 0.000000 -1.000000 0.000000
vn 0.000000 -1.000000 0.000000
vn 0.000000 -1.000000 0.000000
vn 0.000000 -1.000000 0.000000
vn -1.000000 -0.000000 -0.000000
vn -1.000000 -0.000000 -0.000000
vn -1.000000 -0.000000 -0.000000
vn -1.000000 -0.000000 -0.000000
vn -0.000000 1.000000 -0.000000
vn -0.000000 1.000000 -0.000000
vn -0.000000 1.000000 -0.000000
vn -0.000000 1.000000 -0.000000
vn -0.000000 0.707107 0.707107
vn -0.000000 0.707107 0.707107
vn -0.000000 0.707107 0.707107
vn -0.000000 0.707107 0.707107
vn -0.000000 0.000000 1.000000
vn -0.000000 0.000000 1.000000
vn -0.000000 0.000000 1.000000
vn -0.000000 0.000000 1.000000
vn -0.000000 0.000000 1.000000
vn -0.000000 0.000000 1.000000
vn -0.000000 0.000000 1.000000
vn -0.000000 0.000000 1.000000
vn -0.000000 1.000000 -0.000000
vn -0.000000 1.000000 -0.000000
vn -0.000000 1.000000 -0.000000
vn -0.000000 1.000000 -0.000000
vn -0.000000 1.000000 -0.000000
vn -0.000000 1.000000 -0.000000
vn -0.000000 1.000000 -0.000000
vn -0.000000 1.000000 -0.000000
vn -0.000000 1.000000 -0.000000
vn -0.000000 1.000000 -0.000000
vn -0.000000 1.000000 -0.000000
vn -0.000000 1.000000 -0.000000
vn -0.000000 0.000000 1.000000
vn -0.000000 0.000000 1.000000
vn -0.000000 0.000000 1.000000
vn -0.000000 0.000000 1.000000
vn -0.000000 0.000000 1.000000
vn -0.000000 0.000000 1.000000
vn -0.000000 0.000000 1.000000
vn -0.000000 0.000000 1.000000
vn -0.000000 0.000000 1.000000
vn -0.000000 0.000000 1.000000
vn -0.000000 0.000000 1.000000
vn -0.000000 0.000000 1.000000
vn 0.000000 -0.000000 -1.000000
vn 0.000000 -0.000000 -1.000000
vn 0.000000 -0.000000 -1.000000
vn 0.000000 -0.000000 -1.000000
vn 0.000000 -1.000000 0.000000
vn 0.000000 -1.000000 0.000000
vn 0.000000 -1.000000 0.000000
vn 0.000000 -1.000000 0.000000
vn -0.000000 1.000000 -0.000000
vn -0.000000 1.000000 -0.000000
vn -0.000000 1.000000 -0.000000
vn -0.000000 1.000000 -0.000000
vn 0.000000 -0.000000 -1.000000
vn 0.000000 -0.000000 -1.000000
vn 0.000000 -0.000000 -1.000000
vn 0.000000 -0.000000 -1.000000
vn -0.000000 1.000000 -0.000000
vn -0.000000 1.000000 -0.000000
vn -0.000000 1.000000 -0.000000
vn -0.000000 1.000000 -0.000000
vn 0.000000 -0.000000 -1.000000
vn 0.000000 -0.000000 -1.000000
vn 0.000000 -0.000000 -1.000000
vn 0.000000 -0.000000 -1.000000
vn 0.000000 -1.000000 0.000000
vn 0.000000 -1.000000 0.000000
vn 0.000000 -1.000000 0.000000
vn 0.000000 -1.000000 0.000000
vn -0.000000 1.000000 -0.000000
vn -0.000000 1.000000 -0.000000
vn -0.000000 1.000000 -0.000000
vn -0.000000 1.000000 -0.000000
vn 0.000000 0.707107 -0.707107
vn 0.000000 0.707107 -0.707107
vn 0.000000 0.707107 -0.707107
vn 0.000000 0.707107 -0.707107
vn 0.000000 -0.000000 -1.000000
vn 0.000000 -0.000000 -1.000000
vn 0.000000 -0.000000 -1.000000
vn 0.000000 -0.000000 -1.000000
vn 0.000000 -0.000000 -1.000000
vn 0.000000 -0.000000 -1.000000
vn 0.000000 -0.000000 -1.000000
vn 0.000000 -0.000000 -1.000000
vn -0.000000 1.000000 -0.000000
vn -0.000000 1.000000 -0.000000
vn -0.000000 1.000000 -0.000000
vn -0.000000 1.000000 -0.000000
vn -0.000000 1.000000 -0.000000
vn -0.000000 1.000000 -0.000000
vn -0.000000 1.000000 -0.000000
vn -0.000000 1.000000 -0.000000
vn -0.000000 1.000000 -0.000000
vn -0.000000 1.000000 -0.000000
vn -0.000000 1.000000 -0.000000
vn -0.000000 1.000000 -0.000000
vn 0.000000 -0.000000 -1.000000
vn 0.000000 -0.000000 -1.000000
vn 0.000000 -0.000000 -1.000000
vn 0.000000 -0.000000 -1.000000
vn 0.000000 -0.000000 -1.000000
vn 0.000000 -0.000000 -1.000000
vn 0.000000 -0.000000 -1.000000
vn 0.000000 -0.000000 -1.000000
vn 0.000000 -1.000000 0.000000
vn 0.000000 -1.000000 0.000000
vn 0.000000 -1.000000 0.000000
vn 0.000000 -1.000000 0.000000
vn -0.000000 1.000000 -0.000000
vn -0.000000 1.000000 -0.000000
vn -0.000000 1.000000 -0.000000
vn -0.000000 1.000000 -0.000000
vn -1.000000 -0.000000 -0.000000
vn -1.000000 -0.000000 -0.000000
vn -1.000000 -0.000000 -0.000000
vn -1.000000 -0.000000 -0.000000
vn -1.000000 -0.000000 -0.000000
vn -1.000000 -0.000000 -0.000000
vn -1.000000 -0.000000 -0.000000
vn -1.000000 -0.000000 -0.000000
vn -1.000000 -0.000000 -0.000000
vn -1.000000 -0.000000 -0.000000
vn -1.000000 -0.000000 -0.000000
vn -1.000000 -0.000000 -0.000000
vn 0.000000 -0.000000 -1.000000
vn 0.000000 -0.000000 -1.000000
vn 0.000000 -0.000000 -1.000000
vn 0.000000 -0.000000 -1.000000
vn -0.000000 1.000000 -0.000000
vn -0.000000 1.000000 -0.000000
vn -0.000000 1.000000 -0.000000
vn -0.000000 1.000000 -0.000000
vn 0.000000 -0.000000 -1.000000
vn 0.000000 -0.000000 -1.000000
vn 0.000000 -0.000000 -1.000000
vn 0.000000 -0.000000 -1.000000
vn 0.000000 -1.000000 0.000000
vn 0.000000 -1.000000 0.000000
vn 0.000000 -1.000000 0.000000
vn 0.000000 -1.000000 0.000000
vn -1.000000 -0.000000 -0.000000
vn -1.000000 -0.000000 -0.000000
vn -1.000000 -0.000000 -0.000000
vn -1.000000 -0.000000 -0.000000
vn -0.000000 1.000000 -0.000000
vn -0.000000 1.000000 -0.000000
vn -0.000000 1.000000 -0.000000
vn -0.000000 1.000000 -0.000000
vn 0.000000 0.707107 -0.707107
vn 0.000000 0.707107 -0.707107
vn 0.000000 0.707107 -0.707107
vn 0.000000 0.707107 -0.707107
vn 0.000000 -0.000000 -1.000000
vn 0.000000 -0.000000 -1.000000
vn 0.000000 -0.000000 -1.000000
vn 0.000000 -0.000000 -1.000000
vn 0.000000 -0.000000 -1.000000
vn 0.000000 -0.000000 -1.000000
vn 0.000000 -0.000000 -1.000000
vn 0.000000 -0.000000 -1.000000
vn -0.000000 1.000000 -0.000000
vn -0.000000 1.000000 -0.000000
vn -0.000000 1.000000 -0.000000
vn -0.000000 1.000000 -0.000000
vn -0.000000 1.000000 -0.000000
vn -0.000000 1.000000 -0.000000
vn -0.000000 1.000000 -0.000000
vn -0.000000 1.000000 -0.000000
vn -0.000000 1.000000 -0.000000
vn -0.000000 1.000000 -0.000000
vn -0.000000 1.000000 -0.000000
vn -0.000000 1.000000 -0.000000
vn 0.000000 -0.000000 -1.000000
vn 0.000000 -0.000000 -1.000000
vn 0.000000 -0.000000 -1.000000
vn 0.000000 -0.000000 -1.000000
vn 0.000000 -0.000000 -1.000000
vn 0.000000 -0.000000 -1.000000
vn 0.000000 -0.000000 -1.000000
vn 0.000000 -0.000000 -1.000000
vn 0.000000 -0.000000 -1.000000
vn 0.000000 -0.000000 -1.000000
vn 0.000000 -0.000000 -1.000000
vn 0.000000 -0.000000 -1.000000
vn -1.000000 -0.000000 -0.000000
vn -1.000000 -0.000000 -0.000000
vn -1.000000 -0.000000 -0.000000
vn -1.000000 -0.000000 -0.000000
vn 0.000000 -1.000000 0.000000
vn 0.000000 -1.000000 0.000000
vn 0.000000 -1.000000 0.000000
vn 0.000000 -1.000000 0.000000
vn -0.000000 1.000000 -0.000000
vn -0.000000 1.000000 -0.000000
vn -0.000000 1.000000 -0.000000
vn -0.000000 1.000000 -0.000000
vn -1.000000 -0.000000 -0.000000
vn -1.000000 -0.000000 -0.000000
vn -1.000000 -0.000000 -0.000000
vn -1.000000 -0.000000 -0.000000
vn -0.000000 1.000000 -0.000000
vn -0.000000 1.000000 -0.000000
vn -0.000000 1.000000 -0.000000
vn -0.000000 1.000000 -0.000000
vn -1.000000 -0.000000 -0.000000
vn -1.000000 -0.000000 -0.000000
vn -1.000000 -0.000000 -0.000000
vn -1.000000 -0.000000 -0.000000
vn 0.000000 -1.000000 0.000000
vn 0.000000 -1.000000 0.000000
vn 0.000000 -1.000000 0.000000
vn 0.000000 -1.000000 0.000000
vn -0.000000 1.000000 -0.000000
vn -0.000000 1.000000 -0.000000
vn -0.000000 1.000000 -0.000000
vn -0.000000 1.000000 -0.000000
vn -0.707107 0.707107 -0.000000
vn -0.707107 0.707107 -0.000000
vn -0.707107 0.707107 -0.000000
vn -0.707107 0.707107 -0.000000
vn -1.000000 -0.000000 -0.000000
vn -1.000000 -0.000000 -0.000000
vn -1.000000 -0.000000 -0.000000
vn -1.000000 -0.000000 -0.000000
vn -1.000000 -0.000000 -0.000000
vn -1.000000 -0.000000 -0.000000
vn -1.000000 -0.000000 -0.000000
vn -1.000000 -0.000000 -0.000000
vn -0.000000 1.000000 -0.000000
vn -0.000000 1.000000 -0.000000
vn -0.000000 1.000000 -0.000000
vn -0.000000 1.000000 -0.000000
vn -0.000000 1.000000 -0.000000
vn -0.000000 1.000000 -0.000000
vn -0.000000 1.000000 -0.000000
vn -0.000000 1.000000 -0.000000
vn -0.000000 1.000000 -0.000000
vn -0.000000 1.000000 -0.000000
vn -0.000000 1.000000 -0.000000
vn -0.000000 1.000000 -0.000000
vn -1.000000 -0.000000 -0.000000
vn -1.000000 -0.000000 -0.000000
vn -1.000000 -0.000000 -0.000000
vn -1.000000 -0.000000 -0.000000
vn -1.000000 -0.000000 -0.000000
vn -1.000000 -0.000000 -0.000000
vn -1.000000 -0.000000 -0.000000
vn -1.000000 -0.000000 -0.000000
vn 0.000000 -1.000000 0.000000
vn 0.000000 -1.000000 0.000000
vn 0.000000 -1.000000 0.000000
vn 0.000000 -1.000000 0.000000
vn -0.000000 1.000000 -0.000000
vn -0.000000 1.000000 -0.000000
vn -0.000000 1.000000 -0.000000
vn -0.000000 1.000000 -0.000000
vn -0.000000 0.000000 1.000000
vn -0.000000 0.000000 1.000000
vn -0.000000 0.000000 1.000000
vn -0.000000 0.000000 1.000000
vn -0.000000 0.000000 1.000000
vn -0.000000 0.000000 1.000000
vn -0.000000 0.000000 1.000000
vn -0.000000 0.000000 1.000000
vn -0.000000 0.000000 1.000000
vn -0.000000 0.000000 1.000000
vn -0.000000 0.000000 1.000000
vn -0.000000 0.000000 1.000000
vn -1.000000 -0.000000 -0.000000
vn -1.000000 -0.000000 -0.000000
vn -1.000000 -0.000000 -0.000000
vn -1.000000 -0.000000 -0.000000
vn -0.000000 1.000000 -0.000000
vn -0.000000 1.000000 -0.000000
vn -0.000000 1.000000 -0.000000
vn -0.000000 1.000000 -0.000000
vn -1.000000 -0.000000 -0.000000
vn -1.000000 -0.000000 -0.000000
vn -1.000000 -0.000000 -0.000000
vn -1.000000 -0.000000 -0.000000
vn 0.000000 -1.000000 0.000000
vn 0.000000 -1.000000 0.000000
vn 0.000000 -1.000000 0.000000
vn 0.000000 -1.000000 0.000000
vn -0.000000 0.000000 1.000000
vn -0.000000 0.000000 1.000000
vn -0.000000 0.000000 1.000000
vn -0.000000 0.000000 1.000000
vn -0.000000 1.000000 -0.000000
vn -0.000000 1.000000 -0.000000
vn -0.000000 1.000000 -0.000000
vn -0.000000 1.000000 -0.000000
vn -0.707107 0.707107 -0.000000
vn -0.707107 0.707107 -0.000000
vn -0.707107 0.707107 -0.000000
vn -0.707107 0.707107 -0.000000
vn -1.000000 -0.000000 -0.000000
vn -1.000000 -0.000000 -0.000000
vn -1.000000 -0.000000 -0.000000
vn -1.000000 -0.000000 -0.000000
vn -1.000000 -0.000000 -0.000000
vn -1.000000 -0.000000 -0.000000
vn -1.000000 -0.000000 -0.000000
vn -1.000000 -0.000000 -0.000000
vn -0.000000 1.000000 -0.000000
vn -0.000000 1.000000 -0.000000
vn -0.000000 1.000000 -0.000000
vn -0.000000 1.000000 -0.000000
vn -0.000000 1.000000 -0.000000
vn -0.000000 1.000000 -0.000000
vn -0.000000 1.000000 -0.000000
vn -0.000000 1.000000 -0.000000
vn -0.000000 1.000000 -0.000000
vn -0.000000 1.000000 -0.000000
vn -0.000000 1.000000 -0.000000
vn -0.000000 1.000000 -0.000000
vn -1.000000 -0.000000 -0.000000
vn -1.000000 -0.000000 -0.000000
vn -1.000000 -0.000000 -0.000000
vn -1.000000 -0.000000 -0.000000
vn -1.000000 -0.000000 -0.000000
vn -1.000000 -0.000000 -0.000000
vn -1.000000 -0.000000 -0.000000
vn -1.000000 -0.000000 -0.000000
vn -1.000000 -0.000000 -0.000000
vn -1.000000 -0.000000 -0.000000
vn -1.000000 -0.000000 -0.000000
vn -1.000000 -0.000000 -0.000000
vn 1.000000 0.000000 0.000000
vn 1.000000 0.000000 0.000000
vn 1.000000 0.000000 0.000000
vn 1.000000 0.000000 0.000000
vn 0.000000 -1.000000 0.000000
vn 0.000000 -1.000000 0.000000
vn 0.000000 -1.000000 0.000000
vn 0.000000 -1.000000 0.000000
vn -0.000000 1.000000 -0.000000
vn -0.000000 1.000000 -0.000000
vn -0.000000 1.000000 -0.000000
vn -0.000000 1.000000 -0.000000
vn 1.000000 0.000000 0.000000
vn 1.000000 0.000000 0.000000
vn 1.000000 0.000000 0.000000
vn 1.000000 0.000000 0.000000
vn -0.000000 1.000000 -0.000000
vn -0.000000 1.000000 -0.000000
vn -0.000000 1.000000 -0.000000
vn -0.000000 1.000000 -0.000000
vn 1.000000 0.000000 0.000000
vn 1.000000 0.000000 0.000000
vn 1.000000 0.000000 0.000000
vn 1.000000 0.000000 0.000000
vn 0.000000 -1.000000 0.000000
vn 0.000000 -1.000000 0.000000
vn 0.000000 -1.000000 0.000000
vn 0.000000 -1.000000 0.000000
vn -0.000000 1.000000 -0.000000
vn -0.000000 1.000000 -0.000000
vn -0.000000 1.000000 -0.000000
vn -0.000000 1.000000 -0.000000
vn 0.707107 0.707107 0.000000
vn 0.707107 0.707107 0.000000
vn 0.707107 0.707107 0.000000
vn 0.707107 0.707107 0.000000
vn 1.000000 0.000000 0.000000
vn 1.000000 0.000000 0.000000
vn 1.000000 0.000000 0.000000
vn 1.000000 0.000000 0.000000
vn 1.000000 0.000000 0.000000
vn 1.000000 0.000000 0.000000
vn 1.000000 0.000000 0.000000
vn 1.000000 0.000000 0.000000
vn -0.000000 1.000000 -0.000000
vn -0.000000 1.000000 -0.000000
vn -0.000000 1.000000 -0.000000
vn -0.000000 1.000000 -0.000000
vn -0.000000 1.000000 -0.000000
vn -0.000000 1.000000 -0.000000
vn -0.000000 1.000000 -0.000000
vn -0.000000 1.000000 -0.000000
vn -0.000000 1.000000 -0.000000
vn -0.000000 1.000000 -0.000000
vn -0.000000 1.000000 -0.000000
vn -0.000000 1.000000 -0.000000
vn 1.000000 0.000000 0.000000
vn 1.000000 0.000000 0.000000
vn 1.000000 0.000000 0.000000
vn 1.000000 0.000000 0.000000
vn 1.000000 0.000000 0.000000
vn 1.000000 0.000000 0.000000
vn 1.000000 0.000000 0.000000
vn 1.000000 0.000000 0.000000
vn 0.000000 -1.000000 0.000000
vn 0.000000 -1.000000 0.000000
vn 0.000000 -1.000000 0.000000
vn 0.000000 -1.000000 0.000000
vn -0.000000 1.000000 -0.000000
vn -0.000000 1.000000 -0.000000
vn -0.000000 1.000000 -0.000000
vn -0.000000 1.000000 -0.000000
vn -0.000000 0.000000 1.000000
vn -0.000000 0.000000 1.000000
vn -0.000000 0.000000 1.000000
vn -0.000000 0.000000 1.000000
vn -0.000000 0.000000 1.000000
vn -0.000000 0.000000 1.000000
vn -0.000000 0.000000 1.000000
vn -0.000000 0.000000 1.000000
vn -0.000000 0.000000 1.000000
vn -0.000000 0.000000 1.000000
vn -0.000000 0.000000 1.000000
vn -0.000000 0.000000 1.000000
vn 1.000000 0.000000 0.000000
vn 1.000000 0.000000 0.000000
vn 1.000000 0.000000 0.000000
vn 1.000000 0.000000 0.000000
vn -0.000000 1.000000 -0.000000
vn -0.000000 1.000000 -0.000000
vn -0.000000 1.000000 -0.000000
vn -0.000000 1.000000 -0.000000
vn 1.000000 0.000000 0.000000
vn 1.000000 0.000000 0.000000
vn 1.000000 0.000000 0.000000
vn 1.000000 0.000000 0.000000
vn 0.000000 -1.000000 0.000000
vn 0.000000 -1.000000 0.000000
vn 0.000000 -1.000000 0.000000
vn 0.000000 -1.000000 0.000000
vn -0.000000 0.000000 1.000000
vn -0.000000 0.000000 1.000000
vn -0.000000 0.000000 1.000000
vn -0.000000 0.000000 1.000000
vn -0.000000 1.000000 -0.000000
vn -0.000000 1.000000 -0.000000
vn -0.000000 1.000000 -0.000000
vn -0.000000 1.000000 -0.000000
vn 0.707107 0.707107 0.000000
vn 0.707107 0.707107 0.000000
vn 0.707107 0.707107 0.000000
vn 0.707107 0.707107 0.000000
vn 1.000000 0.000000 0.000000
vn 1.000000 0.000000 0.000000
vn 1.000000 0.000000 0.000000
vn 1.000000 0.000000 0.000000
vn 1.000000 0.000000 0.000000
vn 1.000000 0.000000 0.000000
vn 1.000000 0.000000 0.000000
vn 1.000000 0.000000 0.000000
vn -0.000000 1.000000 -0.000000
vn -0.000000 1.000000 -0.000000
vn -0.000000 1.000000 -0.000000
vn -0.000000 1.000000 -0.000000
vn -0.000000 1.000000 -0.000000
vn -0.000000 1.000000 -0.000000
vn -0.000000 1.000000 -0.000000
vn -0.000000 1.000000 -0.000000
vn -0.000000 1.000000 -0.000000
vn -0.000000 1.000000 -0.000000
vn -0.000000 1.000000 -0.000000
vn -0.000000 1.000000 -0.000000
vn 1.000000 0.000000 0.000000
vn 1.000000 0.000000 0.000000
vn 1.000000 0.000000 0.000000
vn 1.000000 0.000000 0.000000
vn 1.000000 0.000000 0.000000
vn 1.000000 0.000000 0.000000
vn 1.000000 0.000000 0.000000
vn 1.000000 0.000000 0.000000
vn 1.000000 0.000000 0.000000
vn 1.000000 0.000000 0.000000
vn 1.000000 0.000000 0.000000
vn 1.000000 0.000000 0.000000
vn 1.000000 0.000000 0.000000
vn 1.000000 0.000000 0.000000
vn 1.000000 0.000000 0.000000
vn 1.000000 0.000000 0.000000
vn -0.000000 1.000000 -0.000000
vn -0.000000 1.000000 -0.000000
vn -0.000000 1.000000 -0.000000
vn -0.000000 1.000000 -0.000000
vn -0.000000 -0.000000 1.000000
vn -0.000000 -0.000000 1.000000
vn -0.000000 -0.000000 1.000000
vn -0.000000 -0.000000 1.000000
vn 1.000000 0.000000 0.000000
vn 1.000000 0.000000 0.000000
vn 1.000000 0.000000 0.000000
vn 1.000000 0.000000 0.000000
vn 0.000000 -1.000000 0.000000
vn 0.000000 -1.000000 0.000000
vn 0.000000 -1.000000 0.000000
vn 0.000000 -1.000000 0.000000
vn -0.000000 1.000000 -0.000000
vn -0.000000 1.000000 -0.000000
vn -0.000000 1.000000 -0.000000
vn -0.000000 1.000000 -0.000000
vn 1.000000 0.000000 0.000000
vn 1.000000 0.000000 0.000000
vn 1.000000 0.000000 0.000000
vn 1.000000 0.000000 0.000000
vn 0.000000 -1.000000 0.000000
vn 0.000000 -1.000000 0.000000
vn 0.000000 -1.000000 0.000000
vn 0.000000 -1.000000 0.000000
vn -0.000000 0.000000 1.000000
vn -0.000000 0.000000 1.000000
vn -0.000000 0.000000 1.000000
vn -0.000000 0.000000 1.000000
vn 1.000000 0.000000 0.000000
vn 1.000000 0.000000 0.000000
vn 1.000000 0.000000 0.000000
vn 1.000000 0.000000 0.000000
vn 1.000000 0.000000 0.000000
vn 1.000000 0.000000 0.000000
vn 1.000000 0.000000 0.000000
vn 1.000000 0.000000 0.000000
vn -0.000000 1.000000 -0.000000
vn -0.000000 1.000000 -0.000000
vn -0.000000 1.000000 -0.000000
vn -0.000000 1.000000 -0.000000
vn 0.000000 -1.000000 0.000000
vn 0.000000 -1.000000 0.000000
vn 0.000000 -1.000000 0.000000
vn 0.000000 -1.000000 0.000000
vn 1.000000 0.000000 0.000000
vn 1.000000 0.000000 0.000000
vn 1.000000 0.000000 0.000000
vn 1.000000 0.000000 0.000000
vn 0.000000 -0.000000 -1.000000
vn 0.000000 -0.000000 -1.000000
vn 0.000000 -0.000000 -1.000000
vn 0.000000 -0.000000 -1.000000
vn -0.000000 0.000000 1.000000
vn -0.000000 0.000000 1.000000
vn -0.000000 0.000000 1.000000
vn -0.000000 0.000000 1.000000
vn -0.000000 1.000000 0.000003
vn -0.000000 1.000000 0.000003
vn -0.000000 1.000000 0.000003
vn -0.000000 1.000000 0.000003
vn -0.000000 0.000000 1.000000
vn -0.000000 0.000000 1.000000
vn -0.000000 0.000000 1.000000
vn -0.000000 0.000000 1.000000
vn 0.000000 -0.000000 -1.000000
vn 0.000000 -0.000000 -1.000000
vn 0.000000 -0.000000 -1.000000
vn 0.000000 -0.000000 -1.000000
vn 0.000000 -1.000000 0.000000
vn 0.000000 -1.000000 0.000000
vn 0.000000 -1.000000 0.000000
vn 0.000000 -1.000000 0.000000
vn -0.000000 0.000000 1.000000
vn -0.000000 0.000000 1.000000
vn -0.000000 0.000000 1.000000
vn -0.000000 0.000000 1.000000
vn 0.000000 -1.000000 0.000000
vn 0.000000 -1.000000 0.000000
vn 0.000000 -1.000000 0.000000
vn 0.000000 -1.000000 0.000000
vn -0.000000 0.000000 1.000000
vn -0.000000 0.000000 1.000000
vn -0.000000 0.000000 1.000000
vn -0.000000 0.000000 1.000000
vn 0.000000 -0.000000 -1.000000
vn 0.000000 -0.000000 -1.000000
vn 0.000000 -0.000000 -1.000000
vn 0.000000 -0.000000 -1.000000
vn -0.000000 1.000000 -0.000000
vn -0.000000 1.000000 -0.000000
vn -0.000000 1.000000 -0.000000
vn -0.000000 1.000000 -0.000000
vn -0.000000 0.000000 1.000000
vn -0.000000 0.000000 1.000000
vn -0.000000 0.000000 1.000000
vn -0.000000 0.000000 1.000000
vn 0.000000 -1.000000 0.000000
vn 0.000000 -1.000000 0.000000
vn 0.000000 -1.000000 0.000000
vn 0.000000 -1.000000 0.000000
vn -0.000000 1.000000 -0.000000
vn -0.000000 1.000000 -0.000000
vn -0.000000 1.000000 -0.000000
vn -0.000000 1.000000 -0.000000
vn -0.000000 1.000000 -0.000000
vn -0.000000 1.000000 -0.000000
vn -0.000000 1.000000 -0.000000
vn -0.000000 1.000000 -0.000000
vn 1.000000 0.000000 0.000000
vn 1.000000 0.000000 0.000000
vn 1.000000 0.000000 0.000000
vn 1.000000 0.000000 0.000000
vn 0.000000 -1.000000 0.000000
vn 0.000000 -1.000000 0.000000
vn 0.000000 -1.000000 0.000000
vn 0.000000 -1.000000 0.000000
vn 1.000000 0.000000 0.000000
vn 1.000000 0.000000 0.000000
vn 1.000000 0.000000 0.000000
vn 1.000000 0.000000 0.000000
vn 0.000000 0.000000 -1.000000
vn 0.000000 0.000000 -1.000000
vn 0.000000 0.000000 -1.000000
vn 0.000000 0.000000 -1.000000
vn -0.000000 -0.000000 1.000000
vn -0.000000 -0.000000 1.000000
vn -0.000000 -0.000000 1.000000
vn -0.000000 -0.000000 1.000000
vn 1.000000 0.000000 0.000000
vn 1.000000 0.000000 0.000000
vn 1.000000 0.000000 0.000000
vn 1.000000 0.000000 0.000000
vn 0.000000 -0.000000 -1.000000
vn 0.000000 -0.000000 -1.000000
vn 0.000000 -0.000000 -1.000000
vn 0.000000 -0.000000 -1.000000
vn 1.000000 0.000000 0.000000
vn 1.000000 0.000000 0.000000
vn 1.000000 0.000000 0.000000
vn 1.000000 0.000000 0.000000
vn -0.000000 -0.000000 1.000000
vn -0.000000 -0.000000 1.000000
vn -0.000000 -0.000000 1.000000
vn -0.000000 -0.000000 1.000000
vn -1.000000 -0.000000 -0.000000
vn -1.000000 -0.000000 -0.000000
vn -1.000000 -0.000000 -0.000000
vn -1.000000 -0.000000 -0.000000
vn -0.000000 1.000000 -0.000000
vn -0.000000 1.000000 -0.000000
vn -0.000000 1.000000 -0.000000
vn -0.000000 1.000000 -0.000000
vn -0.000000 1.000000 -0.000000
vn -0.000000 1.000000 -0.000000
vn -0.000000 1.000000 -0.000000
vn -0.000000 1.000000 -0.000000
vn 0.000000 -1.000000 0.000000
vn 0.000000 -1.000000 0.000000
vn 0.000000 -1.000000 0.000000
vn 0.000000 -1.000000 0.000000
vn 0.000000 -1.000000 -0.000002
vn 0.000000 -1.000000 -0.000002
vn 0.000000 -1.000000 -0.000002
vn 0.000000 -1.000000 -0.000002
vn 0.000000 -1.000000 0.000000
vn 0.000000 -1.000000 0.000000
vn 0.000000 -1.000000 0.000000
vn 0.000000 -1.000000 0.000000
vn 0.000000 -1.000000 0.000002
vn 0.000000 -1.000000 0.000002
vn 0.000000 -1.000000 0.000002
vn 0.000000 -1.000000 0.000002
vn -1.000000 -0.000000 -0.000000
vn -1.000000 -0.000000 -0.000000
vn -1.000000 -0.000000 -0.000000
vn -1.000000 -0.000000 -0.000000
vn -1.000000 -0.000000 -0.000000
vn -1.000000 -0.000000 -0.000000
vn -1.000000 -0.000000 -0.000000
vn -1.000000 -0.000000 -0.000000
vn -0.000000 -0.000000 1.000000
vn -0.000000 -0.000000 1.000000
vn -0.000000 -0.000000 1.000000
vn -0.000000 -0.000000 1.000000
vn -0.000000 0.000000 1.000000
vn -0.000000 0.000000 1.000000
vn -0.000000 0.000000 1.000000
vn -0.000000 0.000000 1.000000
vn 1.000000 0.000000 0.000000
vn 1.000000 0.000000 0.000000
vn 1.000000 0.000000 0.000000
vn 1.000000 0.000000 0.000000
vn 1.000000 0.000000 0.000000
vn 1.000000 0.000000 0.000000
vn 1.000000 0.000000 0.000000
vn 1.000000 0.000000 0.000000
vn 0.000000 -0.000000 -1.000000
vn 0.000000 -0.000000 -1.000000
vn 0.000000 -0.000000 -1.000000
vn 0.000000 -0.000000 -1.000000
vn -0.000000 -0.000000 -1.000000
vn -0.000000 -0.000000 -1.000000
vn -0.000000 -0.000000 -1.000000
vn -0.000000 -0.000000 -1.000000
vn 1.000000 0.000000 0.000000
vn 1.000000 0.000000 0.000000
vn 1.000000 0.000000 0.000000
vn 1.000000 0.000000 0.000000
vn 0.000000 -1.000000 -0.000003
vn 0.000000 -1.000000 -0.000003
vn 0.000000 -1.000000 -0.000003
vn 0.000000 -1.000000 -0.000003
vn -0.000000 1.000000 -0.000000
vn -0.000000 1.000000 -0.000000
vn -0.000000 1.000000 -0.000000
vn -0.000000 1.000000 -0.000000
vn 0.000000 -1.000000 0.000000
vn 0.000000 -1.000000 0.000000
vn 0.000000 -1.000000 0.000000
vn 0.000000 -1.000000 0.000000
vn -0.000000 1.000000 0.000003
vn -0.000000 1.000000 0.000003
vn -0.000000 1.000000 0.000003
vn -0.000000 1.000000 0.000003
vn 0.000000 -1.000000 0.000003
vn 0.000000 -1.000000 0.000003
vn 0.000000 -1.000000 0.000003
vn 0.000000 -1.000000 0.000003
vn 0.000000 -1.000000 0.000000
vn 0.000000 -1.000000 0.000000
vn 0.000000 -1.000000 0.000000
vn 0.000000 -1.000000 0.000000
vn 1.000000 0.000000 0.000000
vn 1.000000 0.000000 0.000000
vn 1.000000 0.000000 0.000000
vn 1.000000 0.000000 0.000000
vn -0.000000 1.000000 -0.000000
vn -0.000000 1.000000 -0.000000
vn -0.000000 1.000000 -0.000000
vn -0.000000 1.000000 -0.000000
vn 1.000000 0.000000 0.000000
vn 1.000000 0.000000 0.000000
vn 1.000000 0.000000 0.000000
vn 1.000000 0.000000 0.000000
vn 0.000000 -1.000000 0.000000
vn 0.000000 -1.000000 0.000000
vn 0.000000 -1.000000 0.000000
vn 0.000000 -1.000000 0.000000
vn -0.000000 1.000000 -0.000000
vn -0.000000 1.000000 -0.000000
vn -0.000000 1.000000 -0.000000
vn -0.000000 1.000000 -0.000000
vn 1.000000 0.000000 0.000000
vn 1.000000 0.000000 0.000000
vn 1.000000 0.000000 0.000000
vn 1.000000 0.000000 0.000000
vn 0.000000 -1.000000 0.000000
vn 0.000000 -1.000000 0.000000
vn 0.000000 -1.000000 0.000000
vn 0.000000 -1.000000 0.000000
vn 1.000000 0.000000 0.000000
vn 1.000000 0.000000 0.000000
vn 1.000000 0.000000 0.000000
vn 1.000000 0.000000 0.000000
vn 1.000000 0.000000 0.000000
vn 1.000000 0.000000 0.000000
vn 1.000000 0.000000 0.000000
vn 1.000000 0.000000 0.000000
vn -0.000000 1.000000 -0.000000
vn -0.000000 1.000000 -0.000000
vn -0.000000 1.000000 -0.000000
vn -0.000000 1.000000 -0.000000
vn 0.000000 -1.000000 0.000000
vn 0.000000 -1.000000 0.000000
vn 0.000000 -1.000000 0.000000
vn 0.000000 -1.000000 0.000000
vn 1.000000 0.000000 0.000000
vn 1.000000 0.000000 0.000000
vn 1.000000 0.000000 0.000000
vn 1.000000 0.000000 0.000000
vn -0.000000 1.000000 -0.000003
vn -0.000000 1.000000 -0.000003
vn -0.000000 1.000000 -0.000003
vn -0.000000 1.000000 -0.000003
vn 0.000000 -0.000000 -1.000000
vn 0.000000 -0.000000 -1.000000
vn 0.000000 -0.000000 -1.000000
vn 0.000000 -0.000000 -1.000000
vn 0.000000 -1.000000 0.000000
vn 0.000000 -1.000000 0.000000
vn 0.000000 -1.000000 0.000000
vn 0.000000 -1.000000 0.000000
vn 0.000000 -0.000000 -1.000000
vn 0.000000 -0.000000 -1.000000
vn 0.000000 -0.000000 -1.000000
vn 0.000000 -0.000000 -1.000000
vn 0.000000 -1.000000 0.000000
vn 0.000000 -1.000000 0.000000
vn 0.000000 -1.000000 0.000000
vn 0.000000 -1.000000 0.000000
vn 0.000000 -0.000000 -1.000000
vn 0.000000 -0.000000 -1.000000
vn 0.000000 -0.000000 -1.000000
vn 0.000000 -0.000000 -1.000000
vn -0.000000 1.000000 -0.000000
vn -0.000000 1.000000 -0.000000
vn -0.000000 1.000000 -0.000000
vn -0.000000 1.000000 -0.000000
vn 0.000000 -0.000000 -1.000000
vn 0.000000 -0.000000 -1.000000
vn 0.000000 -0.000000 -1.000000
vn 0.000000 -0.000000 -1.000000
vn 0.000000 -1.000000 0.000000
vn 0.000000 -1.000000 0.000000
vn 0.000000 -1.000000 0.000000
vn 0.000000 -1.000000 0.000000
vn -0.000000 1.000000 -0.000000
vn -0.000000 1.000000 -0.000000
vn -0.000000 1.000000 -0.000000
vn -0.000000 1.000000 -0.000000
vn -0.000000 1.000000 -0.000000
vn -0.000000 1.000000 -0.000000
vn -0.000000 1.000000 -0.000000
vn -0.000000 1.000000 -0.000000
vn 1.000000 0.000000 0.000000
vn 1.000000 0.000000 0.000000
vn 1.000000 0.000000 0.000000
vn 1.000000 0.000000 0.000000
vn 0.000000 -1.000000 0.000000
vn 0.000000 -1.000000 0.000000
vn 0.000000 -1.000000 0.000000
vn 0.000000 -1.000000 0.000000
vn 1.000000 0.000000 0.000000
vn 1.000000 0.000000 0.000000
vn 1.000000 0.000000 0.000000
vn 1.000000 0.000000 0.000000
vn -0.000000 1.000000 -0.000000
vn -0.000000 1.000000 -0.000000
vn -0.000000 1.000000 -0.000000
vn -0.000000 1.000000 -0.000000
vn -0.000000 1.000000 -0.000000
vn -0.000000 1.000000 -0.000000
vn -0.000000 1.000000 -0.000000
vn -0.000000 1.000000 -0.000000
vn -1.000000 -0.000000 -0.000000
vn -1.000000 -0.000000 -0.000000
vn -1.000000 -0.000000 -0.000000
vn -1.000000 -0.000000 -0.000000
vn 1.000000 0.000000 0.000000
vn 1.000000 0.000000 0.000000
vn 1.000000 0.000000 0.000000
vn 1.000000 0.000000 0.000000
vn -0.000000 1.000000 -0.000000
vn -0.000000 1.000000 -0.000000
vn -0.000000 1.000000 -0.000000
vn -0.000000 1.000000 -0.000000
vn -0.000000 1.000000 -0.000002
vn -0.000000 1.000000 -0.000002
vn -0.000000 1.000000 -0.000002
vn -0.000000 1.000000 -0.000002
vn -1.000000 -0.000000 -0.000000
vn -1.000000 -0.000000 -0.000000
vn -1.000000 -0.000000 -0.000000
vn -1.000000 -0.000000 -0.000000
vn -1.000000 -0.000000 -0.000000
vn -1.000000 -0.000000 -0.000000
vn -1.000000 -0.000000 -0.000000
vn -1.000000 -0.000000 -0.000000
vn 0.000000 0.000000 -1.000000
vn 0.000000 0.000000 -1.000000
vn 0.000000 0.000000 -1.000000
vn 0.000000 0.000000 -1.000000
vn 0.000000 0.000000 -1.000000
vn 0.000000 0.000000 -1.000000
vn 0.000000 0.000000 -1.000000
vn 0.000000 0.000000 -1.000000
vn 0.000000 -0.000000 -1.000000
vn 0.000000 -0.000000 -1.000000
vn 0.000000 -0.000000 -1.000000
vn 0.000000 -0.000000 -1.000000
vn -1.000000 -0.000000 -0.000000
vn -1.000000 -0.000000 -0.000000
vn -1.000000 -0.000000 -0.000000
vn -1.000000 -0.000000 -0.000000
vn 0.000000 -0.000000 -1.000000
vn 0.000000 -0.000000 -1.000000
vn 0.000000 -0.000000 -1.000000
vn 0.000000 -0.000000 -1.000000
vn -1.000000 -0.000000 -0.000000
vn -1.000000 -0.000000 -0.000000
vn -1.000000 -0.000000 -0.000000
vn -1.000000 -0.000000 -0.000000
vn 0.000000 0.000000 -1.000000
vn 0.000000 0.000000 -1.000000
vn 0.000000 0.000000 -1.000000
vn 0.000000 0.000000 -1.000000
vn -1.000000 0.000001 -0.000000
vn -1.000000 0.000001 -0.000000
vn -1.000000 0.000001 -0.000000
vn -1.000000 0.000001 -0.000000
vn 1.000000 0.000000 0.000000
vn 1.000000 0.000000 0.000000
vn 1.000000 0.000000 0.000000
vn 1.000000 0.000000 0.000000
vn -0.000000 1.000000 -0.000000
vn -0.000000 1.000000 -0.000000
vn -0.000000 1.000000 -0.000000
vn -0.000000 1.000000 -0.000000
vn 0.000000 -1.000000 -0.000001
vn 0.000000 -1.000000 -0.000001
vn 0.000000 -1.000000 -0.000001
vn 0.000000 -1.000000 -0.000001
vn 0.000000 -1.000000 -0.000001
vn 0.000000 -1.000000 -0.000001
vn 0.000000 -1.000000 -0.000001
vn 0.000000 -1.000000 -0.000001
vn 1.000000 0.000000 0.000000
vn 1.000000 0.000000 0.000000
vn 1.000000 0.000000 0.000000
vn 1.000000 0.000000 0.000000
vn -1.000000 0.000001 -0.000000
vn -1.000000 0.000001 -0.000000
vn -1.000000 0.000001 -0.000000
vn -1.000000 0.000001 -0.000000
vn -1.000000 -0.000000 -0.000000
vn -1.000000 -0.000000 -0.000000
vn -1.000000 -0.000000 -0.000000
vn -1.000000 -0.000000 -0.000000
vn 0.000000 0.000000 -1.000000
vn 0.000000 0.000000 -1.000000
vn 0.000000 0.000000 -1.000000
vn 0.000000 0.000000 -1.000000
vn 0.000000 0.000000 -1.000000
vn 0.000000 0.000000 -1.000000
vn 0.000000 0.000000 -1.000000
vn 0.000000 0.000000 -1.000000
vn -0.000000 1.000000 -0.000000
vn -0.000000 1.000000 -0.000000
vn -0.000000 1.000000 -0.000000
vn -0.000000 1.000000 -0.000000
vn 0.000000 -1.000000 -0.000001
vn 0.000000 -1.000000 -0.000001
vn 0.000000 -1.000000 -0.000001
vn 0.000000 -1.000000 -0.000001
vn -0.000000 1.000000 -0.000000
vn -0.000000 1.000000 -0.000000
vn -0.000000 1.000000 -0.000000
vn -0.000000 1.000000 -0.000000
vn 0.000000 -1.000000 0.000002
vn 0.000000 -1.000000 0.000002
vn 0.000000 -1.000000 0.000002
vn 0.000000 -1.000000 0.000002
vn -1.000000 -0.000000 -0.000000
vn -1.000000 -0.000000 -0.000000
vn -1.000000 -0.000000 -0.000000
vn -1.000000 -0.000000 -0.000000
vn -0.000000 1.000000 -0.000000
vn -0.000000 1.000000 -0.000000
vn -0.000000 1.000000 -0.000000
vn -0.000000 1.000000 -0.000000
vn -1.000000 -0.000000 -0.000000
vn -1.000000 -0.000000 -0.000000
vn -1.000000 -0.000000 -0.000000
vn -1.000000 -0.000000 -0.000000
vn 0.000000 -1.000000 0.000000
vn 0.000000 -1.000000 0.000000
vn 0.000000 -1.000000 0.000000
vn 0.000000 -1.000000 0.000000
vn -0.000000 1.000000 -0.000000
vn -0.000000 1.000000 -0.000000
vn -0.000000 1.000000 -0.000000
vn -0.000000 1.000000 -0.000000
vn -1.000000 -0.000000 -0.000000
vn -1.000000 -0.000000 -0.000000
vn -1.000000 -0.000000 -0.000000
vn -1.000000 -0.000000 -0.000000
vn 0.000000 -1.000000 0.000000
vn 0.000000 -1.000000 0.000000
vn 0.000000 -1.000000 0.000000
vn 0.000000 -1.000000 0.000000
vn -1.000000 -0.000000 -0.000000
vn -1.000000 -0.000000 -0.000000
vn -1.000000 -0.000000 -0.000000
vn -1.000000 -0.000000 -0.000000
vn -0.000000 1.000000 -0.000000
vn -0.000000 1.000000 -0.000000
vn -0.000000 1.000000 -0.000000
vn -0.000000 1.000000 -0.000000
vn 0.000000 -1.000000 0.000000
vn 0.000000 -1.000000 0.000000
vn 0.000000 -1.000000 0.000000
vn 0.000000 -1.000000 0.000000
vn -0.000000 1.000000 -0.000003
vn -0.000000 1.000000 -0.000003
vn -0.000000 1.000000 -0.000003
vn -0.000000 1.000000 -0.000003
vn 0.000000 -0.000000 -1.000000
vn 0.000000 -0.000000 -1.000000
vn 0.000000 -0.000000 -1.000000
vn 0.000000 -0.000000 -1.000000
vn 0.000000 -1.000000 0.000000
vn 0.000000 -1.000000 0.000000
vn 0.000000 -1.000000 0.000000
vn 0.000000 -1.000000 0.000000
vn 0.000000 -0.000000 -1.000000
vn 0.000000 -0.000000 -1.000000
vn 0.000000 -0.000000 -1.000000
vn 0.000000 -0.000000 -1.000000
vn 0.000000 -1.000000 0.000000
vn 0.000000 -1.000000 0.000000
vn 0.000000 -1.000000 0.000000
vn 0.000000 -1.000000 0.000000
vn 0.000000 -0.000000 -1.000000
vn 0.000000 -0.000000 -1.000000
vn 0.000000 -0.000000 -1.000000
vn 0.000000 -0.000000 -1.000000
vn -0.000000 1.000000 -0.000000
vn -0.000000 1.000000 -0.000000
vn -0.000000 1.000000 -0.000000
vn -0.000000 1.000000 -0.000000
vn 0.000000 -0.000001 -1.000000
vn 0.000000 -0.000001 -1.000000
vn 0.000000 -0.000001 -1.000000
vn 0.000000 -0.000001 -1.000000
vn 0.000000 -1.000000 0.000000
vn 0.000000 -1.000000 0.000000
vn 0.000000 -1.000000 0.000000
vn 0.000000 -1.000000 0.000000
vn -0.000000 1.000000 0.000001
vn -0.000000 1.000000 0.000001
vn -0.000000 1.000000 0.000001
vn -0.000000 1.000000 0.000001
vn -0.000000 1.000000 -0.000000
vn -0.000000 1.000000 -0.000000
vn -0.000000 1.000000 -0.000000
vn -0.000000 1.000000 -0.000000
vn 0.000000 -1.000000 0.000000
vn 0.000000 -1.000000 0.000000
vn 0.000000 -1.000000 0.000000
vn 0.000000 -1.000000 0.000000
vn -0.000000 1.000000 -0.000000
vn -0.000000 1.000000 -0.000000
vn -0.000000 1.000000 -0.000000
vn -0.000000 1.000000 -0.000000
vn 1.000000 0.000000 0.000000
vn 1.000000 0.000000 0.000000
vn 1.000000 0.000000 0.000000
vn 1.000000 0.000000 0.000000
vn 1.000000 0.000000 0.000000
vn 1.000000 0.000000 0.000000
vn 1.000000 0.000000 0.000000
vn 1.000000 0.000000 0.000000
vn 0.000001 0.000000 -1.000000
vn 0.000001 0.000000 -1.000000
vn 0.000001 0.000000 -1.000000
vn 0.000001 0.000000 -1.000000
vn 0.000001 0.000000 -1.000000
vn 0.000001 0.000000 -1.000000
vn 0.000001 0.000000 -1.000000
vn 0.000001 0.000000 -1.000000
vn 0.000001 -0.000000 -1.000000
vn 0.000001 -0.000000 -1.000000
vn 0.000001 -0.000000 -1.000000
vn 0.000001 -0.000000 -1.000000
vn 1.000000 0.000000 0.000000
vn 1.000000 0.000000 0.000000
vn 1.000000 0.000000 0.000000
vn 1.000000 0.000000 0.000000
vn 0.000001 0.000000 -1.000000
vn 0.000001 0.000000 -1.000000
vn 0.000001 0.000000 -1.000000
vn 0.000001 0.000000 -1.000000
vn 1.000000 0.000000 0.000000
vn 1.000000 0.000000 0.000000
vn 1.000000 0.000000 0.000000
vn 1.000000 0.000000 0.000000
vn 0.000000 0.000000 -1.000000
vn 0.000000 0.000000 -1.000000
vn 0.000000 0.000000 -1.000000
vn 0.000000 0.000000 -1.000000
vn -0.000000 1.000000 -0.000000
vn -0.000000 1.000000 -0.000000
vn -0.000000 1.000000 -0.000000
vn -0.000000 1.000000 -0.000000
vn -0.000000 1.000000 -0.000000
vn -0.000000 1.000000 -0.000000
vn -0.000000 1.000000 -0.000000
vn -0.000000 1.000000 -0.000000
vn 0.000000 -1.000000 0.000000
vn 0.000000 -1.000000 0.000000
vn 0.000000 -1.000000 0.000000
vn 0.000000 -1.000000 0.000000
vn 0.000000 -1.000000 0.000000
vn 0.000000 -1.000000 0.000000
vn 0.000000 -1.000000 0.000000
vn 0.000000 -1.000000 0.000000
vn 1.000000 0.000000 0.000000
vn 1.000000 0.000000 0.000000
vn 1.000000 0.000000 0.000000
vn 1.000000 0.000000 0.000000
vn 1.000000 -0.000000 0.000000
vn 1.000000 -0.000000 0.000000
vn 1.000000 -0.000000 0.000000
vn 1.000000 -0.000000 0.000000
vn 0.000000 0.000000 -1.000000
vn 0.000000 0.000000 -1.000000
vn 0.000000 0.000000 -1.000000
vn 0.000000 0.000000 -1.000000
vn 0.000000 0.000000 -1.000000
vn 0.000000 0.000000 -1.000000
vn 0.000000 0.000000 -1.000000
vn 0.000000 0.000000 -1.000000
vn -0.000000 1.000000 -0.000000
vn -0.000000 1.000000 -0.000000
vn -0.000000 1.000000 -0.000000
vn -0.000000 1.000000 -0.000000
vn 0.000000 -1.000000 0.000000
vn 0.000000 -1.000000 0.000000
vn 0.000000 -1.000000 0.000000
vn 0.000000 -1.000000 0.000000
vn -0.000000 1.000000 -0.000000
vn -0.000000 1.000000 -0.000000
vn -0.000000 1.000000 -0.000000
vn -0.000000 1.000000 -0.000000
vn 0.000000 -1.000000 0.000000
vn 0.000000 -1.000000 0.000000
vn 0.000000 -1.000000 0.000000
vn 0.000000 -1.000000 0.000000
vn 1.000000 0.000000 0.000000
vn 1.000000 0.000000 0.000000
vn 1.000000 0.000000 0.000000
vn 1.000000 0.000000 0.000000
vn -0.000000 1.000000 -0.000000
vn -0.000000 1.000000 -0.000000
vn -0.000000 1.000000 -0.000000
vn -0.000000 1.000000 -0.000000
vn 1.000000 0.000000 0.000000
vn 1.000000 0.000000 0.000000
vn 1.000000 0.000000 0.000000
vn 1.000000 0.000000 0.000000
vn 0.000000 -1.000000 0.000000
vn 0.000000 -1.000000 0.000000
vn 0.000000 -1.000000 0.000000
vn 0.000000 -1.000000 0.000000
vn -0.000000 1.000000 -0.000000
vn -0.000000 1.000000 -0.000000
vn -0.000000 1.000000 -0.000000
vn -0.000000 1.000000 -0.000000
vn 1.000000 0.000000 0.000000
vn 1.000000 0.000000 0.000000
vn 1.000000 0.000000 0.000000
vn 1.000000 0.000000 0.000000
vn 0.000000 -1.000000 0.000000
vn 0.000000 -1.000000 0.000000
vn 0.000000 -1.000000 0.000000
vn 0.000000 -1.000000 0.000000
vn 1.000000 0.000000 0.000000
vn 1.000000 0.000000 0.000000
vn 1.000000 0.000000 0.000000
vn 1.000000 0.000000 0.000000
vn -0.000000 1.000000 -0.000000
vn -0.000000 1.000000 -0.000000
vn -0.000000 1.000000 -0.000000
vn -0.000000 1.000000 -0.000000
vn 0.000000 -1.000000 0.000000
vn 0.000000 -1.000000 0.000000
vn 0.000000 -1.000000 0.000000
vn 0.000000 -1.000000 0.000000
vn -0.000000 1.000000 -0.000000
vn -0.000000 1.000000 -0.000000
vn -0.000000 1.000000 -0.000000
vn -0.000000 1.000000 -0.000000
vn 0.000000 0.000000 -1.000000
vn 0.000000 0.000000 -1.000000
vn 0.000000 0.000000 -1.000000
vn 0.000000 0.000000 -1.000000
vn 0.000000 -1.000000 0.000000
vn 0.000000 -1.000000 0.000000
vn 0.000000 -1.000000 0.000000
vn 0.000000 -1.000000 0.000000
vn 0.000000 0.000000 -1.000000
vn 0.000000 0.000000 -1.000000
vn 0.000000 0.000000 -1.000000
vn 0.000000 0.000000 -1.000000
vn 0.000000 -1.000000 0.000000
vn 0.000000 -1.000000 0.000000
vn 0.000000 -1.000000 0.000000
vn 0.000000 -1.000000 0.000000
vn 0.000000 0.000000 -1.000000
vn 0.000000 0.000000 -1.000000
vn 0.000000 0.000000 -1.000000
vn 0.000000 0.000000 -1.000000
vn -0.000000 1.000000 -0.000000
vn -0.000000 1.000000 -0.000000
vn -0.000000 1.000000 -0.000000
vn -0.000000 1.000000 -0.000000
vn 0.000000 -0.000001 -1.000000
vn 0.000000 -0.000001 -1.000000
vn 0.000000 -0.000001 -1.000000
vn 0.000000 -0.000001 -1.000000
vn 0.000000 -1.000000 0.000000
vn 0.000000 -1.000000 0.000000
vn 0.000000 -1.000000 0.000000
vn 0.000000 -1.000000 0.000000
vn -0.000000 1.000000 -0.000000
vn -0.000000 1.000000 -0.000000
vn -0.000000 1.000000 -0.000000
vn -0.000000 1.000000 -0.000000
vn -0.000000 1.000000 -0.000000
vn -0.000000 1.000000 -0.000000
vn -0.000000 1.000000 -0.000000
vn -0.000000 1.000000 -0.000000
vn 0.000000 -1.000000 0.000000
vn 0.000000 -1.000000 0.000000
vn 0.000000 -1.000000 0.000000
vn 0.000000 -1.000000 0.000000
vn 1.000000 0.000000 0.000000
vn 1.000000 0.000000 0.000000
vn 1.000000 0.000000 0.000000
vn 1.000000 0.000000 0.000000
vn -0.000000 0.000000 1.000000
vn -0.000000 0.000000 1.000000
vn -0.000000 0.000000 1.000000
vn -0.000000 0.000000 1.000000
vn -0.000000 1.000000 0.000000
vn -0.000000 1.000000 0.000000
vn -0.000000 1.000000 0.000000
vn -0.000000 1.000000 0.000000
vn -1.000000 -0.000000 -0.000000
vn -1.000000 -0.000000 -0.000000
vn -1.000000 -0.000000 -0.000000
vn -1.000000 -0.000000 -0.000000
vn -0.000000 0.000000 1.000000
vn -0.000000 0.000000 1.000000
vn -0.000000 0.000000 1.000000
vn -0.000000 0.000000 1.000000
vn -0.000000 0.000000 1.000000
vn -0.000000 0.000000 1.000000
vn -0.000000 0.000000 1.000000
vn -0.000000 0.000000 1.000000
vn 0.000000 -1.000000 0.000000
vn 0.000000 -1.000000 0.000000
vn 0.000000 -1.000000 0.000000
vn 0.000000 -1.000000 0.000000
vn -0.000000 1.000000 -0.000000
vn -0.000000 1.000000 -0.000000
vn -0.000000 1.000000 -0.000000
vn -0.000000 1.000000 -0.000000
vn -0.000000 0.000000 1.000000
vn -0.000000 0.000000 1.000000
vn -0.000000 0.000000 1.000000
vn -0.000000 0.000000 1.000000
vn 0.000000 -1.000000 -0.000001
vn 0.000000 -1.000000 -0.000001
vn 0.000000 -1.000000 -0.000001
vn 0.000000 -1.000000 -0.000001
vn -1.000000 -0.000000 -0.000000
vn -1.000000 -0.000000 -0.000000
vn -1.000000 -0.000000 -0.000000
vn -1.000000 -0.000000 -0.000000
vn -0.000000 0.000000 1.000000
vn -0.000000 0.000000 1.000000
vn -0.000000 0.000000 1.000000
vn -0.000000 0.000000 1.000000
vn -0.000000 0.000000 1.000000
vn -0.000000 0.000000 1.000000
vn -0.000000 0.000000 1.000000
vn -0.000000 0.000000 1.000000
vn -0.000000 1.000000 -0.000001
vn -0.000000 1.000000 -0.000001
vn -0.000000 1.000000 -0.000001
vn -0.000000 1.000000 -0.000001
vn 0.000000 -1.000000 0.000000
vn 0.000000 -1.000000 0.000000
vn 0.000000 -1.000000 0.000000
vn 0.000000 -1.000000 0.000000
vn -0.000000 0.000000 1.000000
vn -0.000000 0.000000 1.000000
vn -0.000000 0.000000 1.000000
vn -0.000000 0.000000 1.000000
vn 1.000000 0.000000 0.000000
vn 1.000000 0.000000 0.000000
vn 1.000000 0.000000 0.000000
vn 1.000000 0.000000 0.000000
vn -1.000000 -0.000000 -0.000000
vn -1.000000 -0.000000 -0.000000
vn -1.000000 -0.000000 -0.000000
vn -1.000000 -0.000000 -0.000000
vn -0.000000 1.000000 -0.000000
vn -0.000000 1.000000 -0.000000
vn -0.000000 1.000000 -0.000000
vn -0.000000 1.000000 -0.000000
vn -1.000000 -0.000000 -0.000000
vn -1.000000 -0.000000 -0.000000
vn -1.000000 -0.000000 -0.000000
vn -1.000000 -0.000000 -0.000000
vn 1.000000 0.000000 0.000000
vn 1.000000 0.000000 0.000000
vn 1.000000 0.000000 0.000000
vn 1.000000 0.000000 0.000000
vn 0.000000 -1.000000 0.000001
vn 0.000000 -1.000000 0.000001
vn 0.000000 -1.000000 0.000001
vn 0.000000 -1.000000 0.000001
vn -1.000000 -0.000000 -0.000000
vn -1.000000 -0.000000 -0.000000
vn -1.000000 -0.000000 -0.000000
vn -1.000000 -0.000000 -0.000000
vn 0.000000 -1.000000 0.000000
vn 0.000000 -1.000000 0.000000
vn 0.000000 -1.000000 0.000000
vn 0.000000 -1.000000 0.000000
vn -1.000000 -0.000000 -0.000000
vn -1.000000 -0.000000 -0.000000
vn -1.000000 -0.000000 -0.000000
vn -1.000000 -0.000000 -0.000000
vn 1.000000 0.000000 0.000000
vn 1.000000 0.000000 0.000000
vn 1.000000 0.000000 0.000000
vn 1.000000 0.000000 0.000000
vn -0.000000 1.000000 -0.000000
vn -0.000000 1.000000 -0.000000
vn -0.000000 1.000000 -0.000000
vn -0.000000 1.000000 -0.000000
vn -1.000000 -0.000000 -0.000000
vn -1.000000 -0.000000 -0.000000
vn -1.000000 -0.000000 -0.000000
vn -1.000000 -0.000000 -0.000000
vn -0.000000 0.000000 1.000000
vn -0.000000 0.000000 1.000000
vn -0.000000 0.000000 1.000000
vn -0.000000 0.000000 1.000000
vn 0.000000 -1.000000 0.000000
vn 0.000000 -1.000000 0.000000
vn 0.000000 -1.000000 0.000000
vn 0.000000 -1.000000 0.000000
vn -0.000000 0.000000 1.000000
vn -0.000000 0.000000 1.000000
vn -0.000000 0.000000 1.000000
vn -0.000000 0.000000 1.000000
vn -0.000000 1.000000 -0.000000
vn -0.000000 1.000000 -0.000000
vn -0.000000 1.000000 -0.000000
vn -0.000000 1.000000 -0.000000
vn -0.000000 1.000000 -0.000000
vn -0.000000 1.000000 -0.000000
vn -0.000000 1.000000 -0.000000
vn -0.000000 1.000000 -0.000000
vn -0.000000 0.000000 1.000000
vn -0.000000 0.000000 1.000000
vn -0.000000 0.000000 1.000000
vn -0.000000 0.000000 1.000000
vn 0.000000 -1.000000 0.000000
vn 0.000000 -1.000000 0.000000
vn 0.000000 -1.000000 0.000000
vn 0.000000 -1.000000 0.000000
vn 1.000000 0.000000 0.000000
vn 1.000000 0.000000 0.000000
vn 1.000000 0.000000 0.000000
vn 1.000000 0.000000 0.000000
vn -1.000000 -0.000000 -0.000000
vn -1.000000 -0.000000 -0.000000
vn -1.000000 -0.000000 -0.000000
vn -1.000000 -0.000000 -0.000000
vn -0.000000 0.000000 1.000000
vn -0.000000 0.000000 1.000000
vn -0.000000 0.000000 1.000000
vn -0.000000 0.000000 1.000000
vn 1.000000 0.000000 0.000000
vn 1.000000 0.000000 0.000000
vn 1.000000 0.000000 0.000000
vn 1.000000 0.000000 0.000000
vn -0.000000 0.000000 1.000000
vn -0.000000 0.000000 1.000000
vn -0.000000 0.000000 1.000000
vn -0.000000 0.000000 1.000000
vn -1.000000 0.000001 -0.000000
vn -1.000000 0.000001 -0.000000
vn -1.000000 0.000001 -0.000000
vn -1.000000 0.000001 -0.000000
vn 0.000000 -0.000000 -1.000000
vn 0.000000 -0.000000 -1.000000
vn 0.000000 -0.000000 -1.000000
vn 0.000000 -0.000000 -1.000000
vn -0.000001 0.000001 1.000000
vn -0.000001 0.000001 1.000000
vn -0.000001 0.000001 1.000000
vn -0.000001 0.000001 1.000000
vn -0.000000 1.000000 -0.000000
vn -0.000000 1.000000 -0.000000
vn -0.000000 1.000000 -0.000000
vn -0.000000 1.000000 -0.000000
vn -0.000000 1.000000 0.000001
vn -0.000000 1.000000 0.000001
vn -0.000000 1.000000 0.000001
vn -0.000000 1.000000 0.000001
vn 0.000000 -1.000000 0.000002
vn 0.000000 -1.000000 0.000002
vn 0.000000 -1.000000 0.000002
vn 0.000000 -1.000000 0.000002
vn 0.000000 -1.000000 0.000000
vn 0.000000 -1.000000 0.000000
vn 0.000000 -1.000000 0.000000
vn 0.000000 -1.000000 0.000000
vn 0.000000 -1.000000 -0.000002
vn 0.000000 -1.000000 -0.000002
vn 0.000000 -1.000000 -0.000002
vn 0.000000 -1.000000 -0.000002
vn 0.000000 -1.000000 0.000000
vn 0.000000 -1.000000 0.000000
vn 0.000000 -1.000000 0.000000
vn 0.000000 -1.000000 0.000000
vn 0.000001 0.000000 -1.000000
vn 0.000001 0.000000 -1.000000
vn 0.000001 0.000000 -1.000000
vn 0.000001 0.000000 -1.000000
vn 0.000000 -0.000000 -1.000000
vn 0.000000 -0.000000 -1.000000
vn 0.000000 -0.000000 -1.000000
vn 0.000000 -0.000000 -1.000000
vn -1.000000 0.000001 -0.000000
vn -1.000000 0.000001 -0.000000
vn -1.000000 0.000001 -0.000000
vn -1.000000 0.000001 -0.000000
vn -1.000000 -0.000001 -0.000000
vn -1.000000 -0.000001 -0.000000
vn -1.000000 -0.000001 -0.000000
vn -1.000000 -0.000001 -0.000000
vn -0.000000 0.000000 1.000000
vn -0.000000 0.000000 1.000000
vn -0.000000 0.000000 1.000000
vn -0.000000 0.000000 1.000000
vn 0.000000 0.000000 1.000000
vn 0.000000 0.000000 1.000000
vn 0.000000 0.000000 1.000000
vn 0.000000 0.000000 1.000000
vn 1.000000 0.000000 0.000000
vn 1.000000 0.000000 0.000000
vn 1.000000 0.000000 0.000000
vn 1.000000 0.000000 0.000000
vn 1.000000 -0.000001 0.000000
vn 1.000000 -0.000001 0.000000
vn 1.000000 -0.000001 0.000000
vn 1.000000 -0.000001 0.000000
vn -0.000000 -0.000000 1.000000
vn -0.000000 -0.000000 1.000000
vn -0.000000 -0.000000 1.000000
vn -0.000000 -0.000000 1.000000
vn -0.000000 1.000000 -0.000000
vn -0.000000 1.000000 -0.000000
vn -0.000000 1.000000 -0.000000
vn -0.000000 1.000000 -0.000000
vn 0.000000 -1.000000 0.000000
vn 0.000000 -1.000000 0.000000
vn 0.000000 -1.000000 0.000000
vn 0.000000 -1.000000 0.000000
vn -0.000000 1.000000 -0.000000
vn -0.000000 1.000000 -0.000000
vn -0.000000 1.000000 -0.000000
vn -0.000000 1.000000 -0.000000
vn -0.000000 1.000000 -0.000000
vn -0.000000 1.000000 -0.000000
vn -0.000000 1.000000 -0.000000
vn -0.000000 1.000000 -0.000000
vn 0.000000 -1.000000 0.000000
vn 0.000000 -1.000000 0.000000
vn 0.000000 -1.000000 0.000000
vn 0.000000 -1.000000 0.000000
vn 0.000000 -1.000000 0.000000
vn 0.000000 -1.000000 0.000000
vn 0.000000 -1.000000 0.000000
vn 0.000000 -1.000000 0.000000
vn -0.000000 0.000000 1.000000
vn -0.000000 0.000000 1.000000
vn -0.000000 0.000000 1.000000
vn -0.000000 0.000000 1.000000
vn -0.000000 1.000000 -0.000000
vn -0.000000 1.000000 -0.000000
vn -0.000000 1.000000 -0.000000
vn -0.000000 1.000000 -0.000000
vn -0.000000 0.000000 1.000000
vn -0.000000 0.000000 1.000000
vn -0.000000 0.000000 1.000000
vn -0.000000 0.000000 1.000000
vn 0.000000 -1.000000 0.000000
vn 0.000000 -1.000000 0.000000
vn 0.000000 -1.000000 0.000000
vn 0.000000 -1.000000 0.000000
vn -0.000000 1.000000 -0.000000
vn -0.000000 1.000000 -0.000000
vn -0.000000 1.000000 -0.000000
vn -0.000000 1.000000 -0.000000
vn -0.000000 0.000000 1.000000
vn -0.000000 0.000000 1.000000
vn -0.000000 0.000000 1.000000
vn -0.000000 0.000000 1.000000
vn 0.000000 -1.000000 0.000000
vn 0.000000 -1.000000 0.000000
vn 0.000000 -1.000000 0.000000
vn 0.000000 -1.000000 0.000000
vn -0.000000 0.000000 1.000000
vn -0.000000 0.000000 1.000000
vn -0.000000 0.000000 1.000000
vn -0.000000 0.000000 1.000000
vn -0.000000 1.000000 0.000003
vn -0.000000 1.000000 0.000003
vn -0.000000 1.000000 0.000003
vn -0.000000 1.000000 0.000003
vn 0.000000 -1.000000 0.000000
vn 0.000000 -1.000000 0.000000
vn 0.000000 -1.000000 0.000000
vn 0.000000 -1.000000 0.000000
vn -0.000000 1.000000 -0.000000
vn -0.000000 1.000000 -0.000000
vn -0.000000 1.000000 -0.000000
vn -0.000000 1.000000 -0.000000
vn 1.000000 0.000000 0.000000
vn 1.000000 0.000000 0.000000
vn 1.000000 0.000000 0.000000
vn 1.000000 0.000000 0.000000
vn 0.000000 -1.000000 0.000000
vn 0.000000 -1.000000 0.000000
vn 0.000000 -1.000000 0.000000
vn 0.000000 -1.000000 0.000000
vn 1.000000 0.000000 0.000000
vn 1.000000 0.000000 0.000000
vn 1.000000 0.000000 0.000000
vn 1.000000 0.000000 0.000000
vn 0.000000 -1.000000 0.000000
vn 0.000000 -1.000000 0.000000
vn 0.000000 -1.000000 0.000000
vn 0.000000 -1.000000 0.000000
vn 1.000000 0.000000 0.000000
vn 1.000000 0.000000 0.000000
vn 1.000000 0.000000 0.000000
vn 1.000000 0.000000 0.000000
vn -0.000000 1.000000 -0.000000
vn -0.000000 1.000000 -0.000000
vn -0.000000 1.000000 -0.000000
vn -0.000000 1.000000 -0.000000
vn 1.000000 0.000000 0.000000
vn 1.000000 0.000000 0.000000
vn 1.000000 0.000000 0.000000
vn 1.000000 0.000000 0.000000
vn 0.000000 -1.000000 0.000000
vn 0.000000 -1.000000 0.000000
vn 0.000000 -1.000000 0.000000
vn 0.000000 -1.000000 0.000000
vn -0.000000 1.000000 -0.000001
vn -0.000000 1.000000 -0.000001
vn -0.000000 1.000000 -0.000001
vn -0.000000 1.000000 -0.000001
vn -0.000000 1.000000 -0.000000
vn -0.000000 1.000000 -0.000000
vn -0.000000 1.000000 -0.000000
vn -0.000000 1.000000 -0.000000
vn 0.000000 -1.000000 0.000000
vn 0.000000 -1.000000 0.000000
vn 0.000000 -1.000000 0.000000
vn 0.000000 -1.000000 0.000000
vn -0.000000 0.000000 1.000000
vn -0.000000 0.000000 1.000000
vn -0.000000 0.000000 1.000000
vn -0.000000 0.000000 1.000000
vn -0.000000 0.000000 1.000000
vn -0.000000 0.000000 1.000000
vn -0.000000 0.000000 1.000000
vn -0.000000 0.000000 1.000000
vn -0.000000 1.000000 -0.000002
vn -0.000000 1.000000 -0.000002
vn -0.000000 1.000000 -0.000002
vn -0.000000 1.000000 -0.000002
vn -0.000000 1.000000 0.000002
vn -0.000000 1.000000 0.000002
vn -0.000000 1.000000 0.000002
vn -0.000000 1.000000 0.000002
vn -0.000000 0.000000 1.000000
vn -0.000000 0.000000 1.000000
vn -0.000000 0.000000 1.000000
vn -0.000000 0.000000 1.000000
vn -0.000000 1.000000 0.000002
vn -0.000000 1.000000 0.000002
vn -0.000000 1.000000 0.000002
vn -0.000000 1.000000 0.000002
vn 0.000000 -1.000000 0.000000
vn 0.000000 -1.000000 0.000000
vn 0.000000 -1.000000 0.000000
vn 0.000000 -1.000000 0.000000
vn 0.000000 -0.000000 -1.000000
vn 0.000000 -0.000000 -1.000000
vn 0.000000 -0.000000 -1.000000
vn 0.000000 -0.000000 -1.000000
vn -0.000000 1.000000 -0.000000
vn -0.000000 1.000000 -0.000000
vn -0.000000 1.000000 -0.000000
vn -0.000000 1.000000 -0.000000
vn -1.000000 -0.000000 -0.000000
vn -1.000000 -0.000000 -0.000000
vn -1.000000 -0.000000 -0.000000
vn -1.000000 -0.000000 -0.000000
vn 0.000000 -0.000000 -1.000000
vn 0.000000 -0.000000 -1.000000
vn 0.000000 -0.000000 -1.000000
vn 0.000000 -0.000000 -1.000000
vn 0.000000 -0.000000 -1.000000
vn 0.000000 -0.000000 -1.000000
vn 0.000000 -0.000000 -1.000000
vn 0.000000 -0.000000 -1.000000
vn 0.000000 -1.000000 0.000000
vn 0.000000 -1.000000 0.000000
vn 0.000000 -1.000000 0.000000
vn 0.000000 -1.000000 0.000000
vn -0.000000 1.000000 -0.000000
vn -0.000000 1.000000 -0.000000
vn -0.000000 1.000000 -0.000000
vn -0.000000 1.000000 -0.000000
vn 0.000000 -0.000000 -1.000000
vn 0.000000 -0.000000 -1.000000
vn 0.000000 -0.000000 -1.000000
vn 0.000000 -0.000000 -1.000000
vn 0.000000 -1.000000 0.000000
vn 0.000000 -1.000000 0.000000
vn 0.000000 -1.000000 0.000000
vn 0.000000 -1.000000 0.000000
vn -1.000000 -0.000000 -0.000000
vn -1.000000 -0.000000 -0.000000
vn -1.000000 -0.000000 -0.000000
vn -1.000000 -0.000000 -0.000000
vn 0.000000 -0.000000 -1.000000
vn 0.000000 -0.000000 -1.000000
vn 0.000000 -0.000000 -1.000000
vn 0.000000 -0.000000 -1.000000
vn 0.000000 -0.000000 -1.000000
vn 0.000000 -0.000000 -1.000000
vn 0.000000 -0.000000 -1.000000
vn 0.000000 -0.000000 -1.000000
vn -0.000000 1.000000 -0.000003
vn -0.000000 1.000000 -0.000003
vn -0.000000 1.000000 -0.000003
vn -0.000000 1.000000 -0.000003
vn 0.000000 -1.000000 0.000000
vn 0.000000 -1.000000 0.000000
vn 0.000000 -1.000000 0.000000
vn 0.000000 -1.000000 0.000000
vn 0.000000 -0.000000 -1.000000
vn 0.000000 -0.000000 -1.000000
vn 0.000000 -0.000000 -1.000000
vn 0.000000 -0.000000 -1.000000
vn 1.000000 0.000000 0.000001
vn 1.000000 0.000000 0.000001
vn 1.000000 0.000000 0.000001
vn 1.000000 0.000000 0.000001
vn -1.000000 -0.000000 -0.000000
vn -1.000000 -0.000000 -0.000000
vn -1.000000 -0.000000 -0.000000
vn -1.000000 -0.000000 -0.000000
vn -0.000000 1.000000 -0.000000
vn -0.000000 1.000000 -0.000000
vn -0.000000 1.000000 -0.000000
vn -0.000000 1.000000 -0.000000
vn -1.000000 -0.000000 -0.000000
vn -1.000000 -0.000000 -0.000000
vn -1.000000 -0.000000 -0.000000
vn -1.000000 -0.000000 -0.000000
vn 1.000000 0.000000 0.000001
vn 1.000000 0.000000 0.000001
vn 1.000000 0.000000 0.000001
vn 1.000000 0.000000 0.000001
vn 0.000000 -1.000000 0.000000
vn 0.000000 -1.000000 0.000000
vn 0.000000 -1.000000 0.000000
vn 0.000000 -1.000000 0.000000
vn -1.000000 -0.000000 -0.000000
vn -1.000000 -0.000000 -0.000000
vn -1.000000 -0.000000 -0.000000
vn -1.000000 -0.000000 -0.000000
vn 0.000000 -1.000000 0.000000
vn 0.000000 -1.000000 0.000000
vn 0.000000 -1.000000 0.000000
vn 0.000000 -1.000000 0.000000
vn -1.000000 -0.000000 -0.000000
vn -1.000000 -0.000000 -0.000000
vn -1.000000 -0.000000 -0.000000
vn -1.000000 -0.000000 -0.000000
vn 1.000000 0.000000 0.000001
vn 1.000000 0.000000 0.000001
vn 1.000000 0.000000 0.000001
vn 1.000000 0.000000 0.000001
vn -0.000000 1.000000 -0.000000
vn -0.000000 1.000000 -0.000000
vn -0.000000 1.000000 -0.000000
vn -0.000000 1.000000 -0.000000
vn -1.000000 -0.000000 -0.000000
vn -1.000000 -0.000000 -0.000000
vn -1.000000 -0.000000 -0.000000
vn -1.000000 -0.000000 -0.000000
vn 0.000000 -0.000000 -1.000000
vn 0.000000 -0.000000 -1.000000
vn 0.000000 -0.000000 -1.000000
vn 0.000000 -0.000000 -1.000000
vn 0.000000 -1.000000 0.000000
vn 0.000000 -1.000000 0.000000
vn 0.000000 -1.000000 0.000000
vn 0.000000 -1.000000 0.000000
vn 0.000000 -0.000000 -1.000000
vn 0.000000 -0.000000 -1.000000
vn 0.000000 -0.000000 -1.000000
vn 0.000000 -0.000000 -1.000000
vn -0.000000 1.000000 0.000001
vn -0.000000 1.000000 0.000001
vn -0.000000 1.000000 0.000001
vn -0.000000 1.000000 0.000001
vn -0.000000 1.000000 -0.000000
vn -0.000000 1.000000 -0.000000
vn -0.000000 1.000000 -0.000000
vn -0.000000 1.000000 -0.000000
vn 0.000000 -0.000000 -1.000000
vn 0.000000 -0.000000 -1.000000
vn 0.000000 -0.000000 -1.000000
vn 0.000000 -0.000000 -1.000000
vn 0.000000 -1.000000 0.000000
vn 0.000000 -1.000000 0.000000
vn 0.000000 -1.000000 0.000000
vn 0.000000 -1.000000 0.000000
vn 0.000000 -0.000000 -1.000000
vn 0.000000 -0.000000 -1.000000
vn 0.000000 -0.000000 -1.000000
vn 0.000000 -0.000000 -1.000000
vn 1.000000 0.000000 0.000001
vn 1.000000 0.000000 0.000001
vn 1.000000 0.000000 0.000001
vn 1.000000 0.000000 0.000001
vn 0.000000 -0.000000 -1.000000
vn 0.000000 -0.000000 -1.000000
vn 0.000000 -0.000000 -1.000000
vn 0.000000 -0.000000 -1.000000
vn -1.000000 -0.000000 -0.000000
vn -1.000000 -0.000000 -0.000000
vn -1.000000 -0.000000 -0.000000
vn -1.000000 -0.000000 -0.000000
vn 0.000000 -0.000000 -1.000000
vn 0.000000 -0.000000 -1.000000
vn 0.000000 -0.000000 -1.000000
vn 0.000000 -0.000000 -1.000000
vn 1.000000 0.000000 0.000000
vn 1.000000 0.000000 0.000000
vn 1.000000 0.000000 0.000000
vn 1.000000 0.000000 0.000000
vn 0.000000 -0.000000 -1.000000
vn 0.000000 -0.000000 -1.000000
vn 0.000000 -0.000000 -1.000000
vn 0.000000 -0.000000 -1.000000
vn -1.000000 -0.000000 -0.000000
vn -1.000000 -0.000000 -0.000000
vn -1.000000 -0.000000 -0.000000
vn -1.000000 -0.000000 -0.000000
vn -0.000000 0.000000 1.000000
vn -0.000000 0.000000 1.000000
vn -0.000000 0.000000 1.000000
vn -0.000000 0.000000 1.000000
vn -0.000000 1.000000 0.000002
vn -0.000000 1.000000 0.000002
vn -0.000000 1.000000 0.000002
vn -0.000000 1.000000 0.000002
vn -0.000000 1.000000 -0.000000
vn -0.000000 1.000000 -0.000000
vn -0.000000 1.000000 -0.000000
vn -0.000000 1.000000 -0.000000
vn -0.000000 1.000000 -0.000001
vn -0.000000 1.000000 -0.000001
vn -0.000000 1.000000 -0.000001
vn -0.000000 1.000000 -0.000001
vn -0.000000 1.000000 -0.000000
vn -0.000000 1.000000 -0.000000
vn -0.000000 1.000000 -0.000000
vn -0.000000 1.000000 -0.000000
vn 0.000000 -1.000000 0.000002
vn 0.000000 -1.000000 0.000002
vn 0.000000 -1.000000 0.000002
vn 0.000000 -1.000000 0.000002
vn 0.000000 -1.000000 -0.000001
vn 0.000000 -1.000000 -0.000001
vn 0.000000 -1.000000 -0.000001
vn 0.000000 -1.000000 -0.000001
vn 0.000000 -1.000000 -0.000002
vn 0.000000 -1.000000 -0.000002
vn 0.000000 -1.000000 -0.000002
vn 0.000000 -1.000000 -0.000002
vn 0.000000 -1.000000 0.000000
vn 0.000000 -1.000000 0.000000
vn 0.000000 -1.000000 0.000000
vn 0.000000 -1.000000 0.000000
vn -0.000000 0.000000 1.000000
vn -0.000000 0.000000 1.000000
vn -0.000000 0.000000 1.000000
vn -0.000000 0.000000 1.000000
vn -0.000000 0.000000 1.000000
vn -0.000000 0.000000 1.000000
vn -0.000000 0.000000 1.000000
vn -0.000000 0.000000 1.000000
vn -1.000000 -0.000000 -0.000000
vn -1.000000 -0.000000 -0.000000
vn -1.000000 -0.000000 -0.000000
vn -1.000000 -0.000000 -0.000000
vn -1.000000 -0.000000 -0.000000
vn -1.000000 -0.000000 -0.000000
vn -1.000000 -0.000000 -0.000000
vn -1.000000 -0.000000 -0.000000
vn 0.000000 -0.000000 -1.000000
vn 0.000000 -0.000000 -1.000000
vn 0.000000 -0.000000 -1.000000
vn 0.000000 -0.000000 -1.000000
vn 0.000000 -0.000000 -1.000000
vn 0.000000 -0.000000 -1.000000
vn 0.000000 -0.000000 -1.000000
vn 0.000000 -0.000000 -1.000000
vn 1.000000 0.000000 0.000000
vn 1.000000 0.000000 0.000000
vn 1.000000 0.000000 0.000000
vn 1.000000 0.000000 0.000000
vn 1.000000 0.000000 0.000001
vn 1.000000 0.000000 0.000001
vn 1.000000 0.000000 0.000001
vn 1.000000 0.000000 0.000001
vn 0.000000 -0.000000 -1.000000
vn 0.000000 -0.000000 -1.000000
vn 0.000000 -0.000000 -1.000000
vn 0.000000 -0.000000 -1.000000
vn 0.000000 -0.000000 -1.000000
vn 0.000000 -0.000000 -1.000000
vn 0.000000 -0.000000 -1.000000
vn 0.000000 -0.000000 -1.000000
vn -0.000000 1.000000 -0.000000
vn -0.000000 1.000000 -0.000000
vn -0.000000 1.000000 -0.000000
vn -0.000000 1.000000 -0.000000
vn 0.000000 -1.000000 0.000001
vn 0.000000 -1.000000 0.000001
vn 0.000000 -1.000000 0.000001
vn 0.000000 -1.000000 0.000001
vn -0.000000 1.000000 -0.000002
vn -0.000000 1.000000 -0.000002
vn -0.000000 1.000000 -0.000002
vn -0.000000 1.000000 -0.000002
vn 0.000000 -1.000000 -0.000000
vn 0.000000 -1.000000 -0.000000
vn 0.000000 -1.000000 -0.000000
vn 0.000000 -1.000000 -0.000000
vn -0.000000 1.000000 -0.000000
vn -0.000000 1.000000 -0.000000
vn -0.000000 1.000000 -0.000000
vn -0.000000 1.000000 -0.000000
vn 0.000000 -1.000000 -0.000001
vn 0.000000 -1.000000 -0.000001
vn 0.000000 -1.000000 -0.000001
vn 0.000000 -1.000000 -0.000001
vn 0.000000 -1.000000 -0.000001
vn 0.000000 -1.000000 -0.000001
vn 0.000000 -1.000000 -0.000001
vn 0.000000 -1.000000 -0.000001
vn 0.000000 -0.000000 -1.000000
vn 0.000000 -0.000000 -1.000000
vn 0.000000 -0.000000 -1.000000
vn 0.000000 -0.000000 -1.000000
vn -0.000000 1.000000 -0.000000
vn -0.000000 1.000000 -0.000000
vn -0.000000 1.000000 -0.000000
vn -0.000000 1.000000 -0.000000
vn 0.000000 -0.000000 -1.000000
vn 0.000000 -0.000000 -1.000000
vn 0.000000 -0.000000 -1.000000
vn 0.000000 -0.000000 -1.000000
vn 0.000000 -1.000000 0.000000
vn 0.000000 -1.000000 0.000000
vn 0.000000 -1.000000 0.000000
vn 0.000000 -1.000000 0.000000
vn -0.000000 1.000000 -0.000000
vn -0.000000 1.000000 -0.000000
vn -0.000000 1.000000 -0.000000
vn -0.000000 1.000000 -0.000000
vn 0.000000 -0.000000 -1.000000
vn 0.000000 -0.000000 -1.000000
vn 0.000000 -0.000000 -1.000000
vn 0.000000 -0.000000 -1.000000
vn 0.000000 -1.000000 -0.000001
vn 0.000000 -1.000000 -0.000001
vn 0.000000 -1.000000 -0.000001
vn 0.000000 -1.000000 -0.000001
vn 0.000000 -0.000000 -1.000000
vn 0.000000 -0.000000 -1.000000
vn 0.000000 -0.000000 -1.000000
vn 0.000000 -0.000000 -1.000000
vn -0.000000 1.000000 0.000001
vn -0.000000 1.000000 0.000001
vn -0.000000 1.000000 0.000001
vn -0.000000 1.000000 0.000001
vn 0.000000 -1.000000 0.000000
vn 0.000000 -1.000000 0.000000
vn 0.000000 -1.000000 0.000000
vn 0.000000 -1.000000 0.000000
vn -0.000000 1.000000 -0.000000
vn -0.000000 1.000000 -0.000000
vn -0.000000 1.000000 -0.000000
vn -0.000000 1.000000 -0.000000
vn 1.000000 0.000000 0.000000
vn 1.000000 0.000000 0.000000
vn 1.000000 0.000000 0.000000
vn 1.000000 0.000000 0.000000
vn 0.000000 -1.000000 0.000000
vn 0.000000 -1.000000 0.000000
vn 0.000000 -1.000000 0.000000
vn 0.000000 -1.000000 0.000000
vn 1.000000 0.000000 0.000000
vn 1.000000 0.000000 0.000000
vn 1.000000 0.000000 0.000000
vn 1.000000 0.000000 0.000000
vn 0.000000 -1.000000 0.000000
vn 0.000000 -1.000000 0.000000
vn 0.000000 -1.000000 0.000000
vn 0.000000 -1.000000 0.000000
vn 1.000000 0.000000 0.000000
vn 1.000000 0.000000 0.000000
vn 1.000000 0.000000 0.000000
vn 1.000000 0.000000 0.000000
vn -0.000000 1.000000 -0.000000
vn -0.000000 1.000000 -0.000000
vn -0.000000 1.000000 -0.000000
vn -0.000000 1.000000 -0.000000
vn 1.000000 0.000000 0.000000
vn 1.000000 0.000000 0.000000
vn 1.000000 0.000000 0.000000
vn 1.000000 0.000000 0.000000
vn 0.000000 -1.000000 0.000000
vn 0.000000 -1.000000 0.000000
vn 0.000000 -1.000000 0.000000
vn 0.000000 -1.000000 0.000000
vn -0.000000 1.000000 0.000000
vn -0.000000 1.000000 0.000000
vn -0.000000 1.000000 0.000000
vn -0.000000 1.000000 0.000000
vn -0.000000 1.000000 -0.000000
vn -0.000000 1.000000 -0.000000
vn -0.000000 1.000000 -0.000000
vn -0.000000 1.000000 -0.000000
vn 0.000000 -1.000000 0.000000
vn 0.000000 -1.000000 0.000000
vn 0.000000 -1.000000 0.000000
vn 0.000000 -1.000000 0.000000
vn -0.000000 0.000000 1.000000
vn -0.000000 0.000000 1.000000
vn -0.000000 0.000000 1.000000
vn -0.000000 0.000000 1.000000
vn -0.000000 1.000000 -0.000000
vn -0.000000 1.000000 -0.000000
vn -0.000000 1.000000 -0.000000
vn -0.000000 1.000000 -0.000000
s off
g Wall_CornerFBXASC046007
usemtl Wall_1SG
f 656/1481/1 1283/569/2 1/556/3 1296/1459/4
f 1286/792/5 2/343/6 1292/1361/7 1287/1445/8
f 134/523/9 1295/166/10 3/1003/11 1291/806/12
f 136/971/13 647/1466/14 646/814/15 135/1181/16
f 141/985/17 5/1434/18 661/563/19 133/745/20
f 726/1/21 142/759/22 1297/1182/23 725/226/24
f 139/537/25 18/1388/26 4/779/27 140/325/28
f 7/357/29 1298/972/30 54/1334/31 41/1374/32
f 22/749/33 1299/105/34 1300/1399/35 23/1402/36
f 20/315/37 731/17/38 143/1414/39 6/1214/40
f 1302/326/41 26/108/42 8/141/43 10/572/44
f 732/1311/45 27/763/46 9/795/47 733/454/48
f 148/1141/49 651/829/50 652/605/51 664/786/52
f 1301/539/53 1303/986/54 735/899/55 146/703/56
f 29/1200/57 147/1356/58 11/1229/59 1304/760/60
f 654/1051/61 653/1259/62 12/1018/63 1282/1431/64
f 1305/1415/65 1288/1226/66 1293/710/67 13/1421/68
f 1284/355/69 1306/1197/70 14/1448/71 138/1398/72
f 655/187/73 1285/1015/74 1294/1029/75 17/93/76
f 1289/369/77 648/1246/78 16/371/79 137/104/80
f 648/1246/81 655/187/82 17/93/83 16/371/84
f 1290/153/85 149/283/86 1307/340/87 650/173/88
f 150/59/89 657/1205/90 659/129/91 658/994/92
f 727/661/93 1308/119/94 19/527/95 660/1425/96
f 649/390/97 15/585/98 151/718/99 728/440/100
f 655/187/101 648/1246/102 729/1100/103 662/349/104
f 1309/776/105 107/1471/106 54/1334/107 1298/972/108
f 22/749/109 23/1402/110 24/1185/111 25/329/112
f 20/315/113 21/975/114 730/883/115 731/17/116
f 1302/326/117 1312/1000/118 1310/553/119 26/108/120
f 732/1311/121 152/498/122 28/542/123 27/763/124
f 663/1008/125 664/786/126 652/605/127 32/1418/128
f 31/122/129 146/703/130 735/899/131 734/240/132
f 29/1200/133 30/989/134 153/1153/135 147/1356/136
f 144/1195/137 35/63/138 34/932/139 145/928/140
f 145/928/141 34/932/142 33/1144/143 1311/1211/144
f 667/362/145 38/287/146 1318/1371/147 670/577/148
f 1313/719/149 1314/499/150 1319/628/151 36/1359/152
f 155/74/153 157/512/154 37/502/155 1322/733/156
f 45/736/157 156/1370/158 1323/1385/159 679/532/160
f 1324/1168/161 154/941/162 740/616/163 1326/90/164
f 675/1176/165 1325/312/166 39/945/167 163/902/168
f 160/732/169 161/457/170 164/677/171 162/243/172
f 682/754/173 41/1374/174 54/1334/175 681/980/176
f 55/475/177 684/1190/178 683/1408/179 165/1330/180
f 52/906/181 40/722/182 166/1116/183 167/256/184
f 686/113/185 685/334/186 42/1157/187 688/548/188
f 168/33/189 1327/746/190 43/301/191 58/694/192
f 172/916/193 746/415/194 63/707/195 44/78/196
f 169/690/197 170/471/198 692/493/199 171/1129/200
f 173/46/201 745/633/202 1328/524/203 61/272/204
f 665/1439/205 669/800/206 687/769/207 1331/691/208
f 1329/257/209 46/709/210 1320/851/211 1315/1154/212
f 671/1234/213 159/956/214 47/1171/215 175/483/216
f 666/1220/217 50/461/218 1321/957/219 672/1023/220
f 1316/942/221 158/298/222 49/681/223 678/1393/224
f 678/1393/225 49/681/226 50/461/227 666/1220/228
f 1317/75/229 680/320/230 1330/34/231 174/1344/232
f 48/960/233 737/401/234 738/184/235 668/147/236
f 674/518/237 739/840/238 177/1510/239 736/674/240
f 677/98/241 673/739/242 51/1120/243 176/268/244
f 666/1220/245 741/1270/246 676/966/247 678/1393/248
f 1332/472/249 681/980/250 54/1334/251 107/1471/252
f 55/475/253 57/920/254 56/260/255 684/1190/256
f 52/906/257 167/256/258 1333/1130/259 53/37/260
f 686/113/261 688/548/262 689/278/263 690/56/264
f 168/33/265 58/694/266 59/1348/267 178/1288/268
f 60/1133/269 64/487/270 63/707/271 746/415/272
f 179/431/273 691/714/274 692/493/275 170/471/276
f 173/46/277 61/272/278 62/50/279 1334/917/280
f 742/1060/281 743/199/282 66/1514/283 67/654/284
f 743/199/285 744/1492/286 65/220/287 66/1514/288
f 694/937/289 751/427/290 1340/704/291 693/1149/292
f 68/435/293 69/1094/294 1341/249/295 1336/1345/296
f 79/247/297 747/1073/298 70/878/299 182/650/300
f 181/874/301 705/1327/302 1343/284/303 1335/47/304
f 187/665/305 72/1305/306 1345/1302/307 180/216/308
f 700/727/309 189/1104/310 1349/666/311 1348/7/312
f 185/230/313 188/444/314 71/10/315 186/6/316
f 1351/1105/317 190/887/318 123/1013/319 107/1472/320
f 1350/445/321 191/22/322 74/234/323 711/1125/324
f 88/848/325 192/1316/326 1352/888/327 73/448/328
f 707/253/329 1353/23/330 75/891/331 706/1113/332
f 193/1052/333 91/422/334 76/669/335 1354/1317/336
f 757/811/337 78/1108/338 96/1080/339 758/588/340
f 194/830/341 708/30/342 709/687/343 195/1482/344
f 197/405/345 94/641/346 77/1320/347 196/1260/348
f 695/69/349 1357/903/350 81/1264/351 750/1284/352
f 1355/458/353 1337/484/354 1342/463/355 82/894/356
f 749/1506/357 1356/244/358 83/192/359 748/856/360
f 696/1365/361 87/1068/362 184/1090/363 752/212/364
f 1338/269/365 183/1301/366 86/409/367 704/84/368
f 704/84/369 86/409/370 87/1068/371 696/1365/372
f 1339/929/373 80/26/374 753/1450/375 703/306/376
f 85/624/377 697/507/378 1346/1091/379 199/844/380
f 699/951/381 1358/678/382 1359/1331/383 1344/60/384
f 702/1162/385 84/1486/386 198/188/387 698/293/388
f 696/1365/389 1347/231/390 701/1379/391 704/84/392
f 1360/1117/393 124/791/394 123/1013/395 190/887/396
f 1350/445/397 711/1125/398 710/468/399 200/620/400
f 88/848/401 89/1500/402 201/1274/403 192/1316/404
f 707/253/405 93/864/406 90/1278/407 1353/23/408
f 193/1052/409 1361/845/410 92/207/411 91/422/412
f 759/1243/413 758/588/414 96/1080/415 97/805/416
f 1362/621/417 195/1482/418 709/687/419 712/912/420
f 197/405/421 202/1064/422 95/1292/423 94/641/424
f 754/1231/425 100/1028/426 99/1239/427 755/373/428
f 755/373/429 99/1239/430 98/582/431 756/157/432
f 761/170/433 104/381/434 101/165/435 1364/1065/436
f 713/43/437 714/1341/438 1369/194/439 102/1458/440
f 203/203/441 1367/638/442 103/597/443 115/775/444
f 717/925/445 204/1496/446 1376/651/447 1373/432/448
f 760/1033/449 118/999/450 1382/1039/451 1386/392/452
f 1378/162/453 1385/607/454 105/1042/455 210/363/456
f 207/1077/457 208/860/458 211/1024/459 209/578/460
f 108/1251/461 107/1472/462 123/1013/463 212/801/464
f 765/1048/465 719/1353/466 718/700/467 766/825/468
f 121/568/469 106/819/470 213/1454/471 214/1235/472
f 724/1086/473 110/178/474 1388/831/475 126/1225/476
f 1387/1053/477 215/377/478 109/395/479 127/367/480
f 770/765/481 220/1038/482 722/646/483 112/610/484
f 1390/1261/485 217/815/486 218/593/487 1391/406/488
f 771/1422/489 219/1247/490 111/834/491 769/991/492
f 762/1463/493 1363/1275/494 114/118/495 1395/351/496
f 113/339/497 116/1044/498 1368/383/499 715/480/500
f 1365/204/501 1370/861/502 117/1210/503 1393/1427/504
f 763/602/505 1366/1497/506 1371/1511/507 120/1430/508
f 716/265/509 1372/1289/510 119/135/511 206/419/512
f 1372/1289/513 763/602/514 120/1430/515 119/135/516
f 205/637/517 1375/875/518 1394/1207/519 1392/189/520
f 222/1467/521 224/391/522 1383/175/523 764/387/524
f 1377/378/525 1381/1248/526 1397/788/527 1396/131/528
f 1374/217/529 1379/816/530 223/606/531 221/174/532
f 763/602/533 1372/1289/534 1380/594/535 1384/1468/536
f 125/1444/537 212/801/538 123/1013/539 124/791/540
f 765/1048/541 767/1477/542 720/1138/543 719/1353/544
f 121/568/545 214/1235/546 225/114/547 122/354/548
f 724/1086/549 126/1225/550 1398/565/551 723/1297/552
f 1387/1053/553 127/367/554 128/152/555 226/1409/556
f 1399/1222/557 721/869/558 722/646/559 220/1038/560
f 228/335/561 768/1256/562 218/593/563 217/815/564
f 771/1422/565 769/991/566 229/995/567 129/1384/568
f 1389/1483/569 216/161/570 131/310/571 132/89/572
f 216/161/573 227/549/574 130/1167/575 131/310/576
f 785/515/577 776/559/578 774/125/579 772/1202/580
f 777/1217/581 778/1005/582 775/782/583 303/1312/584
f 1402/1441/585 779/144/586 233/350/587 246/307/588
f 810/66/589 787/963/590 783/1020/591 781/574/592
f 307/1257/593 782/359/594 235/787/595 302/662/596
f 805/934/597 784/797/598 773/345/599 804/275/600
f 800/331/601 788/737/602 790/1173/603 792/95/604
f 793/751/605 310/1478/606 791/317/607 794/529/608
f 1405/1025/609 255/1191/610 287/266/611 883/1198/612
f 816/1376/613 312/402/614 286/1126/615 817/1110/616
f 811/724/617 796/977/618 798/1405/619 802/1350/620
f 314/841/621 309/185/622 241/1163/623 797/110/624
f 809/289/625 808/1146/626 789/1390/627 799/545/628
f 312/402/629 882/540/630 780/1436/631 305/826/632
f 256/981/633 862/1070/634 279/31/635 247/967/636
f 287/266/637 255/1191/638 246/307/639 233/350/640
f 797/110/641 241/1163/642 251/321/643 801/53/644
f 237/1221/645 258/481/646 259/1139/647 240/1440/648
f 818/895/649 862/1070/650 256/981/651 325/1232/652
f 794/529/653 791/317/654 806/711/655 807/1362/656
f 242/952/657 257/701/658 252/99/659 239/148/660
f 782/359/661 786/303/662 243/85/663 235/787/664
f 230/770/665 234/130/666 250/1177/667 249/1394/668
f 844/1096/669 1400/1010/670 247/967/671 279/31/672
f 778/1005/673 293/647/674 803/490/675 775/782/676
f 236/564/677 232/1206/678 244/1380/679 248/740/680
f 799/545/681 789/1390/682 313/1061/683 315/1493/684
f 251/321/685 241/1163/686 309/185/687 316/1271/688
f 784/797/689 308/1049/690 306/603/691 773/345/692
f 231/1426/693 304/1101/694 305/826/695 780/1436/696
f 243/85/697 317/416/698 302/662/699 235/787/700
f 795/1187/701 877/822/702 875/384/703 311/617/704
f 856/1266/705 873/1460/706 880/1045/707 1401/149/708
f 253/755/709 878/599/710 876/167/711 238/1009/712
f 900/686/713 819/1172/714 821/464/715 829/697/716
f 275/675/717 889/1001/718 890/777/719 894/139/720
f 829/697/721 821/464/722 888/341/723 830/477/724
f 898/76/725 896/570/726 820/1322/727 901/1169/728
f 902/958/729 1403/579/730 879/1253/731 338/1188/732
f 886/1416/733 815/81/734 320/634/735 329/589/736
f 1404/364/737 872/807/738 331/1034/739 321/360/740
f 332/812/741 260/926/742 884/987/743 326/1021/744
f 891/1432/745 323/798/746 261/57/747 892/1212/748
f 323/798/749 332/812/750 326/1021/751 261/57/752
f 260/926/753 897/299/754 262/1354/755 884/987/756
f 814/948/757 812/504/758 272/508/759 881/761/760
f 328/1451/761 899/734/762 271/728/763 1406/802/764
f 263/494/765 903/91/766 869/583/767 871/1030/768
f 906/313/769 832/922/770 833/643/771 905/525/772
f 887/554/773 826/1122/774 827/262/775 885/120/776
f 835/1082/777 836/866/778 822/250/779 824/683/780
f 319/857/781 828/39/782 813/1159/783 264/279/784
f 825/1337/785 823/909/786 838/1294/787 837/1517/788
f 904/1386/789 834/424/790 836/866/791 835/1082/792
f 270/70/793 267/1366/794 340/111/795 345/126/796
f 336/171/797 266/715/798 274/18/799 342/546/800
f 265/938/801 335/388/802 344/992/803 831/1135/804
f 266/715/805 269/294/806 273/241/807 274/18/808
f 268/1150/809 265/938/810 831/1135/811 341/766/812
f 335/388/813 270/70/814 345/126/815 344/992/816
f 785/515/817 839/437/818 841/880/819 776/559/820
f 777/1217/821 303/1312/822 842/657/823 843/1307/824
f 810/66/825 846/13/826 848/450/827 787/963/828
f 307/1257/829 302/662/830 281/469/831 847/671/832
f 865/1227/833 864/1503/834 840/222/835 849/180/836
f 800/331/837 792/95/838 853/1057/839 851/612/840
f 793/751/841 855/1488/842 854/836/843 310/1478/844
f 816/1376/845 324/575/846 882/541/847 312/402/848
f 811/724/849 802/1350/850 859/852/851 857/411/852
f 314/841/853 858/195/854 289/1285/855 309/185/856
f 868/1446/857 860/629/858 852/397/859 867/154/860
f 312/402/861 305/826/862 845/236/863 286/1127/864
f 858/195/865 861/1280/866 297/2/867 289/1285/868
f 283/913/869 288/44/870 301/884/871 300/227/872
f 855/1488/873 254/533/874 866/1016/875 854/836/876
f 290/1074/877 285/1342/878 298/1298/879 299/441/880
f 847/671/881 281/469/882 291/213/883 850/1474/884
f 276/455/885 295/1087/886 296/870/887 280/1328/888
f 843/1307/889 842/657/890 863/209/891 245/519/892
f 282/254/893 294/428/894 292/1507/895 278/900/896
f 860/629/897 315/1493/898 313/1061/899 852/397/900
f 297/2/901 316/1271/902 309/185/903 289/1285/904
f 849/180/905 840/222/906 306/603/907 308/1049/908
f 277/1114/909 845/236/910 305/826/911 304/1101/912
f 291/213/913 281/469/914 302/662/915 317/416/916
f 284/688/917 311/617/918 875/384/919 874/1240/920
f 886/1417/921 329/590/922 330/374/923 322/145/924
f 322/145/925 330/374/926 331/1035/927 872/808/928
f 327/158/929 893/356/930 337/1406/931 895/793/932
f 887/554/933 318/200/934 870/370/935 826/1122/936
f 336/171/937 342/546/938 343/1203/939 333/1464/940
f 333/1464/941 343/1203/942 339/332/943 334/1244/944
f 944/692/945 386/1308/946 1408/1236/947 945/420/948
f 977/1011/949 958/1303/950 960/232/951 490/271/952
f 349/1006/953 375/276/954 346/1423/955 369/478/956
f 401/1071/957 1413/322/958 349/1006/959 369/478/960
f 362/964/961 346/1423/962 375/276/963 1407/1455/964
f 960/232/965 1408/1236/966 386/1308/967 490/271/968
f 908/747/969 1409/968/970 974/846/971 973/1066/972
f 909/1400/973 907/973/974 972/407/975 921/61/976
f 932/1106/977 936/459/978 982/150/979 986/1026/980
f 928/1155/981 931/1318/982 396/465/983 1416/534/984
f 935/679/985 355/1377/986 1414/100/987 984/580/988
f 981/365/989 399/40/990 394/28/991 914/1131/992
f 983/803/993 1415/756/994 959/446/995 987/163/996
f 987/163/997 959/446/998 397/1123/999 464/1002/1000
f 915/270/1001 975/1498/1002 356/1160/1003 911/327/1004
f 918/485/1005 980/1223/1006 359/738/1007 1412/1178/1008
f 468/944/1009 926/720/1010 924/285/1011 938/904/1012
f 393/251/1013 913/1346/1014 910/1183/1015 933/245/1016
f 353/949/1017 1421/550/1018 939/35/1019 925/943/1020
f 1420/1410/1021 1410/741/1022 934/24/1023 927/1372/1024
f 352/1218/1025 360/516/1026 929/889/1027 402/853/1028
f 927/1372/1029 934/24/1030 912/106/1031 440/1228/1032
f 354/725/1033 937/1118/1034 360/516/1035 352/1218/1036
f 460/121/1037 459/342/1038 942/258/1039 940/1332/1040
f 385/14/1041 946/205/1042 943/918/1043 1081/347/1044
f 387/451/1045 952/1512/1046 949/1290/1047 947/862/1048
f 971/622/1049 948/639/1050 365/530/1051 384/290/1052
f 967/1262/1053 950/1078/1054 941/473/1055 1041/1050/1056
f 461/778/1057 953/652/1058 955/1092/1059 390/672/1060
f 391/1323/1061 957/8/1062 956/876/1063 347/560/1064
f 462/555/1065 961/1469/1066 963/393/1067 463/1213/1068
f 1078/767/1069 389/896/1070 371/923/1071 962/1249/1072
f 970/1484/1073 969/190/1074 954/433/1075 964/176/1076
f 962/1249/1077 371/923/1078 378/491/1079 965/832/1080
f 367/978/1081 382/1363/1082 383/505/1083 370/263/1084
f 347/560/1085 956/876/1086 968/1054/1087 380/935/1088
f 372/698/1089 381/67/1090 379/1147/1091 368/752/1092
f 948/639/1093 951/218/1094 373/1351/1095 365/530/1096
f 361/1174/1097 364/1391/1098 377/712/1099 376/54/1100
f 946/205/1101 348/346/1102 966/608/1103 943/918/1104
f 366/318/1105 363/96/1106 374/1136/1107 422/1254/1108
f 964/176/1109 954/433/1110 1083/784/1111 1084/561/1112
f 378/491/1113 371/923/1114 389/896/1115 505/25/1116
f 950/1078/1117 388/237/1118 1082/127/1119 941/473/1120
f 373/1351/1121 392/1111/1122 384/290/1123 365/530/1124
f 981/366/1125 920/930/1126 400/1338/1127 399/41/1128
f 992/817/1129 989/595/1130 988/1456/1131 424/181/1132
f 1005/133/1133 430/1489/1134 991/1040/1135 1003/1208/1136
f 349/1006/1137 407/867/1138 405/425/1139 375/276/1140
f 1004/997/1141 407/867/1142 349/1006/1143 1413/322/1144
f 990/379/1145 1407/1455/1146 375/276/1147 405/425/1148
f 991/1040/1149 430/1489/1150 424/181/1151 988/1456/1152
f 995/983/1153 1423/996/1154 974/846/1155 1409/968/1156
f 993/535/1157 1137/1282/1158 438/794/1159 994/323/1160
f 1044/1258/1161 1046/186/1162 985/1237/1163 358/82/1164
f 1048/618/1165 916/48/1166 976/1276/1167 1422/336/1168
f 1000/116/1169 1048/618/1170 1422/336/1171 508/246/1172
f 398/910/1173 1047/842/1174 408/644/1175 350/783/1176
f 1047/842/1177 1010/1368/1178 1007/566/1179 408/644/1180
f 435/571/1181 997/1412/1182 1019/743/1183 1049/1272/1184
f 1424/771/1185 1425/495/1186 1012/296/1187 1014/730/1188
f 434/1433/1189 411/223/1190 357/304/1191 351/1437/1192
f 410/1083/1193 1013/954/1194 939/35/1195 1421/550/1196
f 518/1499/1197 1015/1382/1198 1020/521/1199 998/1193/1200
f 409/1295/1201 469/77/1202 1017/308/1203 1045/403/1204
f 1015/1382/1205 440/1228/1206 912/106/1207 1020/521/1208
f 354/725/1209 409/1295/1210 1045/403/1211 937/1118/1212
f 1029/871/1213 1021/1179/1214 1023/102/1215 488/1347/1216
f 423/398/1217 1128/1325/1218 1024/1396/1219 404/1281/1220
f 1042/827/1221 1025/1508/1222 1027/429/1223 489/486/1224
f 426/613/1225 487/49/1226 415/1097/1227 1026/1286/1228
f 967/1262/1229 1041/1050/1230 1022/969/1231 1028/214/1232
f 431/630/1233 428/1058/1234 1032/1088/1235 1030/648/1236
f 429/196/1237 406/210/1238 1033/228/1239 1034/3/1240
f 432/412/1241 433/140/1242 1037/1102/1243 1035/663/1244
f 1043/1479/1245 1036/442/1246 420/823/1247 427/1267/1248
f 970/1484/1249 1038/885/1250 1031/1299/1251 969/190/1252
f 1036/442/1253 965/832/1254 378/491/1255 420/823/1256
f 417/600/1257 419/1046/1258 383/505/1259 382/1363/1260
f 406/210/1261 380/935/1262 968/1054/1263 1033/228/1264
f 421/1475/1265 418/385/1266 379/1147/1267 381/67/1268
f 1026/1286/1269 415/1097/1270 373/1351/1271 951/218/1272
f 412/1518/1273 376/54/1274 377/712/1275 414/438/1276
f 404/1281/1277 1024/1396/1278 966/608/1279 348/346/1280
f 416/881/1281 422/1254/1282 374/1136/1283 413/658/1284
f 1038/885/1285 1040/1313/1286 1039/19/1287 1031/1299/1288
f 378/491/1289 505/25/1290 427/1267/1291 420/823/1292
f 1028/214/1293 1022/969/1294 425/837/1295 1129/466/1296
f 373/1351/1297 415/1097/1298 487/49/1299 392/1111/1300
f 441/914/1301 443/809/1302 439/1447/1303 436/281/1304
f 1066/591/1305 1054/417/1306 1052/1494/1307 1050/1062/1308
f 1055/1075/1309 1056/858/1310 1053/635/1311 492/706/1312
f 944/693/1313 1057/576/1314 448/1461/1315 386/1309/1316
f 493/1358/1317 1059/1022/1318 1058/361/1319 494/1143/1320
f 1085/1219/1321 1067/1245/1322 1064/159/1323 1062/1233/1324
f 496/62/1325 1063/375/1326 451/107/1327 491/931/1328
f 388/238/1329 1065/813/1330 1051/201/1331 1082/128/1332
f 1077/993/1333 1068/1036/1334 1070/1465/1335 1072/389/1336
f 500/9/1337 499/233/1338 1071/604/1339 1123/673/1340
f 977/1012/1341 490/273/1342 483/695/1343 1088/1438/1344
f 1089/1161/1345 501/668/1346 1080/1204/1347 1140/1505/1348
f 1086/1007/1349 1073/112/1350 1075/547/1351 1079/1424/1352
f 503/1107/1353 498/1093/1354 457/1419/1355 1074/1407/1356
f 1084/562/1357 1083/785/1358 1069/172/1359 1076/333/1360
f 501/668/1361 1426/280/1362 1061/1452/1363 494/1143/1364
f 430/1490/1365 455/988/1366 449/1184/1367 424/182/1368
f 483/695/1369 490/273/1370 386/1309/1371 448/1461/1372
f 1074/1407/1373 457/1419/1374 389/897/1375 1078/768/1376
f 453/543/1377 462/557/1378 463/1215/1379 456/762/1380
f 1141/645/1381 455/988/1382 430/1490/1383 1005/134/1384
f 1123/673/1385 1071/604/1386 957/11/1387 391/1324/1388
f 458/1199/1389 461/780/1390 390/672/1391 454/328/1392
f 1063/375/1393 971/623/1394 384/291/1395 451/107/1396
f 444/584/1397 450/974/1398 952/1513/1399 387/452/1400
f 1060/799/1401 992/818/1402 424/182/1403 449/1184/1404
f 1056/858/1405 385/15/1406 1081/348/1407 1053/635/1408
f 452/1401/1409 447/168/1410 459/342/1411 460/123/1412
f 1080/1204/1413 501/668/1414 494/1143/1415 1058/361/1416
f 1076/333/1417 1069/172/1418 502/447/1419 504/890/1420
f 1087/146/1421 1426/280/1422 501/668/1423 1089/1161/1424
f 389/897/1425 457/1419/1426 498/1093/1427 505/25/1428
f 1065/813/1429 497/1304/1430 495/286/1431 1051/201/1432
f 445/1241/1433 493/1358/1434 494/1143/1435 1061/1452/1436
f 384/291/1437 392/1111/1438 491/931/1439 451/107/1440
f 1119/726/1441 1134/1124/1442 1137/1283/1443 993/536/1444
f 909/1403/1445 921/64/1446 1120/506/1447 1122/16/1448
f 1096/962/1449 1145/587/1450 1090/950/1451 1098/1175/1452
f 526/219/1453 1092/1378/1454 1009/72/1455 1016/1165/1456
f 1098/1175/1457 1090/950/1458 1091/83/1459 1147/439/1460
f 930/667/1461 1418/982/1462 1146/1296/1463 472/300/1464
f 1411/1395/1465 917/705/1466 922/1357/1467 525/434/1468
f 1018/87/1469 522/863/1470 1006/1428/1471 1008/352/1472
f 1143/1084/1473 1001/773/1474 1139/211/1475 511/1333/1476
f 919/1142/1477 1133/1339/1478 513/847/1479 923/500/1480
f 515/1277/1481 516/1067/1482 465/721/1483 510/680/1484
f 1011/510/1485 466/501/1486 514/625/1487 437/1017/1488
f 466/501/1489 515/1277/1490 510/680/1491 514/625/1492
f 516/1067/1493 1417/1192/1494 978/789/1495 465/721/1496
f 999/337/1497 996/757/1498 523/1515/1499 1138/1072/1500
f 1419/115/1501 403/1504/1502 524/1291/1503 979/1442/1504
f 395/684/1505 471/513/1506 1130/252/1507 1132/685/1508
f 468/946/1509 938/905/1510 470/1373/1511 517/206/1512
f 1144/868/1513 1093/517/1514 1094/305/1515 1142/426/1516
f 1099/319/1517 1104/979/1518 1151/1310/1519 1100/97/1520
f 507/460/1521 473/959/1522 442/155/1523 1002/551/1524
f 467/1156/1525 521/1079/1526 1425/496/1527 1424/772/1528
f 1149/882/1529 1102/531/1530 1104/979/1531 1099/319/1532
f 1420/1411/1533 1150/659/1534 528/653/1535 1410/742/1536
f 1103/1189/1537 402/854/1538 929/892/1539 1097/1392/1540
f 520/421/1541 1101/753/1542 1095/965/1543 527/877/1544
f 1101/753/1545 518/1501/1546 998/1194/1547 1095/965/1548
f 469/79/1549 1152/1098/1550 1148/224/1551 1017/309/1552
f 519/640/1553 1103/1189/1554 1097/1392/1555 529/380/1556
f 1066/591/1557 1105/699/1558 1107/1137/1559 1054/417/1560
f 1055/1075/1561 492/706/1562 1108/924/1563 446/1031/1564
f 1085/1219/1565 1109/55/1566 1111/492/1567 1067/1245/1568
f 496/62/1569 491/931/1570 477/314/1571 1110/1352/1572
f 1129/467/1573 425/838/1574 1106/479/1575 1112/277/1576
f 1077/993/1577 1072/389/1578 1115/1364/1579 1113/936/1580
f 500/9/1581 1118/68/1582 1116/1148/1583 499/233/1584
f 1086/1007/1585 1079/1424/1586 1126/898/1587 1124/453/1588
f 503/1107/1589 1125/1112/1590 485/1132/1591 498/1093/1592
f 1040/1314/1593 1127/29/1594 1114/713/1595 1039/20/1596
f 1125/1112/1597 1043/1480/1598 427/1268/1599 485/1132/1600
f 479/748/1601 484/474/1602 433/142/1603 432/413/1604
f 1118/68/1605 429/197/1606 1034/4/1607 1116/1148/1608
f 486/919/1609 482/36/1610 428/1058/1611 431/631/1612
f 1110/1352/1613 477/314/1614 487/51/1615 426/614/1616
f 474/735/1617 1042/828/1618 489/488/1619 476/1170/1620
f 446/1031/1621 1108/924/1622 1128/1326/1623 423/399/1624
f 478/92/1625 1029/872/1626 488/1347/1627 475/1387/1628
f 1127/29/1629 504/890/1630 502/447/1631 1114/713/1632
f 427/1268/1633 505/25/1634 498/1093/1635 485/1132/1636
f 1112/277/1637 1106/479/1638 495/286/1639 497/1304/1640
f 487/51/1641 477/314/1642 491/931/1643 392/1111/1644
f 480/526/1645 1117/292/1646 1136/42/1647 1135/264/1648
f 1117/292/1649 481/259/1650 1121/239/1651 1136/42/1652
f 1143/1085/1653 511/1335/1654 512/1119/1655 509/907/1656
f 509/907/1657 512/1119/1658 513/849/1659 1133/1340/1660
f 1144/868/1661 506/1319/1662 1131/911/1663 1093/517/1664
f 520/421/1665 527/877/1666 528/655/1667 1150/660/1668
f 519/640/1669 529/380/1670 1148/225/1671 1152/1099/1672
f 1169/358/1673 1153/824/1674 1155/1255/1675 1157/183/1676
f 1161/1059/1677 607/58/1678 1156/1047/1679 1162/839/1680
f 1195/558/1681 551/1224/1682 534/1041/1683 1163/1491/1684
f 608/1355/1685 609/1089/1686 1427/939/1687 1160/400/1688
f 1202/723/1689 1165/414/1690 1167/855/1691 1171/796/1692
f 611/5/1693 606/927/1694 536/1470/1695 1166/198/1696
f 1197/1004/1697 1196/344/1698 1154/601/1699 1168/632/1700
f 1191/1201/1701 1176/1449/1702 1174/1019/1703 1172/573/1704
f 1177/586/1705 1178/372/1706 1175/156/1707 614/229/1708
f 1275/1265/1709 1184/169/1710 1186/1186/1711 559/1457/1712
f 1211/94/1713 1260/1516/1714 1429/1367/1715 616/664/1716
f 1203/1375/1717 1193/124/1718 1189/764/1719 1187/330/1720
f 618/1103/1721 1188/109/1722 545/1429/1723 613/443/1724
f 1201/947/1725 1190/544/1726 1173/1230/1727 1200/1216/1728
f 616/664/1729 609/1089/1730 1164/1269/1731 542/1263/1732
f 602/45/1733 552/1014/1734 585/731/1735 543/408/1736
f 1186/1186/1737 534/1041/1738 551/1224/1739 559/1457/1740
f 1188/109/1741 1192/990/1742 556/368/1743 545/1429/1744
f 538/394/1745 544/191/1746 562/744/1747 561/970/1748
f 1261/656/1749 1262/436/1750 602/45/1751 543/408/1752
f 1178/372/1753 1199/1435/1754 1198/781/1755 1175/156/1756
f 546/1209/1757 541/1485/1758 557/1027/1759 560/1238/1760
f 1166/198/1761 536/1470/1762 547/353/1763 1170/143/1764
f 530/164/1765 554/1443/1766 555/581/1767 535/177/1768
f 1159/615/1769 585/731/1770 552/1014/1771 1158/1476/1772
f 1162/839/1773 1156/1047/1774 1194/1420/1775 549/790/1776
f 537/609/1777 553/151/1778 548/136/1779 533/1250/1780
f 1429/1367/1781 1427/939/1782 609/1089/1783 616/664/1784
f 1190/544/1785 619/242/1786 617/1315/1787 1173/1230/1788
f 1185/1404/1789 1211/94/1790 616/664/1791 542/1263/1792
f 556/368/1793 620/21/1794 613/443/1795 545/1429/1796
f 1168/632/1797 1154/601/1798 610/873/1799 612/1300/1800
f 531/820/1801 1164/1269/1802 609/1089/1803 608/1355/1804
f 547/353/1805 536/1470/1806 606/927/1807 621/676/1808
f 1179/1032/1809 615/886/1810 1206/80/1811 1204/1158/1812
f 1182/1242/1813 1428/716/1814 1436/953/1815 1180/810/1816
f 615/886/1817 1183/386/1818 1181/1462/1819 1206/80/1820
f 558/804/1821 539/1055/1822 565/324/1823 1269/1473/1824
f 1207/132/1825 1229/65/1826 1215/976/1827 1209/101/1828
f 1218/261/1829 1276/1056/1830 1267/1043/1831 1217/476/1832
f 1229/65/1833 1219/921/1834 1216/750/1835 1215/976/1836
f 1225/708/1837 1208/514/1838 564/1180/1839 1273/835/1840
f 1430/1151/1841 577/497/1842 1268/821/1843 1270/1252/1844
f 1212/1389/1845 1205/302/1846 632/202/1847 625/619/1848
f 1264/879/1849 567/758/1850 623/1115/1851 1435/1164/1852
f 625/619/1853 632/202/1854 567/758/1855 1264/879/1856
f 1271/396/1857 624/901/1858 1205/302/1859 1212/1389/1860
f 634/636/1861 628/843/1862 568/538/1863 1210/961/1864
f 1266/382/1865 1263/1095/1866 633/859/1867 569/1196/1868
f 569/1196/1869 633/859/1870 628/843/1871 634/636/1872
f 1210/961/1873 568/538/1874 1274/611/1875 1272/179/1876
f 1434/509/1877 1437/86/1878 640/430/1879 1432/71/1880
f 630/1273/1881 627/1063/1882 576/774/1883 1224/52/1884
f 631/418/1885 1213/528/1886 644/376/1887 579/940/1888
f 572/1413/1889 635/1287/1890 575/998/1891 1439/520/1892
f 1214/316/1893 1265/598/1894 1227/1145/1895 1226/489/1896
f 1230/1360/1897 1222/1134/1898 1220/696/1899 1231/503/1900
f 622/456/1901 566/103/1902 1433/729/1903 581/1369/1904
f 1223/274/1905 1232/288/1906 1233/12/1907 1221/1349/1908
f 563/1397/1909 1214/316/1910 1226/489/1911 1278/1487/1912
f 1280/410/1913 1230/1360/1914 1231/503/1915 1234/1306/1916
f 1438/1381/1917 1431/295/1918 1279/626/1919 1281/137/1920
f 1235/449/1921 580/717/1922 578/282/1923 636/1076/1924
f 638/1509/1925 643/592/1926 1228/933/1927 571/117/1928
f 570/984/1929 582/1152/1930 645/1037/1931 637/215/1932
f 571/117/1933 1228/933/1934 642/1453/1935 574/338/1936
f 573/552/1937 641/160/1938 582/1152/1939 570/984/1940
f 637/215/1941 645/1037/1942 580/717/1943 1235/449/1944
f 1169/358/1945 1157/183/1946 1238/670/1947 1236/235/1948
f 1161/1059/1949 532/596/1950 1239/1321/1951 607/58/1952
f 1202/723/1953 1171/796/1954 1242/27/1955 1240/1109/1956
f 611/5/1957 1241/248/1958 587/1166/1959 606/927/1960
f 1256/642/1961 1243/682/1962 1237/893/1963 1255/865/1964
f 1191/1201/1965 1245/1121/1966 1247/38/1967 1176/1449/1968
f 1177/586/1969 614/229/1970 1248/1336/1971 540/833/1972
f 1203/1375/1973 1249/1069/1974 1251/1502/1975 1193/124/1976
f 618/1103/1977 613/443/1978 592/311/1979 1250/850/1980
f 1259/221/1981 1258/1081/1982 1246/908/1983 1252/1279/1984
f 1250/850/1985 592/311/1986 599/1343/1987 1253/423/1988
f 589/88/1989 604/482/1990 605/1140/1991 591/522/1992
f 540/833/1993 1248/1336/1994 1257/1293/1995 601/267/1996
f 593/32/1997 603/702/1998 600/1128/1999 590/1383/2000
f 1241/248/2001 1244/462/2002 594/1329/2003 587/1166/2004
f 583/297/2005 586/511/2006 598/689/2007 597/915/2008
f 532/596/2009 550/567/2010 1254/208/2011 1239/1321/2012
f 588/955/2013 584/73/2014 595/470/2015 596/255/2016
f 1252/1279/2017 1246/908/2018 617/1315/2019 619/242/2020
f 599/1343/2021 592/311/2022 613/443/2023 620/21/2024
f 1243/682/2025 612/1300/2026 610/873/2027 1237/893/2028
f 594/1329/2029 621/676/2030 606/927/2031 587/1166/2032
f 629/1495/2033 1277/193/2034 639/649/2035 626/404/2036
f 638/1509/2037 1281/138/2038 1279/627/2039 643/592/2040
