# This file uses centimeters as units for non-parametric coordinates.

mtllib pillar.mtl
g default
v -1.907229 0.099748 -5.290103
v -6.723383 0.099717 -1.672367
v -5.290093 1.415596 -5.097082
v -6.723383 1.415574 -1.672369
v -1.672379 1.415568 -6.723394
v -4.466152 1.462177 -4.635289
v -4.874439 2.121781 -1.465353
v -1.465371 2.121784 -5.891134
v -1.671143 2.121784 -4.635274
v -4.635273 2.121758 -1.671133
v 5.097084 0.099748 -5.290103
v 0.000000 0.099711 -6.723392
v 1.907229 0.099748 -5.290103
v 1.672379 0.099711 -6.723392
v 0.000000 0.099748 -5.563053
v 0.000000 0.099748 -5.290103
v 1.907229 1.415605 -5.290105
v 5.290086 1.415568 -1.907232
v 1.672379 1.415568 -6.723394
v 4.466160 1.462177 -4.635289
v 4.635273 1.462193 -4.466161
v 1.671143 1.462177 -4.635289
v 4.635273 1.462212 -1.671148
v 2.581264 2.121739 -2.970113
v 2.954373 2.121770 -2.359579
v 0.000000 2.121784 -5.891134
v 5.891162 2.121781 -1.465353
v 0.000000 2.121753 -4.874441
v 0.000000 2.121739 -2.970113
v 0.000000 2.121784 -4.635274
v -5.290093 0.099752 1.907223
v -6.723387 0.099731 -0.000003
v -5.290094 0.099731 -0.000003
v -5.563050 0.099731 -0.000003
v -1.672379 1.415572 5.563044
v -5.563046 1.415603 1.672389
v -5.891151 1.462203 1.465358
v -5.891151 1.462219 -0.000005
v -1.465371 1.462201 5.891154
v -2.581264 2.121791 2.970133
v -1.465371 2.121777 4.874445
v -1.465371 2.121747 5.891154
v -4.874443 2.121765 0.000010
v -4.635273 2.121792 4.466166
v -1.671143 2.121747 4.635279
v -4.635273 2.121765 0.000010
v 1.672379 0.099715 5.563046
v 0.000000 0.099731 -0.000003
v 0.000000 0.099715 5.563046
v 0.000000 0.099715 5.290097
v 5.290102 0.099731 -0.000003
v 5.563050 0.099731 -0.000003
v 1.672379 1.415572 5.563044
v 4.635273 1.462185 4.466151
v 0.000000 1.415570 5.891154
v 1.465371 1.462231 4.874431
v 4.635273 1.462227 1.671138
v 4.874439 1.462203 1.465358
v 5.891162 1.462203 1.465358
v 0.000000 2.121747 5.891154
v 1.465371 2.121747 5.891154
v 0.000000 2.121777 4.874430
v 0.000000 2.121791 2.970133
v 2.954373 2.121765 0.000010
v 4.874454 2.121765 0.000010
v 1.671143 2.121747 4.635279
v 0.000000 2.121747 4.635279
v 4.635273 2.121765 0.000010
v -5.290093 31.834114 -5.097069
v -6.723383 31.834152 -1.672386
v -1.672379 31.834146 -6.723381
v -5.097080 30.518206 -5.290091
v -5.290093 30.518196 -5.097067
v -1.672379 30.518204 -5.563040
v -1.907229 30.518206 -5.290091
v -5.290093 30.518229 -1.907217
v -2.954373 29.812017 -2.359594
v -1.671143 29.812031 -4.635290
v -4.635273 29.812065 -1.671148
v -2.581264 15.922703 -2.970137
v 5.097084 31.834124 -5.290092
v 0.000000 31.834146 -6.723381
v 5.290086 31.834146 -1.907219
v 0.000000 31.834124 -5.563042
v 0.000000 31.834124 -5.290092
v 5.290086 30.518196 -5.097067
v 0.000000 30.518229 -6.723379
v 1.672379 30.518204 -5.563040
v 6.723383 30.518234 -1.672384
v 1.672379 30.518229 -6.723379
v 4.635273 30.471592 -4.466146
v 0.000000 30.518208 -5.891134
v 1.465371 30.471607 -4.874441
v 2.581264 29.812046 -2.970129
v 2.954373 29.812017 -2.359594
v 5.891162 29.811968 -1.465368
v 0.000000 29.812061 -4.874456
v 4.466160 29.812031 -4.635290
v 1.671143 29.812031 -4.635290
v 4.635273 29.812065 -1.671148
v 0.000000 29.812031 -4.635290
v 0.000000 15.922703 -2.970137
v 2.954373 15.922735 -2.359603
v 2.581264 15.922703 -2.970137
v -5.097080 31.834089 5.290108
v -5.290093 31.834099 5.097069
v -5.563046 31.834061 1.672371
v -6.723383 31.834061 1.672371
v -6.723387 31.834106 0.000008
v -5.290094 31.834106 0.000008
v -5.563050 31.834106 0.000008
v -5.290093 30.518181 5.097071
v -1.672379 30.518173 5.563044
v -5.290093 30.518148 1.907236
v -5.563046 30.518143 1.672373
v -6.723387 30.518188 0.000010
v -1.672379 30.518148 6.723383
v -4.874439 30.471601 1.465372
v -5.891151 30.471601 1.465372
v -1.465371 29.811962 4.874445
v -4.874439 29.812056 1.465357
v -4.874443 29.812012 -0.000006
v -4.635273 29.812012 -0.000006
v -2.954373 15.922729 -0.000014
v -2.581264 15.922755 2.970109
v 5.290086 31.834099 5.097069
v 5.563050 31.834061 1.672371
v 6.723383 31.834061 1.672371
v 0.000000 31.834106 0.000008
v 0.000000 31.834089 5.563042
v 0.000000 31.834089 5.290108
v 5.290102 31.834106 0.000008
v 5.563050 31.834106 0.000008
v 5.290086 30.518181 5.097071
v 0.000000 30.518148 6.723383
v 1.907229 30.518171 5.290079
v 6.723383 30.518188 0.000010
v 1.672379 30.518148 6.723383
v 4.466160 30.471539 4.635294
v 1.465371 30.471508 4.874445
v 5.891162 30.471601 1.465372
v 5.891162 30.471558 0.000009
v 5.891162 29.812056 1.465357
v 5.891162 29.812012 -0.000006
v 1.465371 29.811993 5.891138
v 0.000000 29.811962 4.874430
v 4.874454 29.812012 -0.000006
v 1.671143 29.811993 4.635279
v 0.000000 29.811993 4.635279
v 4.635273 29.812012 -0.000006
v 2.954373 15.922729 -0.000014
v 0.000000 15.922755 2.970109
v 2.581264 15.922755 2.970109
v -5.097080 0.099748 -5.290103
v -5.290093 0.099739 -5.097080
v -5.290093 0.099711 -1.907230
v -5.563046 0.099717 -1.672367
v -1.672379 0.099711 -6.723392
v -1.672379 0.099748 -5.563053
v -5.097080 1.415605 -5.290105
v -6.723387 1.415588 -0.000005
v -5.290093 1.415568 -1.907232
v -5.563046 1.415574 -1.672369
v -1.907229 1.415605 -5.290105
v 0.000000 1.415568 -6.723394
v -1.672379 1.415605 -5.563055
v -4.635273 1.462193 -4.466161
v -5.891151 1.462174 -1.465368
v -4.635273 1.462212 -1.671148
v -4.874439 1.462174 -1.465368
v -1.671143 1.462177 -4.635289
v 0.000000 1.415607 -5.891149
v -1.465371 1.462177 -5.891149
v -1.465371 1.462207 -4.874455
v -4.466152 2.121784 -4.635274
v -4.635273 2.121738 -4.466146
v -5.891151 2.121781 -1.465353
v -5.891151 2.121765 0.000010
v -1.465371 2.121753 -4.874441
v -2.581264 2.121739 -2.970113
v -2.954373 2.121770 -2.359579
v -2.954373 2.121765 0.000010
v -2.954373 15.922735 -2.359603
v 5.290086 0.099739 -5.097080
v 6.723383 0.099717 -1.672367
v 6.723383 0.099731 -0.000003
v 5.290086 0.099711 -1.907230
v 5.563050 0.099717 -1.672367
v 1.672379 0.099748 -5.563053
v 5.097084 1.415605 -5.290105
v 5.290086 1.415596 -5.097082
v 6.723383 1.415574 -1.672369
v 6.723383 1.415588 -0.000005
v 5.563050 1.415574 -1.672369
v 1.672379 1.415605 -5.563055
v 5.891162 1.462174 -1.465368
v 5.891162 1.462219 -0.000005
v 4.874439 1.462174 -1.465368
v 1.465371 1.462177 -5.891149
v 1.465371 1.462207 -4.874455
v 4.466160 2.121784 -4.635274
v 4.635273 2.121738 -4.466146
v 5.891162 2.121765 0.000010
v 4.635273 2.121758 -1.671133
v 4.874439 2.121781 -1.465353
v 1.671143 2.121784 -4.635274
v 1.465371 2.121784 -5.891134
v 1.465371 2.121753 -4.874441
v -5.097080 0.099715 5.290097
v -5.290093 0.099724 5.097088
v -6.723383 0.099746 1.672390
v -5.563046 0.099746 1.672390
v -1.907229 0.099715 5.290097
v 0.000000 0.099752 6.723385
v -1.672379 0.099752 6.723385
v -1.672379 0.099715 5.563046
v -5.097080 1.415572 5.290095
v -5.290093 1.415581 5.097086
v -6.723383 1.415603 1.672389
v -5.290093 1.415608 1.907221
v -1.907229 1.415572 5.290095
v 0.000000 1.415609 6.723383
v -1.672379 1.415609 6.723383
v -4.466152 1.462201 4.635280
v -4.635273 1.462185 4.466151
v -4.635273 1.462227 1.671138
v -4.874439 1.462203 1.465358
v -1.671143 1.462201 4.635280
v -1.465371 1.462231 4.874431
v -4.466152 2.121747 4.635279
v -5.891151 2.121749 1.465373
v -4.635273 2.121773 1.671153
v -4.874439 2.121749 1.465373
v -2.954373 2.121760 2.359599
v -2.954373 15.922724 2.359575
v 5.097084 0.099715 5.290097
v 5.290086 0.099724 5.097088
v 6.723383 0.099746 1.672390
v 5.290086 0.099752 1.907223
v 5.563050 0.099746 1.672390
v 1.907229 0.099715 5.290097
v 1.672379 0.099752 6.723385
v 5.097084 1.415572 5.290095
v 5.290086 1.415581 5.097086
v 6.723383 1.415603 1.672389
v 5.290086 1.415608 1.907221
v 5.563050 1.415603 1.672389
v 1.907229 1.415572 5.290095
v 1.672379 1.415609 6.723383
v 4.466160 1.462201 4.635280
v 1.671143 1.462201 4.635280
v 1.465371 1.462201 5.891154
v 4.466160 2.121747 4.635279
v 4.635273 2.121792 4.466166
v 5.891162 2.121749 1.465373
v 4.635273 2.121773 1.671153
v 4.874439 2.121749 1.465373
v 1.465371 2.121777 4.874445
v 2.581264 2.121791 2.970133
v 2.954373 2.121760 2.359599
v 2.954373 15.922724 2.359575
v -5.097080 31.834124 -5.290092
v -5.290093 31.834146 -1.907219
v -5.563046 31.834152 -1.672386
v -1.907229 31.834124 -5.290092
v -1.672379 31.834122 -5.563042
v -6.723383 30.518234 -1.672384
v -5.563046 30.518234 -1.672384
v -1.672379 30.518229 -6.723379
v -4.466152 30.471577 -4.635275
v -4.635273 30.471592 -4.466146
v -5.891151 30.471514 -1.465353
v -5.891151 30.471558 0.000009
v -4.635273 30.471611 -1.671133
v -4.874439 30.471514 -1.465353
v -1.671143 30.471577 -4.635275
v -1.465371 30.471577 -5.891134
v -1.465371 30.471607 -4.874441
v -4.466152 29.812031 -4.635290
v -4.635273 29.812046 -4.466162
v -5.891151 29.811968 -1.465368
v -5.891151 29.812012 -0.000006
v -4.874439 29.811968 -1.465368
v 0.000000 29.812031 -5.891150
v -1.465371 29.812031 -5.891150
v -1.465371 29.812061 -4.874456
v -2.581264 29.812046 -2.970129
v 0.000000 29.812046 -2.970129
v -2.954373 29.812012 -0.000006
v 5.290086 31.834114 -5.097069
v 6.723383 31.834152 -1.672386
v 6.723383 31.834106 0.000008
v 5.563050 31.834152 -1.672386
v 1.907229 31.834124 -5.290092
v 1.672379 31.834146 -6.723381
v 1.672379 31.834122 -5.563042
v 5.097084 30.518206 -5.290091
v 5.290086 30.518229 -1.907217
v 5.563050 30.518234 -1.672384
v 1.907229 30.518206 -5.290091
v 4.466160 30.471577 -4.635275
v 5.891162 30.471514 -1.465353
v 4.635273 30.471611 -1.671133
v 4.874439 30.471514 -1.465353
v 1.671143 30.471577 -4.635275
v 1.465371 30.471577 -5.891134
v 4.635273 29.812046 -4.466162
v 4.874439 29.811968 -1.465368
v 1.465371 29.812031 -5.891150
v 1.465371 29.812061 -4.874456
v 2.954373 29.812012 -0.000006
v -5.290093 31.834066 1.907234
v -1.907229 31.834089 5.290108
v 0.000000 31.834066 6.723396
v -1.672379 31.834066 6.723396
v -1.672379 31.834091 5.563057
v -5.097080 30.518171 5.290079
v -6.723383 30.518143 1.672373
v -1.907229 30.518171 5.290079
v -4.466152 30.471539 4.635294
v -4.635273 30.471523 4.466166
v -4.635273 30.471504 1.671152
v -1.671143 30.471539 4.635294
v 0.000000 30.518169 5.891138
v -1.465371 30.471539 5.891138
v -1.465371 30.471508 4.874445
v -4.466152 29.811993 4.635279
v -4.635273 29.811977 4.466150
v -5.891151 29.812056 1.465357
v -4.635273 29.811958 1.671137
v -1.671143 29.811993 4.635279
v 0.000000 29.811993 5.891138
v -1.465371 29.811993 5.891138
v -2.581264 29.811977 2.970118
v -2.954373 29.812006 2.359583
v 0.000000 29.811977 2.970118
v 5.097084 31.834089 5.290108
v 5.290086 31.834066 1.907234
v 1.907229 31.834089 5.290108
v 1.672379 31.834066 6.723396
v 1.672379 31.834091 5.563057
v 5.097084 30.518171 5.290079
v 6.723383 30.518143 1.672373
v 5.290086 30.518148 1.907236
v 5.563050 30.518143 1.672373
v 1.672379 30.518173 5.563044
v 4.635273 30.471523 4.466166
v 4.635273 30.471504 1.671152
v 4.874439 30.471601 1.465372
v 1.671143 30.471539 4.635294
v 1.465371 30.471539 5.891138
v 4.466160 29.811993 4.635279
v 4.635273 29.811977 4.466150
v 4.635273 29.811958 1.671137
v 4.874439 29.812056 1.465357
v 1.465371 29.811962 4.874445
v 2.581264 29.811977 2.970118
v 2.954373 29.812006 2.359583
v -1.907229 1.415605 -5.290105
v -1.907229 1.415605 -5.290105
v -5.097080 1.415605 -5.290105
v -5.097080 1.415605 -5.290105
v -5.097080 0.099748 -5.290103
v -5.097080 0.099748 -5.290103
v -4.874439 1.462174 -1.465368
v -4.874439 1.462174 -1.465368
v -5.891151 1.462174 -1.465368
v -5.891151 1.462174 -1.465368
v -1.465371 1.462207 -4.874455
v -1.465371 1.462207 -4.874455
v -1.671143 1.462177 -4.635289
v -1.671143 1.462177 -4.635289
v -5.891151 2.121781 -1.465353
v -5.891151 2.121781 -1.465353
v -5.891151 2.121765 0.000010
v -1.465371 2.121753 -4.874441
v -1.465371 2.121753 -4.874441
v -1.671143 2.121784 -4.635274
v -1.671143 2.121784 -4.635274
v -4.635273 1.462212 -1.671148
v -4.635273 1.462212 -1.671148
v -4.635273 2.121758 -1.671133
v -4.635273 2.121758 -1.671133
v -4.635273 1.462193 -4.466161
v -4.635273 1.462193 -4.466161
v -4.635273 2.121738 -4.466146
v -4.635273 2.121738 -4.466146
v -2.581264 2.121739 -2.970113
v -2.581264 2.121739 -2.970113
v -2.954373 2.121770 -2.359579
v -2.954373 2.121770 -2.359579
v 6.723383 1.415574 -1.672369
v 6.723383 1.415574 -1.672369
v 6.723383 1.415588 -0.000005
v 5.290086 1.415596 -5.097082
v 5.290086 1.415596 -5.097082
v 5.290086 1.415568 -1.907232
v 5.290086 1.415568 -1.907232
v 1.672379 0.099748 -5.563053
v 1.672379 0.099748 -5.563053
v 1.672379 1.415605 -5.563055
v 1.672379 1.415605 -5.563055
v 5.563050 1.415574 -1.672369
v 5.563050 1.415574 -1.672369
v 5.563050 0.099717 -1.672367
v 5.563050 0.099717 -1.672367
v 5.290086 0.099739 -5.097080
v 5.290086 0.099739 -5.097080
v 0.000000 1.415607 -5.891149
v 1.465371 1.462177 -5.891149
v 1.465371 1.462177 -5.891149
v 4.635273 2.121738 -4.466146
v 4.635273 2.121738 -4.466146
v 4.635273 2.121758 -1.671133
v 4.635273 2.121758 -1.671133
v 1.465371 2.121784 -5.891134
v 1.465371 2.121784 -5.891134
v 1.465371 1.462207 -4.874455
v 1.465371 1.462207 -4.874455
v 1.465371 2.121753 -4.874441
v 1.465371 2.121753 -4.874441
v -1.907229 0.099715 5.290097
v -1.907229 0.099715 5.290097
v -5.097080 0.099715 5.290097
v -5.097080 0.099715 5.290097
v -5.563046 0.099746 1.672390
v -5.563046 0.099746 1.672390
v -6.723383 0.099746 1.672390
v -6.723383 0.099746 1.672390
v 0.000000 0.099752 6.723385
v -1.672379 0.099752 6.723385
v -1.672379 0.099752 6.723385
v -5.097080 1.415572 5.290095
v -5.097080 1.415572 5.290095
v -5.290093 1.415581 5.097086
v -5.290093 1.415581 5.097086
v -6.723383 1.415603 1.672389
v -6.723383 1.415603 1.672389
v -6.723387 1.415588 -0.000005
v 0.000000 1.415609 6.723383
v -1.672379 1.415609 6.723383
v -1.672379 1.415609 6.723383
v -4.466152 1.462201 4.635280
v -4.466152 1.462201 4.635280
v -4.635273 1.462185 4.466151
v -4.635273 1.462185 4.466151
v -1.465371 1.462231 4.874431
v -1.465371 1.462231 4.874431
v -1.671143 1.462201 4.635280
v -1.671143 1.462201 4.635280
v -5.891151 2.121749 1.465373
v -5.891151 2.121749 1.465373
v -4.635273 2.121773 1.671153
v -4.635273 2.121773 1.671153
v -4.874439 2.121749 1.465373
v -4.874439 2.121749 1.465373
v -1.671143 2.121747 4.635279
v -1.671143 2.121747 4.635279
v -2.954373 2.121760 2.359599
v -2.954373 2.121760 2.359599
v -2.954373 2.121765 0.000010
v 5.097084 0.099715 5.290097
v 5.097084 0.099715 5.290097
v 5.290086 0.099724 5.097088
v 5.290086 0.099724 5.097088
v 6.723383 0.099746 1.672390
v 6.723383 0.099746 1.672390
v 6.723383 0.099731 -0.000003
v 1.672379 1.415609 6.723383
v 1.672379 1.415609 6.723383
v 1.672379 0.099752 6.723385
v 1.672379 0.099752 6.723385
v 1.907229 1.415572 5.290095
v 1.907229 1.415572 5.290095
v 1.907229 0.099715 5.290097
v 1.907229 0.099715 5.290097
v 4.635273 2.121773 1.671153
v 4.635273 2.121773 1.671153
v 4.874439 2.121749 1.465373
v 4.874439 2.121749 1.465373
v 2.581264 2.121791 2.970133
v 2.581264 2.121791 2.970133
v 2.954373 2.121760 2.359599
v 2.954373 2.121760 2.359599
v -5.290093 31.834146 -1.907219
v -5.290093 31.834146 -1.907219
v -5.563046 31.834152 -1.672386
v -5.563046 31.834152 -1.672386
v -1.907229 31.834124 -5.290092
v -1.907229 31.834124 -5.290092
v -5.097080 31.834124 -5.290092
v -5.097080 31.834124 -5.290092
v 0.000000 29.812031 -5.891150
v -1.465371 29.812031 -5.891150
v -1.465371 29.812031 -5.891150
v -1.465371 29.812061 -4.874456
v -1.465371 29.812061 -4.874456
v -1.671143 29.812031 -4.635290
v -1.671143 29.812031 -4.635290
v -1.671143 30.471577 -4.635275
v -1.671143 30.471577 -4.635275
v -5.891151 30.471514 -1.465353
v -5.891151 30.471514 -1.465353
v -5.891151 29.811968 -1.465368
v -5.891151 29.811968 -1.465368
v -4.635273 30.471611 -1.671133
v -4.635273 30.471611 -1.671133
v -4.635273 29.812065 -1.671148
v -4.635273 29.812065 -1.671148
v -2.581264 29.812046 -2.970129
v -2.581264 29.812046 -2.970129
v 0.000000 29.812046 -2.970129
v 1.672379 31.834122 -5.563042
v 1.672379 31.834122 -5.563042
v 1.907229 31.834124 -5.290092
v 1.907229 31.834124 -5.290092
v 4.635273 30.471611 -1.671133
v 4.635273 30.471611 -1.671133
v 4.874439 30.471514 -1.465353
v 4.874439 30.471514 -1.465353
v 1.465371 29.812031 -5.891150
v 1.465371 29.812031 -5.891150
v 4.635273 29.812065 -1.671148
v 4.635273 29.812065 -1.671148
v 4.874439 29.811968 -1.465368
v 4.874439 29.811968 -1.465368
v 0.000000 30.518169 5.891138
v -1.465371 30.471539 5.891138
v -1.465371 30.471539 5.891138
v -4.466152 29.811993 4.635279
v -4.466152 29.811993 4.635279
v -4.635273 29.811977 4.466150
v -4.635273 29.811977 4.466150
v -5.891151 29.812056 1.465357
v -5.891151 29.812056 1.465357
v -5.891151 29.812012 -0.000006
v 0.000000 29.811993 5.891138
v -1.465371 29.811993 5.891138
v -1.465371 29.811993 5.891138
v -2.581264 29.811977 2.970118
v -2.581264 29.811977 2.970118
v 0.000000 29.811977 2.970118
v -2.954373 29.812006 2.359583
v -2.954373 29.812006 2.359583
v -2.954373 29.812012 -0.000006
v 5.563050 30.518143 1.672373
v 5.563050 30.518143 1.672373
v 6.723383 30.518143 1.672373
v 6.723383 30.518143 1.672373
v 5.290086 31.834066 1.907234
v 5.290086 31.834066 1.907234
v 5.290086 30.518148 1.907236
v 5.290086 30.518148 1.907236
v 4.635273 30.471504 1.671152
v 4.635273 30.471504 1.671152
v 4.874439 30.471601 1.465372
v 4.874439 30.471601 1.465372
v 1.465371 30.471539 5.891138
v 1.465371 30.471539 5.891138
v 4.874439 29.812056 1.465357
v 4.874439 29.812056 1.465357
v 4.635273 30.471523 4.466166
v 4.635273 30.471523 4.466166
v 4.635273 29.811977 4.466150
v 4.635273 29.811977 4.466150
v 2.581264 29.811977 2.970118
v 2.581264 29.811977 2.970118
v 2.954373 29.812006 2.359583
v 2.954373 29.812006 2.359583
v -1.907229 0.099748 -5.290103
v -1.907229 0.099748 -5.290103
v -6.723383 0.099717 -1.672367
v -6.723383 0.099717 -1.672367
v -6.723383 1.415574 -1.672369
v -6.723383 1.415574 -1.672369
v -5.290093 1.415596 -5.097082
v -5.290093 1.415596 -5.097082
v -5.290093 1.415568 -1.907232
v -5.290093 1.415568 -1.907232
v -1.465371 2.121784 -5.891134
v -1.465371 2.121784 -5.891134
v -1.465371 1.462177 -5.891149
v -1.465371 1.462177 -5.891149
v 0.000000 2.121784 -5.891134
v 0.000000 2.121739 -2.970113
v -2.954373 29.812017 -2.359594
v -2.954373 29.812017 -2.359594
v -2.954373 15.922735 -2.359603
v 4.466160 1.462177 -4.635289
v 4.466160 1.462177 -4.635289
v 4.635273 1.462193 -4.466161
v 4.635273 1.462193 -4.466161
v 1.671143 1.462177 -4.635289
v 1.671143 1.462177 -4.635289
v 4.635273 1.462212 -1.671148
v 4.635273 1.462212 -1.671148
v 2.581264 2.121739 -2.970113
v 2.581264 2.121739 -2.970113
v 2.954373 2.121770 -2.359579
v 2.954373 2.121770 -2.359579
v 2.581264 15.922703 -2.970137
v 2.954373 2.121765 0.000010
v 2.581264 29.812046 -2.970129
v 2.581264 29.812046 -2.970129
v -5.290093 0.099724 5.097088
v -5.290093 0.099724 5.097088
v -5.290093 0.099752 1.907223
v -5.290093 0.099752 1.907223
v -4.466152 2.121747 4.635279
v -4.466152 2.121747 4.635279
v 0.000000 1.415570 5.891154
v -1.465371 1.462201 5.891154
v -1.465371 1.462201 5.891154
v -4.635273 2.121792 4.466166
v -4.635273 2.121792 4.466166
v -1.465371 2.121747 5.891154
v -1.465371 2.121747 5.891154
v -1.465371 2.121777 4.874445
v -1.465371 2.121777 4.874445
v -2.581264 15.922755 2.970109
v -2.581264 2.121791 2.970133
v -2.581264 2.121791 2.970133
v 0.000000 2.121791 2.970133
v 5.290086 0.099752 1.907223
v 5.290086 0.099752 1.907223
v 5.563050 0.099746 1.672390
v 5.563050 0.099746 1.672390
v 5.290086 1.415608 1.907221
v 5.290086 1.415608 1.907221
v 5.563050 1.415603 1.672389
v 5.563050 1.415603 1.672389
v 4.874439 1.462203 1.465358
v 4.874439 1.462203 1.465358
v 5.891162 1.462203 1.465358
v 5.891162 1.462203 1.465358
v 1.465371 2.121777 4.874445
v 1.465371 2.121777 4.874445
v 1.671143 2.121747 4.635279
v 1.671143 2.121747 4.635279
v 0.000000 31.834146 -6.723381
v 1.672379 31.834146 -6.723381
v 1.672379 31.834146 -6.723381
v -1.672379 30.518229 -6.723379
v -1.672379 30.518229 -6.723379
v -1.672379 31.834146 -6.723381
v -1.672379 31.834146 -6.723381
v -5.097080 30.518206 -5.290091
v -5.097080 30.518206 -5.290091
v -5.290093 30.518196 -5.097067
v -5.290093 30.518196 -5.097067
v -1.907229 30.518206 -5.290091
v -1.907229 30.518206 -5.290091
v -6.723383 30.518234 -1.672384
v -6.723383 30.518234 -1.672384
v -6.723387 30.518188 0.000010
v -6.723383 30.518143 1.672373
v -6.723383 30.518143 1.672373
v -1.672379 30.518204 -5.563040
v -1.672379 30.518204 -5.563040
v 0.000000 30.518229 -6.723379
v 1.672379 30.518229 -6.723379
v 1.672379 30.518229 -6.723379
v -4.874439 29.811968 -1.465368
v -4.874439 29.811968 -1.465368
v 5.097084 30.518206 -5.290091
v 5.097084 30.518206 -5.290091
v 5.097084 31.834124 -5.290092
v 5.097084 31.834124 -5.290092
v 5.290086 30.518196 -5.097067
v 5.290086 30.518196 -5.097067
v 5.290086 30.518229 -1.907217
v 5.290086 30.518229 -1.907217
v 1.672379 30.518204 -5.563040
v 1.672379 30.518204 -5.563040
v 5.891162 30.471514 -1.465353
v 5.891162 30.471514 -1.465353
v 5.891162 30.471558 0.000009
v 1.465371 29.812061 -4.874456
v 1.465371 29.812061 -4.874456
v 1.671143 29.812031 -4.635290
v 1.671143 29.812031 -4.635290
v 2.954373 29.812017 -2.359594
v 2.954373 29.812017 -2.359594
v -5.097080 31.834089 5.290108
v -5.097080 31.834089 5.290108
v -5.290093 31.834099 5.097069
v -5.290093 31.834099 5.097069
v -5.097080 30.518171 5.290079
v -5.097080 30.518171 5.290079
v -5.563046 31.834061 1.672371
v -5.563046 31.834061 1.672371
v -6.723383 31.834061 1.672371
v -6.723383 31.834061 1.672371
v -5.563046 30.518143 1.672373
v -5.563046 30.518143 1.672373
v -1.672379 31.834091 5.563057
v -1.672379 31.834091 5.563057
v -1.907229 31.834089 5.290108
v -1.907229 31.834089 5.290108
v 0.000000 30.518148 6.723383
v -1.672379 30.518148 6.723383
v -1.672379 30.518148 6.723383
v 1.672379 30.518148 6.723383
v 1.672379 30.518148 6.723383
v -1.672379 30.518173 5.563044
v -1.672379 30.518173 5.563044
v -4.466152 30.471539 4.635294
v -4.466152 30.471539 4.635294
v -4.874439 30.471601 1.465372
v -4.874439 30.471601 1.465372
v -5.891151 30.471601 1.465372
v -5.891151 30.471601 1.465372
v -4.874439 29.812056 1.465357
v -4.874439 29.812056 1.465357
v -1.671143 29.811993 4.635279
v -1.671143 29.811993 4.635279
v -1.671143 30.471539 4.635294
v -1.671143 30.471539 4.635294
v -1.465371 30.471508 4.874445
v -1.465371 30.471508 4.874445
v -1.465371 29.811962 4.874445
v -1.465371 29.811962 4.874445
v 5.563050 31.834061 1.672371
v 5.563050 31.834061 1.672371
v 6.723383 31.834061 1.672371
v 6.723383 31.834061 1.672371
v 5.891162 30.471601 1.465372
v 5.891162 30.471601 1.465372
v 5.891162 29.812056 1.465357
v 5.891162 29.812056 1.465357
v -5.290093 0.099739 -5.097080
v -5.290093 0.099739 -5.097080
v -6.723387 0.099731 -0.000003
v -5.290093 0.099711 -1.907230
v -5.290093 0.099711 -1.907230
v -5.563046 0.099717 -1.672367
v -5.563046 0.099717 -1.672367
v 0.000000 0.099711 -6.723392
v -1.672379 0.099711 -6.723392
v -1.672379 0.099711 -6.723392
v -1.672379 0.099748 -5.563053
v -1.672379 0.099748 -5.563053
v -5.563046 1.415574 -1.672369
v -5.563046 1.415574 -1.672369
v 0.000000 1.415568 -6.723394
v -1.672379 1.415568 -6.723394
v -1.672379 1.415568 -6.723394
v -1.672379 1.415605 -5.563055
v -1.672379 1.415605 -5.563055
v -4.466152 1.462177 -4.635289
v -4.466152 1.462177 -4.635289
v -5.891151 1.462219 -0.000005
v -4.466152 2.121784 -4.635274
v -4.466152 2.121784 -4.635274
v -4.874439 2.121781 -1.465353
v -4.874439 2.121781 -1.465353
v -2.581264 15.922703 -2.970137
v 5.097084 0.099748 -5.290103
v 5.097084 0.099748 -5.290103
v 6.723383 0.099717 -1.672367
v 6.723383 0.099717 -1.672367
v 5.290086 0.099711 -1.907230
v 5.290086 0.099711 -1.907230
v 1.907229 0.099748 -5.290103
v 1.907229 0.099748 -5.290103
v 1.672379 0.099711 -6.723392
v 1.672379 0.099711 -6.723392
v 5.097084 1.415605 -5.290105
v 5.097084 1.415605 -5.290105
v 1.907229 1.415605 -5.290105
v 1.907229 1.415605 -5.290105
v 1.672379 1.415568 -6.723394
v 1.672379 1.415568 -6.723394
v 5.891162 1.462174 -1.465368
v 5.891162 1.462174 -1.465368
v 5.891162 1.462219 -0.000005
v 4.874439 1.462174 -1.465368
v 4.874439 1.462174 -1.465368
v 4.466160 2.121784 -4.635274
v 4.466160 2.121784 -4.635274
v 5.891162 2.121781 -1.465353
v 5.891162 2.121781 -1.465353
v 5.891162 2.121765 0.000010
v 4.874439 2.121781 -1.465353
v 4.874439 2.121781 -1.465353
v 1.671143 2.121784 -4.635274
v 1.671143 2.121784 -4.635274
v 2.954373 15.922735 -2.359603
v -1.672379 0.099715 5.563046
v -1.672379 0.099715 5.563046
v -5.290093 1.415608 1.907221
v -5.290093 1.415608 1.907221
v -5.563046 1.415603 1.672389
v -5.563046 1.415603 1.672389
v -1.907229 1.415572 5.290095
v -1.907229 1.415572 5.290095
v -1.672379 1.415572 5.563044
v -1.672379 1.415572 5.563044
v -5.891151 1.462203 1.465358
v -5.891151 1.462203 1.465358
v -4.635273 1.462227 1.671138
v -4.635273 1.462227 1.671138
v -4.874439 1.462203 1.465358
v -4.874439 1.462203 1.465358
v 0.000000 2.121747 5.891154
v -2.954373 15.922724 2.359575
v 1.672379 0.099715 5.563046
v 1.672379 0.099715 5.563046
v 5.097084 1.415572 5.290095
v 5.097084 1.415572 5.290095
v 5.290086 1.415581 5.097086
v 5.290086 1.415581 5.097086
v 6.723383 1.415603 1.672389
v 6.723383 1.415603 1.672389
v 1.672379 1.415572 5.563044
v 1.672379 1.415572 5.563044
v 4.466160 1.462201 4.635280
v 4.466160 1.462201 4.635280
v 4.635273 1.462185 4.466151
v 4.635273 1.462185 4.466151
v 4.635273 1.462227 1.671138
v 4.635273 1.462227 1.671138
v 1.671143 1.462201 4.635280
v 1.671143 1.462201 4.635280
v 1.465371 1.462201 5.891154
v 1.465371 1.462201 5.891154
v 1.465371 1.462231 4.874431
v 1.465371 1.462231 4.874431
v 4.466160 2.121747 4.635279
v 4.466160 2.121747 4.635279
v 4.635273 2.121792 4.466166
v 4.635273 2.121792 4.466166
v 5.891162 2.121749 1.465373
v 5.891162 2.121749 1.465373
v 1.465371 2.121747 5.891154
v 1.465371 2.121747 5.891154
v 2.954373 15.922724 2.359575
v 2.581264 15.922755 2.970109
v -5.290093 31.834114 -5.097069
v -5.290093 31.834114 -5.097069
v -6.723383 31.834152 -1.672386
v -6.723383 31.834152 -1.672386
v -6.723387 31.834106 0.000008
v -1.672379 31.834122 -5.563042
v -1.672379 31.834122 -5.563042
v -5.290093 30.518229 -1.907217
v -5.290093 30.518229 -1.907217
v -5.563046 30.518234 -1.672384
v -5.563046 30.518234 -1.672384
v -4.466152 30.471577 -4.635275
v -4.466152 30.471577 -4.635275
v -4.635273 30.471592 -4.466146
v -4.635273 30.471592 -4.466146
v -5.891151 30.471558 0.000009
v -4.874439 30.471514 -1.465353
v -4.874439 30.471514 -1.465353
v 0.000000 30.518208 -5.891134
v -1.465371 30.471577 -5.891134
v -1.465371 30.471577 -5.891134
v -1.465371 30.471607 -4.874441
v -1.465371 30.471607 -4.874441
v -4.466152 29.812031 -4.635290
v -4.466152 29.812031 -4.635290
v -4.635273 29.812046 -4.466162
v -4.635273 29.812046 -4.466162
v 5.290086 31.834114 -5.097069
v 5.290086 31.834114 -5.097069
v 6.723383 31.834152 -1.672386
v 6.723383 31.834152 -1.672386
v 6.723383 31.834106 0.000008
v 5.290086 31.834146 -1.907219
v 5.290086 31.834146 -1.907219
v 5.563050 31.834152 -1.672386
v 5.563050 31.834152 -1.672386
v 6.723383 30.518234 -1.672384
v 6.723383 30.518234 -1.672384
v 6.723383 30.518188 0.000010
v 5.563050 30.518234 -1.672384
v 5.563050 30.518234 -1.672384
v 1.907229 30.518206 -5.290091
v 1.907229 30.518206 -5.290091
v 4.466160 30.471577 -4.635275
v 4.466160 30.471577 -4.635275
v 4.635273 30.471592 -4.466146
v 4.635273 30.471592 -4.466146
v 1.671143 30.471577 -4.635275
v 1.671143 30.471577 -4.635275
v 1.465371 30.471577 -5.891134
v 1.465371 30.471577 -5.891134
v 1.465371 30.471607 -4.874441
v 1.465371 30.471607 -4.874441
v 4.466160 29.812031 -4.635290
v 4.466160 29.812031 -4.635290
v 4.635273 29.812046 -4.466162
v 4.635273 29.812046 -4.466162
v 5.891162 29.811968 -1.465368
v 5.891162 29.811968 -1.465368
v 5.891162 29.812012 -0.000006
v 2.954373 29.812012 -0.000006
v -5.290093 31.834066 1.907234
v -5.290093 31.834066 1.907234
v 0.000000 31.834066 6.723396
v -1.672379 31.834066 6.723396
v -1.672379 31.834066 6.723396
v -5.290093 30.518181 5.097071
v -5.290093 30.518181 5.097071
v -5.290093 30.518148 1.907236
v -5.290093 30.518148 1.907236
v -1.907229 30.518171 5.290079
v -1.907229 30.518171 5.290079
v -4.635273 30.471523 4.466166
v -4.635273 30.471523 4.466166
v -4.635273 30.471504 1.671152
v -4.635273 30.471504 1.671152
v -4.635273 29.811958 1.671137
v -4.635273 29.811958 1.671137
v 5.097084 31.834089 5.290108
v 5.097084 31.834089 5.290108
v 5.290086 31.834099 5.097069
v 5.290086 31.834099 5.097069
v 1.907229 31.834089 5.290108
v 1.907229 31.834089 5.290108
v 1.672379 31.834066 6.723396
v 1.672379 31.834066 6.723396
v 1.672379 31.834091 5.563057
v 1.672379 31.834091 5.563057
v 5.097084 30.518171 5.290079
v 5.097084 30.518171 5.290079
v 5.290086 30.518181 5.097071
v 5.290086 30.518181 5.097071
v 1.907229 30.518171 5.290079
v 1.907229 30.518171 5.290079
v 1.672379 30.518173 5.563044
v 1.672379 30.518173 5.563044
v 4.466160 30.471539 4.635294
v 4.466160 30.471539 4.635294
v 1.671143 30.471539 4.635294
v 1.671143 30.471539 4.635294
v 1.465371 30.471508 4.874445
v 1.465371 30.471508 4.874445
v 4.466160 29.811993 4.635279
v 4.466160 29.811993 4.635279
v 4.635273 29.811958 1.671137
v 4.635273 29.811958 1.671137
v 1.671143 29.811993 4.635279
v 1.671143 29.811993 4.635279
v 1.465371 29.811993 5.891138
v 1.465371 29.811993 5.891138
v 1.465371 29.811962 4.874445
v 1.465371 29.811962 4.874445
vt 0.778473 0.188159
vt 0.817433 0.334033
vt 0.994144 0.334035
vt 0.810740 0.356601
vt 0.768005 0.346227
vt 0.778473 0.188159
vt 0.757262 0.183987
vt 0.734113 0.281540
vt 0.866640 0.422940
vt 0.757262 0.183987
vt 0.778473 0.040174
vt 0.754265 0.188159
vt 0.754265 0.205893
vt 0.754878 0.015174
vt 0.948237 0.426306
vt 0.847392 0.334035
vt 0.801184 0.115733
vt 0.757262 0.154817
vt 0.866640 0.422940
vt 0.705469 0.317431
vt 0.866640 0.334035
vt 0.788473 0.242213
vt 0.802682 0.044935
vt 0.733053 0.095812
vt 0.756090 0.281840
vt 0.778473 0.183987
vt 0.802682 0.065174
vt 0.802682 0.044935
vt 0.723358 0.335458
vt 0.757262 0.095812
vt 0.675744 0.369930
vt 0.705469 0.317431
vt 0.832068 0.334035
vt 0.788431 0.325659
vt 0.778473 0.088925
vt 0.757262 0.183987
vt 0.802682 0.069935
vt 0.733053 0.095812
vt 0.802682 0.069935
vt 0.778473 0.088925
vt 0.802682 0.040174
vt 0.866640 0.422940
vt 0.778473 0.040174
vt 0.799685 0.090174
vt 0.803155 0.241893
vt 0.918016 0.334035
vt 0.802682 0.090174
vt 0.778473 0.069935
vt 0.757262 0.040174
vt 0.817433 0.000002
vt 0.734111 0.286301
vt 0.757262 0.154817
vt 0.757262 0.183987
vt 0.757262 0.205893
vt 0.799685 0.141293
vt 0.803721 0.247381
vt 0.860056 0.363205
vt 0.799685 0.115733
vt 0.778473 0.044935
vt 0.705469 0.426602
vt 0.768005 0.346227
vt 0.757262 0.188159
vt 0.754265 0.188159
vt 0.847392 0.334035
vt 0.733053 0.095812
vt 0.778473 0.088925
vt 0.796484 0.366862
vt 0.778473 0.065174
vt 0.733053 0.099179
vt 0.733053 0.183987
vt 0.918016 0.000000
vt 0.810740 0.211283
vt 0.757262 0.183987
vt 0.778473 0.091875
vt 0.675744 0.369930
vt 0.720210 0.379852
vt 0.800881 0.019935
vt 0.757262 0.088925
vt 0.733053 0.183987
vt 0.757262 0.147930
vt 0.781470 0.183987
vt 0.734113 0.281540
vt 0.803721 0.247381
vt 0.733053 0.205893
vt 0.778473 0.065174
vt 0.754878 0.015174
vt 0.948237 0.426306
vt 0.802682 0.044935
vt 0.722789 0.414063
vt 0.803721 0.247381
vt 0.787779 0.331922
vt 0.757262 0.183987
vt 0.778473 0.188159
vt 0.994144 0.334035
vt 0.778473 0.044935
vt 0.802682 0.044935
vt 0.757262 0.154817
vt 0.734111 0.286301
vt 0.778473 0.069935
vt 0.757262 0.147930
vt 0.803113 0.325986
vt 0.778473 0.088925
vt 0.778473 0.188159
vt 0.802682 0.044935
vt 0.785786 0.338520
vt 0.756090 0.281840
vt 0.799685 0.090174
vt 0.747753 0.311898
vt 0.778473 0.141293
vt 0.778473 0.069935
vt 0.754265 0.188159
vt 0.770089 0.328070
vt 0.757262 0.088925
vt 0.796568 0.201015
vt 0.778473 0.065174
vt 0.778473 0.091875
vt 0.778473 0.099179
vt 0.847392 0.000000
vt 0.733053 0.099179
vt 0.770089 0.415966
vt 0.785841 0.229349
vt 0.778473 0.040174
vt 0.778473 0.183987
vt 0.817433 0.334033
vt 0.817433 0.000002
vt 0.778473 0.115733
vt 0.800881 0.040174
vt 0.757262 0.188159
vt 0.757262 0.040174
vt 0.860056 0.363205
vt 0.747753 0.311898
vt 0.757262 0.099179
vt 0.757262 0.040174
vt 0.760542 0.040174
vt 0.734113 0.281540
vt 0.754265 0.188159
vt 0.751827 0.429187
vt 0.803684 0.320498
vt 0.757262 0.188159
vt 0.871295 0.426306
vt 0.754265 0.205893
vt 0.757262 0.099179
vt 0.757262 0.095812
vt 0.866640 0.422940
vt 0.757262 0.040174
vt 0.860056 0.363205
vt 0.847392 0.334035
vt 0.730433 0.444676
vt 0.796484 0.366862
vt 0.757262 0.188159
vt 0.785786 0.338520
vt 0.802682 0.069935
vt 0.866640 0.367301
vt 0.751827 0.429187
vt 0.778473 0.099179
vt 0.757262 0.147930
vt 0.918016 0.334035
vt 0.760542 0.040174
vt 0.803721 0.247381
vt 0.778473 0.205893
vt 0.778473 0.069935
vt 0.754878 0.015174
vt 0.722789 0.329971
vt 0.787827 0.235950
vt 0.948237 0.426306
vt 0.781470 0.183987
vt 0.802682 0.090174
vt 0.757262 0.099179
vt 0.802682 0.069935
vt 0.799685 0.141293
vt 0.734111 0.286301
vt 0.757262 0.154817
vt 0.803684 0.320498
vt 0.733053 0.183987
vt 0.754265 0.183987
vt 0.994144 0.334035
vt 0.860056 0.334035
vt 0.802682 0.069935
vt 0.757262 0.088925
vt 0.847392 0.000000
vt 0.756090 0.281840
vt 0.787779 0.331922
vt 0.787779 0.331922
vt 0.768068 0.221633
vt 0.810740 0.356601
vt 0.733053 0.154817
vt 0.832068 0.334035
vt 0.847392 0.000000
vt 0.803721 0.247381
vt 0.778473 0.115733
vt 0.757262 0.095812
vt 0.757262 0.091875
vt 0.733053 0.154817
vt 0.756090 0.281840
vt 0.760542 0.040174
vt 0.757262 0.154817
vt 0.716324 0.366995
vt 0.733053 0.154817
vt 0.778473 0.115733
vt 0.781470 0.183987
vt 0.675744 0.374102
vt 0.803113 0.325986
vt 0.675744 0.369930
vt 0.802682 0.065174
vt 0.785841 0.229349
vt 0.778473 0.099179
vt 0.803684 0.320498
vt 0.800881 0.015174
vt 0.994241 0.426306
vt 0.787827 0.235950
vt 0.847392 0.334035
vt 0.733053 0.099179
vt 0.757262 0.095812
vt 0.760542 0.019935
vt 0.778473 0.044935
vt 0.803684 0.320498
vt 0.733053 0.095812
vt 0.778473 0.065174
vt 0.734113 0.281540
vt 0.866640 0.367301
vt 0.757262 0.095812
vt 0.778473 0.205893
vt 0.778473 0.044935
vt 0.733053 0.188159
vt 0.754265 0.205893
vt 0.778473 0.091875
vt 0.866640 0.334035
vt 0.757262 0.088925
vt 0.781470 0.154817
vt 0.757262 0.099179
vt 0.778473 0.044935
vt 0.788473 0.242213
vt 0.733053 0.183987
vt 0.733053 0.188159
vt 0.760542 0.040174
vt 0.757262 0.040174
vt 0.778473 0.040174
vt 0.757262 0.099179
vt 0.847392 0.000000
vt 0.785841 0.229349
vt 0.733053 0.188159
vt 0.994144 0.000000
vt 0.757262 0.188159
vt 0.757262 0.091875
vt 0.847392 0.334035
vt 0.810740 0.211283
vt 0.802682 0.065174
vt 0.733053 0.154817
vt 0.733053 0.040174
vt 0.757262 0.154817
vt 0.705469 0.317431
vt 0.778473 0.090174
vt 0.778473 0.188159
vt 0.757262 0.099179
vt 0.778473 0.188159
vt 0.799685 0.115733
vt 0.785841 0.229349
vt 0.754265 0.188159
vt 0.757262 0.183987
vt 0.778473 0.090174
vt 0.757262 0.095812
vt 0.757262 0.183987
vt 0.757262 0.188159
vt 0.716324 0.366995
vt 0.733053 0.154817
vt 0.778473 0.069935
vt 0.778473 0.088925
vt 0.757262 0.188159
vt 0.802682 0.044935
vt 0.716324 0.366995
vt 0.675744 0.369930
vt 0.778473 0.088925
vt 0.705469 0.426602
vt 0.730432 0.299358
vt 0.733053 0.154817
vt 0.817433 0.334033
vt 0.757262 0.091875
vt 0.847392 0.334035
vt 0.733053 0.154817
vt 0.754878 0.015174
vt 0.918016 0.334035
vt 0.948237 0.426306
vt 0.778473 0.044935
vt 0.802682 0.065174
vt 0.757262 0.154817
vt 0.802682 0.090174
vt 0.801184 0.115733
vt 0.778473 0.090174
vt 0.803113 0.325986
vt 0.757262 0.183987
vt 0.866640 0.422940
vt 0.756087 0.286012
vt 0.757262 0.088925
vt 0.778473 0.090174
vt 0.832068 0.363205
vt 0.778473 0.090174
vt 0.832068 0.363205
vt 0.757262 0.040174
vt 0.802682 0.040174
vt 0.733053 0.040174
vt 0.787779 0.331922
vt 0.754878 0.015174
vt 0.948237 0.426306
vt 0.705469 0.426602
vt 0.756090 0.281840
vt 0.733053 0.095812
vt 0.918016 0.000000
vt 0.778473 0.088925
vt 0.720210 0.379852
vt 0.757262 0.040174
vt 0.733053 0.099179
vt 0.675744 0.374102
vt 0.847392 0.000000
vt 0.734113 0.281540
vt 0.757262 0.088925
vt 0.760542 0.040174
vt 0.832068 0.363205
vt 0.733053 0.205893
vt 0.785786 0.338520
vt 0.802682 0.069935
vt 0.768005 0.346227
vt 0.733053 0.205893
vt 0.733053 0.095812
vt 0.778473 0.141293
vt 0.788473 0.242213
vt 0.733053 0.095812
vt 0.723358 0.408575
vt 0.778473 0.044935
vt 0.847392 0.334035
vt 0.918016 0.334035
vt 0.757262 0.099179
vt 0.778473 0.099179
vt 0.994144 0.334035
vt 0.802682 0.044935
vt 0.733053 0.205893
vt 0.768005 0.346227
vt 0.733053 0.205893
vt 0.733053 0.188159
vt 0.778473 0.069935
vt 0.778473 0.065174
vt 0.803155 0.241893
vt 0.847392 0.334035
vt 0.778473 0.069935
vt 0.757262 0.088925
vt 0.733053 0.099179
vt 0.757262 0.205893
vt 0.760542 0.019935
vt 0.802682 0.044935
vt 0.866640 0.367301
vt 0.802682 0.069935
vt 0.866640 0.367301
vt 0.757262 0.183987
vt 0.751827 0.429187
vt 0.757262 0.091875
vt 0.778473 0.040174
vt 0.802682 0.069935
vt 0.675744 0.369930
vt 0.778473 0.183987
vt 0.723358 0.408575
vt 0.860056 0.334035
vt 0.754265 0.188159
vt 0.778473 0.040174
vt 0.871295 0.426306
vt 0.757262 0.040174
vt 0.754878 0.015174
vt 0.948237 0.426306
vt 0.768068 0.221633
vt 0.778473 0.147930
vt 0.788431 0.325659
vt 0.778473 0.044935
vt 0.802682 0.090174
vt 0.788431 0.325659
vt 0.778473 0.090174
vt 0.778473 0.188159
vt 0.787779 0.331922
vt 0.799685 0.141293
vt 0.754265 0.188159
vt 0.778473 0.088925
vt 0.734111 0.286301
vt 0.757262 0.095812
vt 0.778473 0.065174
vt 0.733053 0.099179
vt 0.778473 0.091875
vt 0.770089 0.415966
vt 0.716324 0.366995
vt 0.810740 0.211283
vt 0.733053 0.095812
vt 0.754265 0.188159
vt 0.768068 0.221633
vt 0.754265 0.188159
vt 0.675744 0.369930
vt 0.799685 0.141293
vt 0.778473 0.115733
vt 0.723358 0.408575
vt 0.778473 0.065174
vt 0.778473 0.040174
vt 0.787779 0.331922
vt 0.803113 0.325986
vt 0.760542 0.040174
vt 0.802682 0.044935
vt 0.722789 0.329971
vt 0.723358 0.408575
vt 0.847392 0.334035
vt 0.757262 0.088925
vt 0.778473 0.183987
vt 0.757262 0.188159
vt 0.675744 0.374102
vt 0.757262 0.091875
vt 0.751827 0.314848
vt 0.817433 0.000002
vt 0.801184 0.115733
vt 0.778473 0.183987
vt 0.847392 0.334035
vt 0.720210 0.379852
vt 0.756090 0.281840
vt 0.733053 0.183987
vt 0.778473 0.188159
vt 0.860056 0.363205
vt 0.802682 0.065174
vt 0.757262 0.095812
vt 0.757262 0.205893
vt 0.778473 0.091875
vt 0.723358 0.408575
vt 0.747753 0.311898
vt 0.757262 0.183987
vt 0.770089 0.328070
vt 0.799685 0.090174
vt 0.757262 0.095812
vt 0.871295 0.426306
vt 0.860056 0.334035
vt 0.785786 0.338520
vt 0.734113 0.281540
vt 0.733053 0.095812
vt 0.788473 0.242213
vt 0.757262 0.188159
vt 0.734113 0.281540
vt 0.730432 0.299358
vt 0.733053 0.183987
vt 0.757262 0.154817
vt 0.733053 0.188159
vt 0.778473 0.141293
vt 0.866640 0.334035
vt 0.757262 0.154817
vt 0.757262 0.088925
vt 0.802682 0.069935
vt 0.733053 0.099179
vt 0.832068 0.363205
vt 0.796484 0.366862
vt 0.787779 0.331922
vt 0.871295 0.426306
vt 0.757262 0.095812
vt 0.778473 0.040174
vt 0.788431 0.325659
vt 0.757262 0.099179
vt 0.778473 0.183987
vt 0.871295 0.426306
vt 0.733053 0.099179
vt 0.757262 0.154817
vt 0.757262 0.205893
vt 0.778473 0.090174
vt 0.802682 0.090174
vt 0.760542 0.019935
vt 0.832068 0.334035
vt 0.785841 0.229349
vt 0.810740 0.356601
vt 0.756087 0.286012
vt 0.733053 0.154817
vt 0.733053 0.188159
vt 0.757262 0.099179
vt 0.733053 0.183987
vt 0.847392 0.334035
vt 0.733053 0.183987
vt 0.675744 0.374102
vt 0.781470 0.183987
vt 0.757262 0.099179
vt 0.720210 0.379852
vt 0.757262 0.040174
vt 0.778473 0.088925
vt 0.847392 0.334035
vt 0.802682 0.040174
vt 0.802682 0.065174
vt 0.778473 0.065174
vt 0.754265 0.188159
vt 0.799685 0.090174
vt 0.757262 0.183987
vt 0.778473 0.044935
vt 0.675744 0.374102
vt 0.802682 0.044935
vt 0.705469 0.426602
vt 0.733053 0.095812
vt 0.757262 0.040174
vt 0.802682 0.069935
vt 0.802682 0.090174
vt 0.778473 0.147930
vt 0.796568 0.201015
vt 0.800881 0.040174
vt 0.778473 0.040174
vt 0.994241 0.334035
vt 0.705469 0.426602
vt 0.810740 0.211283
vt 0.803113 0.325986
vt 0.778473 0.115733
vt 0.778473 0.188159
vt 0.716324 0.366995
vt 0.756087 0.286012
vt 0.757262 0.147930
vt 0.733053 0.099179
vt 0.733053 0.095812
vt 0.757262 0.099179
vt 0.723358 0.335458
vt 0.733053 0.183987
vt 0.801184 0.115733
vt 0.799685 0.090174
vt 0.760542 0.019935
vt 0.799685 0.141293
vt 0.802682 0.069935
vt 0.803684 0.320498
vt 0.675744 0.369930
vt 0.757262 0.099179
vt 0.860056 0.363205
vt 0.722789 0.414063
vt 0.757262 0.205893
vt 0.722789 0.414063
vt 0.788473 0.242213
vt 0.757262 0.183987
vt 0.778473 0.099179
vt 0.800881 0.019935
vt 0.810740 0.356601
vt 0.778473 0.090174
vt 0.720210 0.379852
vt 0.803155 0.241893
vt 0.788431 0.325659
vt 0.778473 0.147930
vt 0.756087 0.286012
vt 0.871295 0.426306
vt 0.754265 0.205893
vt 0.757262 0.188159
vt 0.817433 0.334033
vt 0.803684 0.320498
vt 0.778473 0.069935
vt 0.733053 0.205893
vt 0.778473 0.040174
vt 0.785786 0.338520
vt 0.781470 0.183987
vt 0.734111 0.286301
vt 0.722789 0.414063
vt 0.747753 0.432137
vt 0.733053 0.183987
vt 0.705469 0.426602
vt 0.757262 0.147930
vt 0.754265 0.183987
vt 0.757262 0.088925
vt 0.757262 0.095812
vt 0.778473 0.205893
vt 0.778473 0.188159
vt 0.757262 0.099179
vt 0.754878 0.015174
vt 0.948237 0.426306
vt 0.733053 0.205893
vt 0.802682 0.069935
vt 0.705469 0.317431
vt 0.832068 0.363205
vt 0.788473 0.242213
vt 0.778473 0.065174
vt 0.747753 0.432137
vt 0.756087 0.286012
vt 0.722789 0.414063
vt 0.751827 0.314848
vt 0.778473 0.065174
vt 0.785841 0.229349
vt 0.757262 0.088925
vt 0.778473 0.090174
vt 0.802682 0.040174
vt 0.730432 0.299358
vt 0.802682 0.069935
vt 0.757262 0.154817
vt 0.733053 0.040174
vt 0.778473 0.040174
vt 0.768068 0.221633
vt 0.757262 0.147930
vt 0.787827 0.235950
vt 0.760542 0.019935
vt 0.754265 0.183987
vt 0.778473 0.044935
vt 0.803155 0.241893
vt 0.730432 0.299358
vt 0.734111 0.286301
vt 0.802682 0.044935
vt 0.716324 0.366995
vt 0.760542 0.019935
vt 0.802682 0.090174
vt 0.768005 0.346227
vt 0.733053 0.188159
vt 0.778473 0.099179
vt 0.860056 0.363205
vt 0.866640 0.367301
vt 0.799685 0.115733
vt 0.705469 0.317431
vt 0.757262 0.040174
vt 0.778473 0.205893
vt 0.866640 0.422940
vt 0.734111 0.286301
vt 0.757262 0.183987
vt 0.770089 0.415966
vt 0.757262 0.188159
vt 0.802682 0.065174
vt 0.733053 0.099179
vt 0.778473 0.065174
vt 0.757262 0.188159
vt 0.733053 0.188159
vt 0.733053 0.188159
vt 0.778473 0.065174
vt 0.803155 0.241893
vt 0.778473 0.044935
vt 0.754265 0.183987
vt 0.757262 0.040174
vt 0.778473 0.044935
vt 0.754265 0.188159
vt 0.722789 0.414063
vt 0.778473 0.090174
vt 0.802682 0.044935
vt 0.800881 0.015174
vt 0.994241 0.426306
vt 0.733053 0.183987
vt 0.733053 0.183987
vt 0.781470 0.183987
vt 0.734111 0.286301
vt 0.802682 0.065174
vt 0.751827 0.429187
vt 0.778473 0.188159
vt 0.760542 0.040174
vt 0.778473 0.099179
vt 0.778473 0.115733
vt 0.778473 0.099179
vt 0.994241 0.334035
vt 0.866640 0.422940
vt 0.768005 0.346227
vt 0.800881 0.040174
vt 0.781470 0.154817
vt 0.756090 0.281840
vt 0.803684 0.320498
vt 0.756087 0.286012
vt 0.757262 0.183987
vt 0.802682 0.040174
vt 0.802682 0.065174
vt 0.730433 0.444676
vt 0.803155 0.241893
vt 0.785786 0.338520
vt 0.754265 0.188159
vt 0.757262 0.099179
vt 0.716324 0.366995
vt 0.778473 0.188159
vt 0.760542 0.019935
vt 0.871295 0.426306
vt 0.788431 0.325659
vt 0.778473 0.090174
vt 0.778473 0.090174
vt 0.733053 0.188159
vt 0.817433 0.334033
vt 0.803155 0.241893
vt 0.778473 0.188159
vt 0.722789 0.329971
vt 0.768068 0.221633
vt 0.803113 0.325986
vt 0.757262 0.040174
vt 0.705469 0.426602
vt 0.866640 0.422940
vt 0.757262 0.147930
vt 0.817433 0.334033
vt 0.778473 0.088925
vt 0.768068 0.221633
vt 0.866640 0.367301
vt 0.778473 0.088925
vt 0.722789 0.329971
vt 0.778473 0.069935
vt 0.675744 0.374102
vt 0.757262 0.099179
vt 0.778473 0.141293
vt 0.778473 0.040174
vt 0.832068 0.363205
vt 0.723358 0.335458
vt 0.757262 0.147930
vt 0.770089 0.415966
vt 0.723358 0.408575
vt 0.802682 0.040174
vt 0.757262 0.205893
vt 0.778473 0.044935
vt 0.757262 0.099179
vt 0.757262 0.183987
vt 0.733053 0.040174
vt 0.799685 0.090174
vt 0.751827 0.314848
vt 0.733053 0.188159
vt 0.730433 0.444676
vt 0.847392 0.334035
vt 0.778473 0.040174
vt 0.705469 0.426602
vt 0.757262 0.099179
vt 0.757262 0.183987
vt 0.757262 0.088925
vt 0.733053 0.099179
vt 0.778473 0.069935
vt 0.757262 0.183987
vt 0.754265 0.205893
vt 0.757262 0.099179
vt 0.778473 0.188159
vt 0.799685 0.141293
vt 0.733053 0.205893
vt 0.733053 0.040174
vt 0.751827 0.314848
vt 0.778473 0.147930
vt 0.757262 0.183987
vt 0.757262 0.154817
vt 0.802682 0.040174
vt 0.754265 0.188159
vt 0.705469 0.317431
vt 0.757262 0.040174
vt 0.757262 0.183987
vt 0.778473 0.090174
vt 0.799685 0.115733
vt 0.757262 0.099179
vt 0.787827 0.235950
vt 0.733053 0.183987
vt 0.733053 0.154817
vt 0.733053 0.095812
vt 0.778473 0.147930
vt 0.847392 0.000000
vt 0.733053 0.040174
vt 0.733053 0.099179
vt 0.778473 0.088925
vt 0.796568 0.201015
vt 0.754265 0.205893
vt 0.778473 0.090174
vt 0.757262 0.154817
vt 0.802682 0.065174
vt 0.720210 0.379852
vt 0.754878 0.015174
vt 0.768068 0.221633
vt 0.948237 0.426306
vt 0.918016 0.334035
vt 0.757262 0.188159
vt 0.778473 0.088925
vt 0.832068 0.363205
vt 0.860056 0.363205
vt 0.733053 0.188159
vt 0.778473 0.205893
vt 0.802682 0.065174
vt 0.778473 0.188159
vt 0.757262 0.154817
vt 0.768068 0.221633
vt 0.802682 0.044935
vt 0.733053 0.099179
vt 0.994144 0.334035
vt 0.788473 0.242213
vt 0.778473 0.141293
vt 0.760542 0.040174
vt 0.747753 0.432137
vt 0.757262 0.099179
vt 0.785841 0.229349
vt 0.778473 0.069935
vt 0.675744 0.374102
vt 0.778473 0.091875
vt 0.994144 0.334035
vt 0.800881 0.019935
vt 0.723358 0.335458
vt 0.817433 0.334033
vt 0.757262 0.154817
vt 0.778473 0.069935
vt 0.802682 0.040174
vt 0.781470 0.154817
vt 0.778473 0.183987
vt 0.733053 0.095812
vt 0.781470 0.183987
vt 0.733053 0.040174
vt 0.733053 0.183987
vt 0.757262 0.091875
vt 0.778473 0.044935
vt 0.803113 0.325986
vt 0.778473 0.115733
vt 0.778473 0.088925
vt 0.800881 0.015174
vt 0.994241 0.426306
vt 0.832068 0.363205
vt 0.796484 0.366862
vt 0.802682 0.065174
vt 0.778473 0.065174
vt 0.847392 0.000000
vt 0.757262 0.095812
vt 0.994144 0.334035
vt 0.778473 0.040174
vt 0.733053 0.095812
vt 0.723358 0.408575
vt 0.756090 0.281840
vt 0.757262 0.091875
vt 0.675744 0.374102
vt 0.722789 0.329971
vt 0.757262 0.205893
vt 0.757262 0.040174
vt 0.720210 0.379852
vt 0.733053 0.188159
vt 0.788431 0.325659
vt 0.733053 0.188159
vt 0.757262 0.183987
vt 0.733053 0.099179
vt 0.757262 0.188159
vt 0.705469 0.317431
vt 0.754265 0.205893
vt 0.757262 0.091875
vt 0.778473 0.147930
vt 0.723358 0.335458
vt 0.803721 0.247381
vt 0.778473 0.205893
vt 0.918016 0.000000
vt 0.705469 0.317431
vt 0.799685 0.090174
vt 0.778473 0.147930
vt 0.754265 0.188159
vt 0.757262 0.088925
vt 0.803155 0.241893
vt 0.860056 0.363205
vt 0.778473 0.188159
vt 0.778473 0.069935
vt 0.802682 0.065174
vt 0.994144 0.334035
vt 0.747753 0.311898
vt 0.778473 0.088925
vt 0.757262 0.040174
vt 0.847392 0.334035
vt 0.994144 0.000000
vt 0.866640 0.367301
vt 0.757262 0.205893
vt 0.757262 0.099179
vt 0.757262 0.095812
vt 0.871295 0.426306
vt 0.733053 0.154817
vt 0.918016 0.334035
vt 0.799685 0.141293
vt 0.733053 0.099179
vt 0.733053 0.099179
vt 0.796568 0.201015
vt 0.757262 0.183987
vt 0.757262 0.095812
vt 0.722789 0.329971
vt 0.733053 0.154817
vt 0.803721 0.247381
vt 0.730433 0.444676
vt 0.778473 0.069935
vt 0.760542 0.019935
vt 0.754265 0.183987
vt 0.778473 0.069935
vt 0.802682 0.044935
vt 0.733053 0.183987
vt 0.787827 0.235950
vt 0.778473 0.091875
vt 0.722789 0.329971
vt 0.994144 0.000000
vt 0.733053 0.188159
vt 0.778473 0.141293
vt 0.778473 0.090174
vt 0.918016 0.000000
vt 0.799685 0.090174
vt 0.847392 0.334035
vt 0.778473 0.090174
vt 0.757262 0.183987
vt 0.757262 0.188159
vt 0.722789 0.329971
vt 0.802682 0.044935
vt 0.802682 0.044935
vt 0.757262 0.095812
vt 0.817433 0.334033
vt 0.778473 0.065174
vt 0.847392 0.000000
vt 0.778473 0.040174
vt 0.768005 0.346227
vt 0.787827 0.235950
vt 0.778473 0.040174
vt 0.785786 0.338520
vt 0.723358 0.335458
vt 0.733053 0.095812
vt 0.754265 0.183987
vt 0.778473 0.065174
vt 0.754265 0.188159
vt 0.716324 0.366995
vt 0.800881 0.019935
vt 0.778473 0.091875
vt 0.768005 0.346227
vt 0.781470 0.154817
vt 0.756087 0.286012
vt 0.802682 0.069935
vt 0.747753 0.432137
vt 0.803113 0.325986
vt 0.800881 0.040174
vt 0.778473 0.044935
vt 0.785841 0.229349
vt 0.770089 0.328070
vt 0.734113 0.281540
vt 0.757262 0.099179
vt 0.733053 0.095812
vt 0.754265 0.188159
vt 0.787779 0.331922
vt 0.802682 0.065174
vt 0.770089 0.328070
vt 0.787827 0.235950
vt 0.918016 0.334035
vt 0.757262 0.099179
vt 0.723358 0.335458
vt 0.778473 0.141293
vt 0.756087 0.286012
vt 0.788431 0.325659
vt 0.723358 0.408575
vt 0.778473 0.147930
vt 0.918016 0.334035
vt 0.866640 0.334035
vt 0.757262 0.099179
vt 0.733053 0.154817
vt 0.757262 0.095812
vt 0.803684 0.320498
vt 0.802682 0.090174
vt 0.778473 0.205893
vt 0.733053 0.040174
vt 0.787827 0.235950
vt 0.788473 0.242213
vt 0.733053 0.188159
vt 0.778473 0.069935
vt 0.757262 0.088925
vt 0.802682 0.069935
vt 0.785786 0.338520
vt 0.757262 0.188159
vt 0.778473 0.088925
vt 0.860056 0.334035
vt 0.832068 0.334035
vt 0.781470 0.183987
vt 0.800881 0.015174
vt 0.994241 0.426306
vt 0.778473 0.044935
vt 0.757262 0.154817
vt 0.847392 0.334035
vt 0.803721 0.247381
vt 0.802682 0.065174
vt 0.722789 0.414063
vt 0.778473 0.183987
vt 0.722789 0.414063
vt 0.754265 0.183987
vt 0.723358 0.335458
vt 0.754265 0.205893
vt 0.733053 0.183987
vt 0.866640 0.367301
vt 0.778473 0.115733
vt 0.802682 0.069935
vt 0.799685 0.141293
vt 0.778473 0.065174
vt 0.802682 0.065174
vt 0.754265 0.183987
vt 0.757262 0.183987
vt 0.757262 0.088925
vt 0.778473 0.141293
vt 0.720210 0.379852
vt 0.994144 0.000000
vt 0.675744 0.369930
vt 0.778473 0.205893
vt 0.817433 0.000002
vt 0.757262 0.088925
vn 0.000000 -1.000000 0.000000
vn 0.000000 -1.000000 0.000000
vn 0.000000 -1.000000 0.000000
vn 0.000000 -1.000000 0.000000
vn 0.000000 -1.000000 0.000000
vn 0.000000 -1.000000 0.000000
vn 0.000000 -1.000000 0.000000
vn 0.000000 -1.000000 0.000000
vn 0.000000 -1.000000 0.000000
vn 0.000000 -1.000000 0.000000
vn 0.000000 -1.000000 0.000000
vn 0.000000 -1.000000 0.000000
vn 0.000000 -1.000000 0.000000
vn 0.000000 -1.000000 0.000000
vn 0.000000 -1.000000 0.000000
vn 0.000000 -1.000000 0.000000
vn 0.000000 -1.000000 0.000000
vn 0.000000 -1.000000 0.000000
vn 0.000000 -1.000000 0.000000
vn 0.000000 -1.000000 0.000000
vn 0.000000 -1.000000 0.000000
vn 0.000000 -1.000000 0.000000
vn 0.000000 -1.000000 0.000000
vn -0.047182 0.998278 -0.034853
vn -0.021669 0.990506 -0.135750
vn -0.043917 0.995985 -0.078007
vn -0.013062 0.983957 -0.177925
vn -0.055881 0.998438 -0.000000
vn -0.055881 0.998438 -0.000000
vn -0.021669 0.990506 -0.135750
vn -0.047182 0.998278 -0.034853
vn 0.000000 -0.000000 -1.000000
vn 0.000000 -0.000000 -1.000000
vn 0.000000 -0.000000 -1.000000
vn 0.000000 -0.000000 -1.000000
vn -0.758045 -0.000000 -0.652203
vn -0.758045 -0.000000 -0.652203
vn -0.758045 -0.000000 -0.652203
vn -0.758045 -0.000000 -0.652203
vn -1.000000 0.000000 0.000000
vn -1.000000 0.000000 0.000000
vn -1.000000 0.000000 0.000000
vn -1.000000 0.000000 0.000000
vn -1.000000 0.000000 0.000000
vn -1.000000 0.000000 0.000000
vn -1.000000 0.000000 0.000000
vn -1.000000 0.000000 0.000000
vn -0.652203 -0.000000 -0.758045
vn -0.652203 -0.000000 -0.758045
vn -0.652203 -0.000000 -0.758045
vn -0.652203 -0.000000 -0.758045
vn 0.000000 -0.000000 -1.000000
vn 0.000000 -0.000000 -1.000000
vn 0.000000 -0.000000 -1.000000
vn 0.000000 -0.000000 -1.000000
vn -1.000000 0.000000 0.000000
vn -1.000000 0.000000 0.000000
vn -1.000000 0.000000 0.000000
vn -1.000000 0.000000 0.000000
vn 0.000000 -0.000000 -1.000000
vn 0.000000 -0.000000 -1.000000
vn 0.000000 -0.000000 -1.000000
vn 0.000000 -0.000000 -1.000000
vn -0.707107 -0.000000 -0.707107
vn -0.707107 -0.000000 -0.707107
vn -0.707107 -0.000000 -0.707107
vn -0.707107 -0.000000 -0.707107
vn 0.000000 1.000000 -0.000000
vn 0.000000 1.000000 -0.000000
vn 0.000000 1.000000 -0.000000
vn 0.000000 1.000000 -0.000000
vn 0.000000 1.000000 -0.000000
vn 0.000000 1.000000 -0.000000
vn 0.000000 1.000000 -0.000000
vn 0.000000 1.000000 -0.000000
vn -1.000000 0.000000 0.000000
vn -1.000000 0.000000 0.000000
vn -1.000000 0.000000 0.000000
vn -1.000000 0.000000 0.000000
vn 0.000000 1.000000 -0.000000
vn 0.000000 1.000000 -0.000000
vn 0.000000 1.000000 -0.000000
vn 0.000000 1.000000 -0.000000
vn 0.000000 1.000000 -0.000000
vn 0.000000 1.000000 -0.000000
vn 0.000000 1.000000 -0.000000
vn 0.000000 1.000000 -0.000000
vn 0.000000 -0.000000 -1.000000
vn 0.000000 -0.000000 -1.000000
vn 0.000000 -0.000000 -1.000000
vn 0.000000 -0.000000 -1.000000
vn -0.758045 -0.000000 -0.652203
vn -0.758045 -0.000000 -0.652203
vn -0.758045 -0.000000 -0.652203
vn -0.758045 -0.000000 -0.652203
vn -1.000000 0.000000 0.000000
vn -1.000000 0.000000 0.000000
vn -1.000000 0.000000 0.000000
vn -1.000000 0.000000 0.000000
vn -1.000000 0.000000 0.000000
vn -1.000000 0.000000 0.000000
vn -1.000000 0.000000 0.000000
vn -1.000000 0.000000 0.000000
vn -0.652203 -0.000000 -0.758045
vn -0.652203 -0.000000 -0.758045
vn -0.652203 -0.000000 -0.758045
vn -0.652203 -0.000000 -0.758045
vn 0.000000 -0.000000 -1.000000
vn 0.000000 -0.000000 -1.000000
vn 0.000000 -0.000000 -1.000000
vn 0.000000 -0.000000 -1.000000
vn -1.000000 0.000000 0.000000
vn -1.000000 0.000000 0.000000
vn -1.000000 0.000000 0.000000
vn -1.000000 0.000000 0.000000
vn 0.000000 -0.000000 -1.000000
vn 0.000000 -0.000000 -1.000000
vn 0.000000 -0.000000 -1.000000
vn 0.000000 -0.000000 -1.000000
vn -0.707107 -0.000000 -0.707107
vn -0.707107 -0.000000 -0.707107
vn -0.707107 -0.000000 -0.707107
vn -0.707107 -0.000000 -0.707107
vn 0.000000 1.000000 -0.000000
vn 0.000000 1.000000 -0.000000
vn 0.000000 1.000000 -0.000000
vn 0.000000 1.000000 -0.000000
vn 0.000000 1.000000 -0.000000
vn 0.000000 1.000000 -0.000000
vn 0.000000 1.000000 -0.000000
vn 0.000000 1.000000 -0.000000
vn 0.000000 1.000000 -0.000000
vn 0.000000 -0.000000 -1.000000
vn 0.000000 -0.000000 -1.000000
vn 0.000000 -0.000000 -1.000000
vn 0.000000 -0.000000 -1.000000
vn -0.853283 -0.000000 -0.521449
vn -0.853283 -0.000000 -0.521449
vn -0.853283 -0.000000 -0.521449
vn -0.853283 -0.000000 -0.521449
vn -0.061252 0.997759 -0.026918
vn -0.060062 0.997735 -0.030275
vn -0.013062 0.983957 -0.177925
vn -0.043917 0.995985 -0.078007
vn -0.056887 0.998273 -0.014649
vn -0.048068 0.998560 -0.023805
vn -0.060062 0.997735 -0.030275
vn -0.061252 0.997759 -0.026918
vn -0.014649 0.998273 -0.056887
vn -0.023805 0.998560 -0.048068
vn -0.048068 0.998560 -0.023805
vn -0.056887 0.998273 -0.014649
vn -0.026918 0.997759 -0.061252
vn -0.030275 0.997735 -0.060062
vn -0.023805 0.998560 -0.048068
vn -0.014649 0.998273 -0.056887
vn -0.078006 0.995985 -0.043917
vn -0.177925 0.983957 -0.013062
vn -0.030275 0.997735 -0.060062
vn -0.026918 0.997759 -0.061252
vn -0.130132 0.991430 -0.011536
vn -0.022340 0.999433 -0.025178
vn -0.177925 0.983957 -0.013062
vn -0.078006 0.995985 -0.043917
vn 0.000000 0.999555 -0.029817
vn 0.000000 0.999555 -0.029817
vn -0.022340 0.999433 -0.025178
vn -0.130132 0.991430 -0.011536
vn 0.000000 1.000000 -0.000000
vn 0.000000 1.000000 -0.000000
vn 0.000000 1.000000 -0.000000
vn 0.000000 1.000000 -0.000000
vn 0.000000 1.000000 -0.000000
vn 0.000000 -1.000000 0.000000
vn 0.000000 -1.000000 0.000000
vn 0.000000 -1.000000 0.000000
vn 0.000000 -1.000000 0.000000
vn 0.000000 -1.000000 0.000000
vn 0.000000 -1.000000 0.000000
vn 0.000000 -1.000000 0.000000
vn 0.000000 -1.000000 0.000000
vn 0.000000 -1.000000 0.000000
vn 0.000000 -1.000000 0.000000
vn 0.000000 -1.000000 0.000000
vn 0.000000 -1.000000 0.000000
vn 0.000000 -1.000000 0.000000
vn 0.000000 -1.000000 0.000000
vn 0.000000 -1.000000 0.000000
vn 0.000000 -1.000000 0.000000
vn 0.000000 -1.000000 0.000000
vn 0.000000 -1.000000 0.000000
vn 0.000000 -1.000000 0.000000
vn 0.000000 -1.000000 0.000000
vn 0.000000 -1.000000 0.000000
vn 0.000000 -1.000000 0.000000
vn 0.000000 -1.000000 0.000000
vn 0.047182 0.998278 -0.034853
vn 0.013062 0.983957 -0.177925
vn 0.043917 0.995985 -0.078007
vn 0.021669 0.990506 -0.135750
vn 0.055881 0.998438 -0.000000
vn 0.047182 0.998278 -0.034853
vn 0.021669 0.990506 -0.135750
vn 0.055881 0.998438 -0.000000
vn 0.000000 -0.000000 -1.000000
vn 0.000000 -0.000000 -1.000000
vn 0.000000 -0.000000 -1.000000
vn 0.000000 -0.000000 -1.000000
vn 0.758045 -0.000000 -0.652203
vn 0.758045 -0.000000 -0.652203
vn 0.758045 -0.000000 -0.652203
vn 0.758045 -0.000000 -0.652203
vn 1.000000 0.000000 0.000000
vn 1.000000 0.000000 0.000000
vn 1.000000 0.000000 0.000000
vn 1.000000 0.000000 0.000000
vn 1.000000 0.000000 0.000000
vn 1.000000 0.000000 0.000000
vn 1.000000 0.000000 0.000000
vn 1.000000 0.000000 0.000000
vn 0.652203 -0.000000 -0.758045
vn 0.652203 -0.000000 -0.758045
vn 0.652203 -0.000000 -0.758045
vn 0.652203 -0.000000 -0.758045
vn 0.000000 -0.000000 -1.000000
vn 0.000000 -0.000000 -1.000000
vn 0.000000 -0.000000 -1.000000
vn 0.000000 -0.000000 -1.000000
vn 1.000000 0.000000 0.000000
vn 1.000000 0.000000 0.000000
vn 1.000000 0.000000 0.000000
vn 1.000000 0.000000 0.000000
vn 0.000000 -0.000000 -1.000000
vn 0.000000 -0.000000 -1.000000
vn 0.000000 -0.000000 -1.000000
vn 0.000000 -0.000000 -1.000000
vn 0.707107 -0.000000 -0.707107
vn 0.707107 -0.000000 -0.707107
vn 0.707107 -0.000000 -0.707107
vn 0.707107 -0.000000 -0.707107
vn 0.000000 1.000000 -0.000000
vn 0.000000 1.000000 -0.000000
vn 0.000000 1.000000 -0.000000
vn 0.000000 1.000000 -0.000000
vn 0.000000 1.000000 -0.000000
vn 0.000000 1.000000 -0.000000
vn 0.000000 1.000000 -0.000000
vn 0.000000 1.000000 -0.000000
vn 1.000000 0.000000 0.000000
vn 1.000000 0.000000 0.000000
vn 1.000000 0.000000 0.000000
vn 1.000000 0.000000 0.000000
vn 0.000000 1.000000 -0.000000
vn 0.000000 1.000000 -0.000000
vn 0.000000 1.000000 -0.000000
vn 0.000000 1.000000 -0.000000
vn 0.000000 1.000000 -0.000000
vn 0.000000 1.000000 -0.000000
vn 0.000000 1.000000 -0.000000
vn 0.000000 1.000000 -0.000000
vn 0.000000 -0.000000 -1.000000
vn 0.000000 -0.000000 -1.000000
vn 0.000000 -0.000000 -1.000000
vn 0.000000 -0.000000 -1.000000
vn 0.758045 -0.000000 -0.652203
vn 0.758045 -0.000000 -0.652203
vn 0.758045 -0.000000 -0.652203
vn 0.758045 -0.000000 -0.652203
vn 1.000000 0.000000 0.000000
vn 1.000000 0.000000 0.000000
vn 1.000000 0.000000 0.000000
vn 1.000000 0.000000 0.000000
vn 1.000000 0.000000 0.000000
vn 1.000000 0.000000 0.000000
vn 1.000000 0.000000 0.000000
vn 1.000000 0.000000 0.000000
vn 0.652203 -0.000000 -0.758045
vn 0.652203 -0.000000 -0.758045
vn 0.652203 -0.000000 -0.758045
vn 0.652203 -0.000000 -0.758045
vn 0.000000 -0.000000 -1.000000
vn 0.000000 -0.000000 -1.000000
vn 0.000000 -0.000000 -1.000000
vn 0.000000 -0.000000 -1.000000
vn 1.000000 0.000000 0.000000
vn 1.000000 0.000000 0.000000
vn 1.000000 0.000000 0.000000
vn 1.000000 0.000000 0.000000
vn 0.000000 -0.000000 -1.000000
vn 0.000000 -0.000000 -1.000000
vn 0.000000 -0.000000 -1.000000
vn 0.000000 -0.000000 -1.000000
vn 0.707107 -0.000000 -0.707107
vn 0.707107 -0.000000 -0.707107
vn 0.707107 -0.000000 -0.707107
vn 0.707107 -0.000000 -0.707107
vn 0.000000 1.000000 -0.000000
vn 0.000000 1.000000 -0.000000
vn 0.000000 1.000000 -0.000000
vn 0.000000 1.000000 -0.000000
vn 0.000000 1.000000 -0.000000
vn 0.000000 1.000000 -0.000000
vn 0.000000 1.000000 -0.000000
vn 0.000000 1.000000 -0.000000
vn 0.000000 1.000000 -0.000000
vn 0.000000 -0.000000 -1.000000
vn 0.000000 -0.000000 -1.000000
vn 0.000000 -0.000000 -1.000000
vn 0.000000 -0.000000 -1.000000
vn 0.853283 -0.000000 -0.521449
vn 0.853283 -0.000000 -0.521449
vn 0.853283 -0.000000 -0.521449
vn 0.853283 -0.000000 -0.521449
vn 0.061252 0.997759 -0.026918
vn 0.043917 0.995985 -0.078007
vn 0.013062 0.983957 -0.177925
vn 0.060062 0.997735 -0.030275
vn 0.056887 0.998273 -0.014649
vn 0.061252 0.997759 -0.026918
vn 0.060062 0.997735 -0.030275
vn 0.048068 0.998560 -0.023805
vn 0.014649 0.998273 -0.056887
vn 0.056887 0.998273 -0.014649
vn 0.048068 0.998560 -0.023805
vn 0.023805 0.998560 -0.048068
vn 0.026918 0.997759 -0.061252
vn 0.014649 0.998273 -0.056887
vn 0.023805 0.998560 -0.048068
vn 0.030275 0.997735 -0.060062
vn 0.078006 0.995985 -0.043917
vn 0.026918 0.997759 -0.061252
vn 0.030275 0.997735 -0.060062
vn 0.177925 0.983957 -0.013062
vn 0.130132 0.991430 -0.011536
vn 0.078006 0.995985 -0.043917
vn 0.177925 0.983957 -0.013062
vn 0.022340 0.999433 -0.025178
vn 0.000000 0.999555 -0.029817
vn 0.130132 0.991430 -0.011536
vn 0.022340 0.999433 -0.025178
vn 0.000000 0.999555 -0.029817
vn 0.000000 1.000000 -0.000000
vn 0.000000 1.000000 -0.000000
vn 0.000000 1.000000 -0.000000
vn 0.000000 1.000000 -0.000000
vn 0.000000 1.000000 -0.000000
vn 0.000000 -1.000000 0.000000
vn 0.000000 -1.000000 0.000000
vn 0.000000 -1.000000 0.000000
vn 0.000000 -1.000000 0.000000
vn 0.000000 -1.000000 0.000000
vn 0.000000 -1.000000 0.000000
vn 0.000000 -1.000000 0.000000
vn 0.000000 -1.000000 0.000000
vn 0.000000 -1.000000 0.000000
vn 0.000000 -1.000000 0.000000
vn 0.000000 -1.000000 0.000000
vn 0.000000 -1.000000 0.000000
vn 0.000000 -1.000000 0.000000
vn 0.000000 -1.000000 0.000000
vn 0.000000 -1.000000 0.000000
vn 0.000000 -1.000000 0.000000
vn 0.000000 -1.000000 0.000000
vn 0.000000 -1.000000 0.000000
vn 0.000000 -1.000000 0.000000
vn 0.000000 -1.000000 0.000000
vn 0.000000 -1.000000 0.000000
vn 0.000000 -1.000000 0.000000
vn 0.000000 -1.000000 0.000000
vn -0.047182 0.998278 0.034853
vn -0.013062 0.983957 0.177925
vn -0.043917 0.995985 0.078006
vn -0.021669 0.990506 0.135750
vn -0.055881 0.998438 -0.000000
vn -0.047182 0.998278 0.034853
vn -0.021669 0.990506 0.135750
vn -0.055881 0.998438 -0.000000
vn 0.000000 0.000000 1.000000
vn 0.000000 0.000000 1.000000
vn 0.000000 0.000000 1.000000
vn 0.000000 0.000000 1.000000
vn -0.758045 0.000000 0.652203
vn -0.758045 0.000000 0.652203
vn -0.758045 0.000000 0.652203
vn -0.758045 0.000000 0.652203
vn -1.000000 0.000000 0.000000
vn -1.000000 0.000000 0.000000
vn -1.000000 0.000000 0.000000
vn -1.000000 0.000000 0.000000
vn -1.000000 0.000000 0.000000
vn -1.000000 0.000000 0.000000
vn -1.000000 0.000000 0.000000
vn -1.000000 0.000000 0.000000
vn -0.652203 0.000000 0.758045
vn -0.652203 0.000000 0.758045
vn -0.652203 0.000000 0.758045
vn -0.652203 0.000000 0.758045
vn 0.000000 0.000000 1.000000
vn 0.000000 0.000000 1.000000
vn 0.000000 0.000000 1.000000
vn 0.000000 0.000000 1.000000
vn -1.000000 0.000000 0.000000
vn -1.000000 0.000000 0.000000
vn -1.000000 0.000000 0.000000
vn -1.000000 0.000000 0.000000
vn 0.000000 0.000000 1.000000
vn 0.000000 0.000000 1.000000
vn 0.000000 0.000000 1.000000
vn 0.000000 0.000000 1.000000
vn -0.707107 0.000000 0.707107
vn -0.707107 0.000000 0.707107
vn -0.707107 0.000000 0.707107
vn -0.707107 0.000000 0.707107
vn 0.000000 1.000000 -0.000000
vn 0.000000 1.000000 -0.000000
vn 0.000000 1.000000 -0.000000
vn 0.000000 1.000000 -0.000000
vn 0.000000 1.000000 -0.000000
vn 0.000000 1.000000 -0.000000
vn 0.000000 1.000000 -0.000000
vn 0.000000 1.000000 -0.000000
vn -1.000000 0.000000 0.000000
vn -1.000000 0.000000 0.000000
vn -1.000000 0.000000 0.000000
vn -1.000000 0.000000 0.000000
vn 0.000000 1.000000 -0.000000
vn 0.000000 1.000000 -0.000000
vn 0.000000 1.000000 -0.000000
vn 0.000000 1.000000 -0.000000
vn 0.000000 1.000000 -0.000000
vn 0.000000 1.000000 -0.000000
vn 0.000000 1.000000 -0.000000
vn 0.000000 1.000000 -0.000000
vn 0.000000 0.000000 1.000000
vn 0.000000 0.000000 1.000000
vn 0.000000 0.000000 1.000000
vn 0.000000 0.000000 1.000000
vn -0.758045 0.000000 0.652203
vn -0.758045 0.000000 0.652203
vn -0.758045 0.000000 0.652203
vn -0.758045 0.000000 0.652203
vn -1.000000 0.000000 0.000000
vn -1.000000 0.000000 0.000000
vn -1.000000 0.000000 0.000000
vn -1.000000 0.000000 0.000000
vn -1.000000 0.000000 0.000000
vn -1.000000 0.000000 0.000000
vn -1.000000 0.000000 0.000000
vn -1.000000 0.000000 0.000000
vn -0.652203 0.000000 0.758045
vn -0.652203 0.000000 0.758045
vn -0.652203 0.000000 0.758045
vn -0.652203 0.000000 0.758045
vn 0.000000 0.000000 1.000000
vn 0.000000 0.000000 1.000000
vn 0.000000 0.000000 1.000000
vn 0.000000 0.000000 1.000000
vn -1.000000 0.000000 0.000000
vn -1.000000 0.000000 0.000000
vn -1.000000 0.000000 0.000000
vn -1.000000 0.000000 0.000000
vn 0.000000 0.000000 1.000000
vn 0.000000 0.000000 1.000000
vn 0.000000 0.000000 1.000000
vn 0.000000 0.000000 1.000000
vn -0.707107 0.000000 0.707107
vn -0.707107 0.000000 0.707107
vn -0.707107 0.000000 0.707107
vn -0.707107 0.000000 0.707107
vn 0.000000 1.000000 -0.000000
vn 0.000000 1.000000 -0.000000
vn 0.000000 1.000000 -0.000000
vn 0.000000 1.000000 -0.000000
vn 0.000000 1.000000 -0.000000
vn 0.000000 1.000000 -0.000000
vn 0.000000 1.000000 -0.000000
vn 0.000000 1.000000 -0.000000
vn 0.000000 1.000000 -0.000000
vn 0.000000 0.000000 1.000000
vn 0.000000 0.000000 1.000000
vn 0.000000 0.000000 1.000000
vn 0.000000 0.000000 1.000000
vn -0.853283 0.000000 0.521449
vn -0.853283 0.000000 0.521449
vn -0.853283 0.000000 0.521449
vn -0.853283 0.000000 0.521449
vn -0.061282 0.997758 0.026918
vn -0.043917 0.995985 0.078006
vn -0.013062 0.983957 0.177925
vn -0.060062 0.997735 0.030275
vn -0.056887 0.998273 0.014649
vn -0.061282 0.997758 0.026918
vn -0.060062 0.997735 0.030275
vn -0.048068 0.998560 0.023805
vn -0.014649 0.998273 0.056887
vn -0.056887 0.998273 0.014649
vn -0.048068 0.998560 0.023805
vn -0.023805 0.998560 0.048068
vn -0.026918 0.997759 0.061252
vn -0.014649 0.998273 0.056887
vn -0.023805 0.998560 0.048068
vn -0.030275 0.997735 0.060062
vn -0.078006 0.995985 0.043917
vn -0.026918 0.997759 0.061252
vn -0.030275 0.997735 0.060062
vn -0.177925 0.983957 0.013062
vn -0.130132 0.991430 0.011536
vn -0.078006 0.995985 0.043917
vn -0.177925 0.983957 0.013062
vn -0.022340 0.999433 0.025178
vn 0.000000 0.999555 0.029817
vn -0.130132 0.991430 0.011536
vn -0.022340 0.999433 0.025178
vn 0.000000 0.999555 0.029817
vn 0.000000 1.000000 -0.000000
vn 0.000000 1.000000 -0.000000
vn 0.000000 1.000000 -0.000000
vn 0.000000 1.000000 -0.000000
vn 0.000000 1.000000 -0.000000
vn 0.000000 -1.000000 0.000000
vn 0.000000 -1.000000 0.000000
vn 0.000000 -1.000000 0.000000
vn 0.000000 -1.000000 0.000000
vn 0.000000 -1.000000 0.000000
vn 0.000000 -1.000000 0.000000
vn 0.000000 -1.000000 0.000000
vn 0.000000 -1.000000 0.000000
vn 0.000000 -1.000000 0.000000
vn 0.000000 -1.000000 0.000000
vn 0.000000 -1.000000 0.000000
vn 0.000000 -1.000000 0.000000
vn 0.000000 -1.000000 0.000000
vn 0.000000 -1.000000 0.000000
vn 0.000000 -1.000000 0.000000
vn 0.000000 -1.000000 0.000000
vn 0.000000 -1.000000 0.000000
vn 0.000000 -1.000000 0.000000
vn 0.000000 -1.000000 0.000000
vn 0.000000 -1.000000 0.000000
vn 0.000000 -1.000000 0.000000
vn 0.000000 -1.000000 0.000000
vn 0.000000 -1.000000 0.000000
vn 0.047182 0.998278 0.034853
vn 0.021669 0.990506 0.135750
vn 0.043917 0.995985 0.078006
vn 0.013062 0.983957 0.177925
vn 0.055881 0.998438 -0.000000
vn 0.055881 0.998438 -0.000000
vn 0.021669 0.990506 0.135750
vn 0.047182 0.998278 0.034853
vn 0.000000 0.000000 1.000000
vn 0.000000 0.000000 1.000000
vn 0.000000 0.000000 1.000000
vn 0.000000 0.000000 1.000000
vn 0.758045 0.000000 0.652203
vn 0.758045 0.000000 0.652203
vn 0.758045 0.000000 0.652203
vn 0.758045 0.000000 0.652203
vn 1.000000 0.000000 0.000000
vn 1.000000 0.000000 0.000000
vn 1.000000 0.000000 0.000000
vn 1.000000 0.000000 0.000000
vn 1.000000 0.000000 0.000000
vn 1.000000 0.000000 0.000000
vn 1.000000 0.000000 0.000000
vn 1.000000 0.000000 0.000000
vn 0.652203 0.000000 0.758045
vn 0.652203 0.000000 0.758045
vn 0.652203 0.000000 0.758045
vn 0.652203 0.000000 0.758045
vn 0.000000 0.000000 1.000000
vn 0.000000 0.000000 1.000000
vn 0.000000 0.000000 1.000000
vn 0.000000 0.000000 1.000000
vn 1.000000 0.000000 0.000000
vn 1.000000 0.000000 0.000000
vn 1.000000 0.000000 0.000000
vn 1.000000 0.000000 0.000000
vn 0.000000 0.000000 1.000000
vn 0.000000 0.000000 1.000000
vn 0.000000 0.000000 1.000000
vn 0.000000 0.000000 1.000000
vn 0.707107 0.000000 0.707107
vn 0.707107 0.000000 0.707107
vn 0.707107 0.000000 0.707107
vn 0.707107 0.000000 0.707107
vn 0.000000 1.000000 -0.000000
vn 0.000000 1.000000 -0.000000
vn 0.000000 1.000000 -0.000000
vn 0.000000 1.000000 -0.000000
vn 0.000000 1.000000 -0.000000
vn 0.000000 1.000000 -0.000000
vn 0.000000 1.000000 -0.000000
vn 0.000000 1.000000 -0.000000
vn 1.000000 0.000000 0.000000
vn 1.000000 0.000000 0.000000
vn 1.000000 0.000000 0.000000
vn 1.000000 0.000000 0.000000
vn 0.000000 1.000000 -0.000000
vn 0.000000 1.000000 -0.000000
vn 0.000000 1.000000 -0.000000
vn 0.000000 1.000000 -0.000000
vn 0.000000 1.000000 -0.000000
vn 0.000000 1.000000 -0.000000
vn 0.000000 1.000000 -0.000000
vn 0.000000 1.000000 -0.000000
vn 0.000000 0.000000 1.000000
vn 0.000000 0.000000 1.000000
vn 0.000000 0.000000 1.000000
vn 0.000000 0.000000 1.000000
vn 0.758045 0.000000 0.652203
vn 0.758045 0.000000 0.652203
vn 0.758045 0.000000 0.652203
vn 0.758045 0.000000 0.652203
vn 1.000000 0.000000 0.000000
vn 1.000000 0.000000 0.000000
vn 1.000000 0.000000 0.000000
vn 1.000000 0.000000 0.000000
vn 1.000000 0.000000 0.000000
vn 1.000000 0.000000 0.000000
vn 1.000000 0.000000 0.000000
vn 1.000000 0.000000 0.000000
vn 0.652203 0.000000 0.758045
vn 0.652203 0.000000 0.758045
vn 0.652203 0.000000 0.758045
vn 0.652203 0.000000 0.758045
vn 0.000000 0.000000 1.000000
vn 0.000000 0.000000 1.000000
vn 0.000000 0.000000 1.000000
vn 0.000000 0.000000 1.000000
vn 1.000000 0.000000 0.000000
vn 1.000000 0.000000 0.000000
vn 1.000000 0.000000 0.000000
vn 1.000000 0.000000 0.000000
vn 0.000000 0.000000 1.000000
vn 0.000000 0.000000 1.000000
vn 0.000000 0.000000 1.000000
vn 0.000000 0.000000 1.000000
vn 0.707107 0.000000 0.707107
vn 0.707107 0.000000 0.707107
vn 0.707107 0.000000 0.707107
vn 0.707107 0.000000 0.707107
vn 0.000000 1.000000 -0.000000
vn 0.000000 1.000000 -0.000000
vn 0.000000 1.000000 -0.000000
vn 0.000000 1.000000 -0.000000
vn 0.000000 1.000000 -0.000000
vn 0.000000 1.000000 -0.000000
vn 0.000000 1.000000 -0.000000
vn 0.000000 1.000000 -0.000000
vn 0.000000 1.000000 -0.000000
vn 0.000000 0.000000 1.000000
vn 0.000000 0.000000 1.000000
vn 0.000000 0.000000 1.000000
vn 0.000000 0.000000 1.000000
vn 0.853283 0.000000 0.521449
vn 0.853283 0.000000 0.521449
vn 0.853283 0.000000 0.521449
vn 0.853283 0.000000 0.521449
vn 0.061252 0.997759 0.026918
vn 0.060062 0.997735 0.030275
vn 0.013062 0.983957 0.177925
vn 0.043917 0.995985 0.078006
vn 0.056887 0.998273 0.014649
vn 0.048068 0.998560 0.023805
vn 0.060062 0.997735 0.030275
vn 0.061252 0.997759 0.026918
vn 0.014649 0.998273 0.056887
vn 0.023805 0.998560 0.048068
vn 0.048068 0.998560 0.023805
vn 0.056887 0.998273 0.014649
vn 0.026918 0.997759 0.061252
vn 0.030275 0.997735 0.060062
vn 0.023805 0.998560 0.048068
vn 0.014649 0.998273 0.056887
vn 0.078006 0.995985 0.043917
vn 0.177925 0.983957 0.013062
vn 0.030275 0.997735 0.060062
vn 0.026918 0.997759 0.061252
vn 0.130132 0.991430 0.011536
vn 0.022340 0.999433 0.025178
vn 0.177925 0.983957 0.013062
vn 0.078006 0.995985 0.043917
vn 0.000000 0.999555 0.029817
vn 0.000000 0.999555 0.029817
vn 0.022340 0.999433 0.025178
vn 0.130132 0.991430 0.011536
vn 0.000000 1.000000 -0.000000
vn 0.000000 1.000000 -0.000000
vn 0.000000 1.000000 -0.000000
vn 0.000000 1.000000 -0.000000
vn 0.000000 1.000000 -0.000000
vn 0.000000 1.000000 -0.000000
vn 0.000000 1.000000 -0.000000
vn 0.000000 1.000000 -0.000000
vn 0.000000 1.000000 -0.000000
vn 0.000000 1.000000 -0.000000
vn 0.000000 1.000000 -0.000000
vn 0.000000 1.000000 -0.000000
vn 0.000000 1.000000 -0.000000
vn 0.000000 1.000000 -0.000000
vn 0.000000 1.000000 -0.000000
vn 0.000000 1.000000 -0.000000
vn 0.000000 1.000000 -0.000000
vn 0.000000 1.000000 -0.000000
vn 0.000000 1.000000 -0.000000
vn 0.000000 1.000000 -0.000000
vn 0.000000 1.000000 -0.000000
vn 0.000000 1.000000 -0.000000
vn 0.000000 1.000000 -0.000000
vn 0.000000 1.000000 -0.000000
vn 0.000000 1.000000 -0.000000
vn 0.000000 1.000000 -0.000000
vn 0.000000 1.000000 -0.000000
vn 0.000000 1.000000 -0.000000
vn -0.047182 -0.998278 -0.034853
vn -0.013062 -0.983957 -0.177925
vn -0.043917 -0.995985 -0.078006
vn -0.021669 -0.990506 -0.135750
vn -0.055881 -0.998438 0.000000
vn -0.047182 -0.998278 -0.034853
vn -0.021669 -0.990506 -0.135750
vn -0.055881 -0.998438 0.000000
vn 0.000000 -0.000000 -1.000000
vn 0.000000 -0.000000 -1.000000
vn 0.000000 -0.000000 -1.000000
vn 0.000000 -0.000000 -1.000000
vn -0.758045 -0.000000 -0.652203
vn -0.758045 -0.000000 -0.652203
vn -0.758045 -0.000000 -0.652203
vn -0.758045 -0.000000 -0.652203
vn -1.000000 0.000000 0.000000
vn -1.000000 0.000000 0.000000
vn -1.000000 0.000000 0.000000
vn -1.000000 0.000000 0.000000
vn -1.000000 0.000000 0.000000
vn -1.000000 0.000000 0.000000
vn -1.000000 0.000000 0.000000
vn -1.000000 0.000000 0.000000
vn -0.652203 -0.000000 -0.758045
vn -0.652203 -0.000000 -0.758045
vn -0.652203 -0.000000 -0.758045
vn -0.652203 -0.000000 -0.758045
vn 0.000000 -0.000000 -1.000000
vn 0.000000 -0.000000 -1.000000
vn 0.000000 -0.000000 -1.000000
vn 0.000000 -0.000000 -1.000000
vn -1.000000 0.000000 0.000000
vn -1.000000 0.000000 0.000000
vn -1.000000 0.000000 0.000000
vn -1.000000 0.000000 0.000000
vn 0.000000 -0.000000 -1.000000
vn 0.000000 -0.000000 -1.000000
vn 0.000000 -0.000000 -1.000000
vn 0.000000 -0.000000 -1.000000
vn -0.707107 -0.000000 -0.707107
vn -0.707107 -0.000000 -0.707107
vn -0.707107 -0.000000 -0.707107
vn -0.707107 -0.000000 -0.707107
vn 0.000000 -1.000000 0.000000
vn 0.000000 -1.000000 0.000000
vn 0.000000 -1.000000 0.000000
vn 0.000000 -1.000000 0.000000
vn 0.000000 -1.000000 0.000000
vn 0.000000 -1.000000 0.000000
vn 0.000000 -1.000000 0.000000
vn 0.000000 -1.000000 0.000000
vn -1.000000 0.000000 0.000000
vn -1.000000 0.000000 0.000000
vn -1.000000 0.000000 0.000000
vn -1.000000 0.000000 0.000000
vn 0.000000 -1.000000 0.000000
vn 0.000000 -1.000000 0.000000
vn 0.000000 -1.000000 0.000000
vn 0.000000 -1.000000 0.000000
vn 0.000000 -1.000000 0.000000
vn 0.000000 -1.000000 0.000000
vn 0.000000 -1.000000 0.000000
vn 0.000000 -1.000000 0.000000
vn 0.000000 -0.000000 -1.000000
vn 0.000000 -0.000000 -1.000000
vn 0.000000 -0.000000 -1.000000
vn 0.000000 -0.000000 -1.000000
vn -0.758045 -0.000000 -0.652203
vn -0.758045 -0.000000 -0.652203
vn -0.758045 -0.000000 -0.652203
vn -0.758045 -0.000000 -0.652203
vn -1.000000 0.000000 0.000000
vn -1.000000 0.000000 0.000000
vn -1.000000 0.000000 0.000000
vn -1.000000 0.000000 0.000000
vn -1.000000 0.000000 0.000000
vn -1.000000 0.000000 0.000000
vn -1.000000 0.000000 0.000000
vn -1.000000 0.000000 0.000000
vn -0.652203 -0.000000 -0.758045
vn -0.652203 -0.000000 -0.758045
vn -0.652203 -0.000000 -0.758045
vn -0.652203 -0.000000 -0.758045
vn 0.000000 -0.000000 -1.000000
vn 0.000000 -0.000000 -1.000000
vn 0.000000 -0.000000 -1.000000
vn 0.000000 -0.000000 -1.000000
vn -1.000000 0.000000 0.000000
vn -1.000000 0.000000 0.000000
vn -1.000000 0.000000 0.000000
vn -1.000000 0.000000 0.000000
vn 0.000000 -0.000000 -1.000000
vn 0.000000 -0.000000 -1.000000
vn 0.000000 -0.000000 -1.000000
vn 0.000000 -0.000000 -1.000000
vn -0.707107 -0.000000 -0.707107
vn -0.707107 -0.000000 -0.707107
vn -0.707107 -0.000000 -0.707107
vn -0.707107 -0.000000 -0.707107
vn 0.000000 -1.000000 0.000000
vn 0.000000 -1.000000 0.000000
vn 0.000000 -1.000000 0.000000
vn 0.000000 -1.000000 0.000000
vn 0.000000 -1.000000 0.000000
vn 0.000000 -1.000000 0.000000
vn 0.000000 -1.000000 0.000000
vn 0.000000 -1.000000 0.000000
vn 0.000000 -1.000000 0.000000
vn 0.000000 -0.000000 -1.000000
vn 0.000000 -0.000000 -1.000000
vn 0.000000 -0.000000 -1.000000
vn 0.000000 -0.000000 -1.000000
vn -0.853283 -0.000000 -0.521449
vn -0.853283 -0.000000 -0.521449
vn -0.853283 -0.000000 -0.521449
vn -0.853283 -0.000000 -0.521449
vn -0.061252 -0.997759 -0.026918
vn -0.043917 -0.995985 -0.078006
vn -0.013062 -0.983957 -0.177925
vn -0.060062 -0.997735 -0.030275
vn -0.056887 -0.998273 -0.014649
vn -0.061252 -0.997759 -0.026918
vn -0.060062 -0.997735 -0.030275
vn -0.048068 -0.998560 -0.023805
vn -0.014649 -0.998273 -0.056887
vn -0.056887 -0.998273 -0.014649
vn -0.048068 -0.998560 -0.023805
vn -0.023836 -0.998560 -0.048068
vn -0.026918 -0.997759 -0.061252
vn -0.014649 -0.998273 -0.056887
vn -0.023836 -0.998560 -0.048068
vn -0.030275 -0.997735 -0.060062
vn -0.078006 -0.995985 -0.043917
vn -0.026918 -0.997759 -0.061252
vn -0.030275 -0.997735 -0.060062
vn -0.177925 -0.983957 -0.013062
vn -0.130132 -0.991430 -0.011536
vn -0.078006 -0.995985 -0.043917
vn -0.177925 -0.983957 -0.013062
vn -0.022340 -0.999433 -0.025178
vn 0.000000 -0.999555 -0.029817
vn -0.130132 -0.991430 -0.011536
vn -0.022340 -0.999433 -0.025178
vn 0.000000 -0.999555 -0.029817
vn 0.000000 -1.000000 0.000000
vn 0.000000 -1.000000 0.000000
vn 0.000000 -1.000000 0.000000
vn 0.000000 -1.000000 0.000000
vn 0.000000 -1.000000 0.000000
vn 0.000000 1.000000 -0.000000
vn 0.000000 1.000000 -0.000000
vn 0.000000 1.000000 -0.000000
vn 0.000000 1.000000 -0.000000
vn 0.000000 1.000000 -0.000000
vn 0.000000 1.000000 -0.000000
vn 0.000000 1.000000 -0.000000
vn 0.000000 1.000000 -0.000000
vn 0.000000 1.000000 -0.000000
vn 0.000000 1.000000 -0.000000
vn 0.000000 1.000000 -0.000000
vn 0.000000 1.000000 -0.000000
vn 0.000000 1.000000 -0.000000
vn 0.000000 1.000000 -0.000000
vn 0.000000 1.000000 -0.000000
vn 0.000000 1.000000 -0.000000
vn 0.000000 1.000000 -0.000000
vn 0.000000 1.000000 -0.000000
vn 0.000000 1.000000 -0.000000
vn 0.000000 1.000000 -0.000000
vn 0.000000 1.000000 -0.000000
vn 0.000000 1.000000 -0.000000
vn 0.000000 1.000000 -0.000000
vn 0.047182 -0.998278 -0.034853
vn 0.021669 -0.990506 -0.135750
vn 0.043917 -0.995985 -0.078006
vn 0.013062 -0.983957 -0.177925
vn 0.055881 -0.998438 0.000000
vn 0.055881 -0.998438 0.000000
vn 0.021669 -0.990506 -0.135750
vn 0.047182 -0.998278 -0.034853
vn 0.000000 -0.000000 -1.000000
vn 0.000000 -0.000000 -1.000000
vn 0.000000 -0.000000 -1.000000
vn 0.000000 -0.000000 -1.000000
vn 0.758045 -0.000000 -0.652203
vn 0.758045 -0.000000 -0.652203
vn 0.758045 -0.000000 -0.652203
vn 0.758045 -0.000000 -0.652203
vn 1.000000 0.000000 0.000000
vn 1.000000 0.000000 0.000000
vn 1.000000 0.000000 0.000000
vn 1.000000 0.000000 0.000000
vn 1.000000 0.000000 0.000000
vn 1.000000 0.000000 0.000000
vn 1.000000 0.000000 0.000000
vn 1.000000 0.000000 0.000000
vn 0.652203 -0.000000 -0.758045
vn 0.652203 -0.000000 -0.758045
vn 0.652203 -0.000000 -0.758045
vn 0.652203 -0.000000 -0.758045
vn 0.000000 -0.000000 -1.000000
vn 0.000000 -0.000000 -1.000000
vn 0.000000 -0.000000 -1.000000
vn 0.000000 -0.000000 -1.000000
vn 1.000000 0.000000 0.000000
vn 1.000000 0.000000 0.000000
vn 1.000000 0.000000 0.000000
vn 1.000000 0.000000 0.000000
vn 0.000000 -0.000000 -1.000000
vn 0.000000 -0.000000 -1.000000
vn 0.000000 -0.000000 -1.000000
vn 0.000000 -0.000000 -1.000000
vn 0.707107 -0.000000 -0.707107
vn 0.707107 -0.000000 -0.707107
vn 0.707107 -0.000000 -0.707107
vn 0.707107 -0.000000 -0.707107
vn 0.000000 -1.000000 0.000000
vn 0.000000 -1.000000 0.000000
vn 0.000000 -1.000000 0.000000
vn 0.000000 -1.000000 0.000000
vn 0.000000 -1.000000 0.000000
vn 0.000000 -1.000000 0.000000
vn 0.000000 -1.000000 0.000000
vn 0.000000 -1.000000 0.000000
vn 1.000000 0.000000 0.000000
vn 1.000000 0.000000 0.000000
vn 1.000000 0.000000 0.000000
vn 1.000000 0.000000 0.000000
vn 0.000000 -1.000000 0.000000
vn 0.000000 -1.000000 0.000000
vn 0.000000 -1.000000 0.000000
vn 0.000000 -1.000000 0.000000
vn 0.000000 -1.000000 0.000000
vn 0.000000 -1.000000 0.000000
vn 0.000000 -1.000000 0.000000
vn 0.000000 -1.000000 0.000000
vn 0.000000 -0.000000 -1.000000
vn 0.000000 -0.000000 -1.000000
vn 0.000000 -0.000000 -1.000000
vn 0.000000 -0.000000 -1.000000
vn 0.758045 -0.000000 -0.652203
vn 0.758045 -0.000000 -0.652203
vn 0.758045 -0.000000 -0.652203
vn 0.758045 -0.000000 -0.652203
vn 1.000000 0.000000 0.000000
vn 1.000000 0.000000 0.000000
vn 1.000000 0.000000 0.000000
vn 1.000000 0.000000 0.000000
vn 1.000000 0.000000 0.000000
vn 1.000000 0.000000 0.000000
vn 1.000000 0.000000 0.000000
vn 1.000000 0.000000 0.000000
vn 0.652203 -0.000000 -0.758045
vn 0.652203 -0.000000 -0.758045
vn 0.652203 -0.000000 -0.758045
vn 0.652203 -0.000000 -0.758045
vn 0.000000 -0.000000 -1.000000
vn 0.000000 -0.000000 -1.000000
vn 0.000000 -0.000000 -1.000000
vn 0.000000 -0.000000 -1.000000
vn 1.000000 0.000000 0.000000
vn 1.000000 0.000000 0.000000
vn 1.000000 0.000000 0.000000
vn 1.000000 0.000000 0.000000
vn 0.000000 -0.000000 -1.000000
vn 0.000000 -0.000000 -1.000000
vn 0.000000 -0.000000 -1.000000
vn 0.000000 -0.000000 -1.000000
vn 0.707107 -0.000000 -0.707107
vn 0.707107 -0.000000 -0.707107
vn 0.707107 -0.000000 -0.707107
vn 0.707107 -0.000000 -0.707107
vn 0.000000 -1.000000 0.000000
vn 0.000000 -1.000000 0.000000
vn 0.000000 -1.000000 0.000000
vn 0.000000 -1.000000 0.000000
vn 0.000000 -1.000000 0.000000
vn 0.000000 -1.000000 0.000000
vn 0.000000 -1.000000 0.000000
vn 0.000000 -1.000000 0.000000
vn 0.000000 -1.000000 0.000000
vn 0.000000 -0.000000 -1.000000
vn 0.000000 -0.000000 -1.000000
vn 0.000000 -0.000000 -1.000000
vn 0.000000 -0.000000 -1.000000
vn 0.853283 -0.000000 -0.521449
vn 0.853283 -0.000000 -0.521449
vn 0.853283 -0.000000 -0.521449
vn 0.853283 -0.000000 -0.521449
vn 0.061252 -0.997759 -0.026918
vn 0.060062 -0.997735 -0.030275
vn 0.013062 -0.983957 -0.177925
vn 0.043917 -0.995985 -0.078006
vn 0.056887 -0.998273 -0.014649
vn 0.048068 -0.998560 -0.023805
vn 0.060062 -0.997735 -0.030275
vn 0.061252 -0.997759 -0.026918
vn 0.014649 -0.998273 -0.056887
vn 0.023805 -0.998560 -0.048068
vn 0.048068 -0.998560 -0.023805
vn 0.056887 -0.998273 -0.014649
vn 0.026918 -0.997759 -0.061252
vn 0.030275 -0.997735 -0.060062
vn 0.023805 -0.998560 -0.048068
vn 0.014649 -0.998273 -0.056887
vn 0.078006 -0.995985 -0.043917
vn 0.177925 -0.983957 -0.013062
vn 0.030275 -0.997735 -0.060062
vn 0.026918 -0.997759 -0.061252
vn 0.130132 -0.991430 -0.011536
vn 0.022340 -0.999433 -0.025178
vn 0.177925 -0.983957 -0.013062
vn 0.078006 -0.995985 -0.043917
vn 0.000000 -0.999555 -0.029817
vn 0.000000 -0.999555 -0.029817
vn 0.022340 -0.999433 -0.025178
vn 0.130132 -0.991430 -0.011536
vn 0.000000 -1.000000 0.000000
vn 0.000000 -1.000000 0.000000
vn 0.000000 -1.000000 0.000000
vn 0.000000 -1.000000 0.000000
vn 0.000000 -1.000000 0.000000
vn 0.000000 1.000000 -0.000000
vn 0.000000 1.000000 -0.000000
vn 0.000000 1.000000 -0.000000
vn 0.000000 1.000000 -0.000000
vn 0.000000 1.000000 -0.000000
vn 0.000000 1.000000 -0.000000
vn 0.000000 1.000000 -0.000000
vn 0.000000 1.000000 -0.000000
vn 0.000000 1.000000 -0.000000
vn 0.000000 1.000000 -0.000000
vn 0.000000 1.000000 -0.000000
vn 0.000000 1.000000 -0.000000
vn 0.000000 1.000000 -0.000000
vn 0.000000 1.000000 -0.000000
vn 0.000000 1.000000 -0.000000
vn 0.000000 1.000000 -0.000000
vn 0.000000 1.000000 -0.000000
vn 0.000000 1.000000 -0.000000
vn 0.000000 1.000000 -0.000000
vn 0.000000 1.000000 -0.000000
vn 0.000000 1.000000 -0.000000
vn 0.000000 1.000000 -0.000000
vn 0.000000 1.000000 -0.000000
vn -0.047182 -0.998278 0.034853
vn -0.021669 -0.990506 0.135750
vn -0.043917 -0.995985 0.078007
vn -0.013062 -0.983957 0.177925
vn -0.055881 -0.998438 0.000000
vn -0.055881 -0.998438 0.000000
vn -0.021669 -0.990506 0.135750
vn -0.047182 -0.998278 0.034853
vn 0.000000 0.000000 1.000000
vn 0.000000 0.000000 1.000000
vn 0.000000 0.000000 1.000000
vn 0.000000 0.000000 1.000000
vn -0.758045 0.000000 0.652203
vn -0.758045 0.000000 0.652203
vn -0.758045 0.000000 0.652203
vn -0.758045 0.000000 0.652203
vn -1.000000 0.000000 0.000000
vn -1.000000 0.000000 0.000000
vn -1.000000 0.000000 0.000000
vn -1.000000 0.000000 0.000000
vn -1.000000 0.000000 0.000000
vn -1.000000 0.000000 0.000000
vn -1.000000 0.000000 0.000000
vn -1.000000 0.000000 0.000000
vn -0.652203 0.000000 0.758045
vn -0.652203 0.000000 0.758045
vn -0.652203 0.000000 0.758045
vn -0.652203 0.000000 0.758045
vn 0.000000 0.000000 1.000000
vn 0.000000 0.000000 1.000000
vn 0.000000 0.000000 1.000000
vn 0.000000 0.000000 1.000000
vn -1.000000 0.000000 0.000000
vn -1.000000 0.000000 0.000000
vn -1.000000 0.000000 0.000000
vn -1.000000 0.000000 0.000000
vn 0.000000 0.000000 1.000000
vn 0.000000 0.000000 1.000000
vn 0.000000 0.000000 1.000000
vn 0.000000 0.000000 1.000000
vn -0.707107 0.000000 0.707107
vn -0.707107 0.000000 0.707107
vn -0.707107 0.000000 0.707107
vn -0.707107 0.000000 0.707107
vn 0.000000 -1.000000 0.000000
vn 0.000000 -1.000000 0.000000
vn 0.000000 -1.000000 0.000000
vn 0.000000 -1.000000 0.000000
vn 0.000000 -1.000000 0.000000
vn 0.000000 -1.000000 0.000000
vn 0.000000 -1.000000 0.000000
vn 0.000000 -1.000000 0.000000
vn -1.000000 0.000000 0.000000
vn -1.000000 0.000000 0.000000
vn -1.000000 0.000000 0.000000
vn -1.000000 0.000000 0.000000
vn 0.000000 -1.000000 0.000000
vn 0.000000 -1.000000 0.000000
vn 0.000000 -1.000000 0.000000
vn 0.000000 -1.000000 0.000000
vn 0.000000 -1.000000 0.000000
vn 0.000000 -1.000000 0.000000
vn 0.000000 -1.000000 0.000000
vn 0.000000 -1.000000 0.000000
vn 0.000000 0.000000 1.000000
vn 0.000000 0.000000 1.000000
vn 0.000000 0.000000 1.000000
vn 0.000000 0.000000 1.000000
vn -0.758045 0.000000 0.652203
vn -0.758045 0.000000 0.652203
vn -0.758045 0.000000 0.652203
vn -0.758045 0.000000 0.652203
vn -1.000000 0.000000 0.000000
vn -1.000000 0.000000 0.000000
vn -1.000000 0.000000 0.000000
vn -1.000000 0.000000 0.000000
vn -1.000000 0.000000 0.000000
vn -1.000000 0.000000 0.000000
vn -1.000000 0.000000 0.000000
vn -1.000000 0.000000 0.000000
vn -0.652203 0.000000 0.758045
vn -0.652203 0.000000 0.758045
vn -0.652203 0.000000 0.758045
vn -0.652203 0.000000 0.758045
vn 0.000000 0.000000 1.000000
vn 0.000000 0.000000 1.000000
vn 0.000000 0.000000 1.000000
vn 0.000000 0.000000 1.000000
vn -1.000000 0.000000 0.000000
vn -1.000000 0.000000 0.000000
vn -1.000000 0.000000 0.000000
vn -1.000000 0.000000 0.000000
vn 0.000000 0.000000 1.000000
vn 0.000000 0.000000 1.000000
vn 0.000000 0.000000 1.000000
vn 0.000000 0.000000 1.000000
vn -0.707107 0.000000 0.707107
vn -0.707107 0.000000 0.707107
vn -0.707107 0.000000 0.707107
vn -0.707107 0.000000 0.707107
vn 0.000000 -1.000000 0.000000
vn 0.000000 -1.000000 0.000000
vn 0.000000 -1.000000 0.000000
vn 0.000000 -1.000000 0.000000
vn 0.000000 -1.000000 0.000000
vn 0.000000 -1.000000 0.000000
vn 0.000000 -1.000000 0.000000
vn 0.000000 -1.000000 0.000000
vn 0.000000 -1.000000 0.000000
vn 0.000000 0.000000 1.000000
vn 0.000000 0.000000 1.000000
vn 0.000000 0.000000 1.000000
vn 0.000000 0.000000 1.000000
vn -0.853283 0.000000 0.521449
vn -0.853283 0.000000 0.521449
vn -0.853283 0.000000 0.521449
vn -0.853283 0.000000 0.521449
vn -0.061282 -0.997757 0.026918
vn -0.060062 -0.997735 0.030275
vn -0.013062 -0.983957 0.177925
vn -0.043917 -0.995985 0.078007
vn -0.056887 -0.998273 0.014649
vn -0.048068 -0.998560 0.023805
vn -0.060062 -0.997735 0.030275
vn -0.061282 -0.997757 0.026918
vn -0.014649 -0.998273 0.056887
vn -0.023836 -0.998560 0.048068
vn -0.048068 -0.998560 0.023805
vn -0.056887 -0.998273 0.014649
vn -0.026918 -0.997759 0.061252
vn -0.030275 -0.997735 0.060062
vn -0.023836 -0.998560 0.048068
vn -0.014649 -0.998273 0.056887
vn -0.078006 -0.995985 0.043917
vn -0.177925 -0.983957 0.013062
vn -0.030275 -0.997735 0.060062
vn -0.026918 -0.997759 0.061252
vn -0.130132 -0.991430 0.011536
vn -0.022340 -0.999433 0.025178
vn -0.177925 -0.983957 0.013062
vn -0.078006 -0.995985 0.043917
vn 0.000000 -0.999555 0.029817
vn 0.000000 -0.999555 0.029817
vn -0.022340 -0.999433 0.025178
vn -0.130132 -0.991430 0.011536
vn 0.000000 -1.000000 0.000000
vn 0.000000 -1.000000 0.000000
vn 0.000000 -1.000000 0.000000
vn 0.000000 -1.000000 0.000000
vn 0.000000 -1.000000 0.000000
vn 0.000000 1.000000 -0.000000
vn 0.000000 1.000000 -0.000000
vn 0.000000 1.000000 -0.000000
vn 0.000000 1.000000 -0.000000
vn 0.000000 1.000000 -0.000000
vn 0.000000 1.000000 -0.000000
vn 0.000000 1.000000 -0.000000
vn 0.000000 1.000000 -0.000000
vn 0.000000 1.000000 -0.000000
vn 0.000000 1.000000 -0.000000
vn 0.000000 1.000000 -0.000000
vn 0.000000 1.000000 -0.000000
vn 0.000000 1.000000 -0.000000
vn 0.000000 1.000000 -0.000000
vn 0.000000 1.000000 -0.000000
vn 0.000000 1.000000 -0.000000
vn 0.000000 1.000000 -0.000000
vn 0.000000 1.000000 -0.000000
vn 0.000000 1.000000 -0.000000
vn 0.000000 1.000000 -0.000000
vn 0.000000 1.000000 -0.000000
vn 0.000000 1.000000 -0.000000
vn 0.000000 1.000000 -0.000000
vn 0.047182 -0.998278 0.034853
vn 0.013062 -0.983957 0.177925
vn 0.043917 -0.995985 0.078007
vn 0.021669 -0.990506 0.135750
vn 0.055881 -0.998438 0.000000
vn 0.047182 -0.998278 0.034853
vn 0.021669 -0.990506 0.135750
vn 0.055881 -0.998438 0.000000
vn 0.000000 0.000000 1.000000
vn 0.000000 0.000000 1.000000
vn 0.000000 0.000000 1.000000
vn 0.000000 0.000000 1.000000
vn 0.758045 0.000000 0.652203
vn 0.758045 0.000000 0.652203
vn 0.758045 0.000000 0.652203
vn 0.758045 0.000000 0.652203
vn 1.000000 0.000000 0.000000
vn 1.000000 0.000000 0.000000
vn 1.000000 0.000000 0.000000
vn 1.000000 0.000000 0.000000
vn 1.000000 0.000000 0.000000
vn 1.000000 0.000000 0.000000
vn 1.000000 0.000000 0.000000
vn 1.000000 0.000000 0.000000
vn 0.652203 0.000000 0.758045
vn 0.652203 0.000000 0.758045
vn 0.652203 0.000000 0.758045
vn 0.652203 0.000000 0.758045
vn 0.000000 0.000000 1.000000
vn 0.000000 0.000000 1.000000
vn 0.000000 0.000000 1.000000
vn 0.000000 0.000000 1.000000
vn 1.000000 0.000000 0.000000
vn 1.000000 0.000000 0.000000
vn 1.000000 0.000000 0.000000
vn 1.000000 0.000000 0.000000
vn 0.000000 0.000000 1.000000
vn 0.000000 0.000000 1.000000
vn 0.000000 0.000000 1.000000
vn 0.000000 0.000000 1.000000
vn 0.707107 0.000000 0.707107
vn 0.707107 0.000000 0.707107
vn 0.707107 0.000000 0.707107
vn 0.707107 0.000000 0.707107
vn 0.000000 -1.000000 0.000000
vn 0.000000 -1.000000 0.000000
vn 0.000000 -1.000000 0.000000
vn 0.000000 -1.000000 0.000000
vn 0.000000 -1.000000 0.000000
vn 0.000000 -1.000000 0.000000
vn 0.000000 -1.000000 0.000000
vn 0.000000 -1.000000 0.000000
vn 1.000000 0.000000 0.000000
vn 1.000000 0.000000 0.000000
vn 1.000000 0.000000 0.000000
vn 1.000000 0.000000 0.000000
vn 0.000000 -1.000000 0.000000
vn 0.000000 -1.000000 0.000000
vn 0.000000 -1.000000 0.000000
vn 0.000000 -1.000000 0.000000
vn 0.000000 -1.000000 0.000000
vn 0.000000 -1.000000 0.000000
vn 0.000000 -1.000000 0.000000
vn 0.000000 -1.000000 0.000000
vn 0.000000 0.000000 1.000000
vn 0.000000 0.000000 1.000000
vn 0.000000 0.000000 1.000000
vn 0.000000 0.000000 1.000000
vn 0.758045 0.000000 0.652203
vn 0.758045 0.000000 0.652203
vn 0.758045 0.000000 0.652203
vn 0.758045 0.000000 0.652203
vn 1.000000 0.000000 0.000000
vn 1.000000 0.000000 0.000000
vn 1.000000 0.000000 0.000000
vn 1.000000 0.000000 0.000000
vn 1.000000 0.000000 0.000000
vn 1.000000 0.000000 0.000000
vn 1.000000 0.000000 0.000000
vn 1.000000 0.000000 0.000000
vn 0.652203 0.000000 0.758045
vn 0.652203 0.000000 0.758045
vn 0.652203 0.000000 0.758045
vn 0.652203 0.000000 0.758045
vn 0.000000 0.000000 1.000000
vn 0.000000 0.000000 1.000000
vn 0.000000 0.000000 1.000000
vn 0.000000 0.000000 1.000000
vn 1.000000 0.000000 0.000000
vn 1.000000 0.000000 0.000000
vn 1.000000 0.000000 0.000000
vn 1.000000 0.000000 0.000000
vn 0.000000 0.000000 1.000000
vn 0.000000 0.000000 1.000000
vn 0.000000 0.000000 1.000000
vn 0.000000 0.000000 1.000000
vn 0.707107 0.000000 0.707107
vn 0.707107 0.000000 0.707107
vn 0.707107 0.000000 0.707107
vn 0.707107 0.000000 0.707107
vn 0.000000 -1.000000 0.000000
vn 0.000000 -1.000000 0.000000
vn 0.000000 -1.000000 0.000000
vn 0.000000 -1.000000 0.000000
vn 0.000000 -1.000000 0.000000
vn 0.000000 -1.000000 0.000000
vn 0.000000 -1.000000 0.000000
vn 0.000000 -1.000000 0.000000
vn 0.000000 -1.000000 0.000000
vn 0.000000 0.000000 1.000000
vn 0.000000 0.000000 1.000000
vn 0.000000 0.000000 1.000000
vn 0.000000 0.000000 1.000000
vn 0.853283 0.000000 0.521449
vn 0.853283 0.000000 0.521449
vn 0.853283 0.000000 0.521449
vn 0.853283 0.000000 0.521449
vn 0.061282 -0.997757 0.026918
vn 0.043917 -0.995985 0.078007
vn 0.013062 -0.983957 0.177925
vn 0.060062 -0.997735 0.030275
vn 0.056887 -0.998273 0.014649
vn 0.061282 -0.997757 0.026918
vn 0.060062 -0.997735 0.030275
vn 0.048068 -0.998560 0.023805
vn 0.014649 -0.998273 0.056887
vn 0.056887 -0.998273 0.014649
vn 0.048068 -0.998560 0.023805
vn 0.023836 -0.998560 0.048068
vn 0.026918 -0.997759 0.061252
vn 0.014649 -0.998273 0.056887
vn 0.023836 -0.998560 0.048068
vn 0.030275 -0.997735 0.060062
vn 0.078006 -0.995985 0.043917
vn 0.026918 -0.997759 0.061252
vn 0.030275 -0.997735 0.060062
vn 0.177925 -0.983957 0.013062
vn 0.130132 -0.991430 0.011536
vn 0.078006 -0.995985 0.043917
vn 0.177925 -0.983957 0.013062
vn 0.022340 -0.999433 0.025178
vn 0.000000 -0.999555 0.029817
vn 0.130132 -0.991430 0.011536
vn 0.022340 -0.999433 0.025178
vn 0.000000 -0.999555 0.029817
vn 0.000000 -1.000000 0.000000
vn 0.000000 -1.000000 0.000000
vn 0.000000 -1.000000 0.000000
vn 0.000000 -1.000000 0.000000
vn 0.000000 -1.000000 0.000000
s off
g Pillar
usemtl PillarSG
f 741/347/1 739/195/2 12/638/3 15/527/4
f 15/527/5 16/933/6 570/557/7 741/347/8
f 570/558/9 16/934/10 48/498/11 33/21/12 734/596/13 731/42/14 364/654/15
f 734/596/16 33/21/17 34/430/18 736/744/19
f 736/744/20 34/430/21 733/187/22 573/447/23
f 575/592/24 367/543/25 365/398/26 744/900/27
f 439/784/28 752/528/29 367/543/30 575/592/31
f 740/603/32 746/81/33 745/639/34 738/458/35
f 571/299/36 360/362/37 748/231/38 742/751/39
f 159/488/40 749/935/41 747/786/42 158/747/43
f 32/713/44 161/198/45 574/852/46 572/703/47
f 737/48/48 743/492/49 162/606/50 735/340/51
f 363/248/52 361/97/53 359/914/54 1/457/55
f 156/599/56 578/709/57 576/38/58 732/451/59
f 2/863/60 4/47/61 163/350/62 157/343/63
f 155/191/64 577/306/65 362/507/66 154/454/67
f 377/843/68 28/424/69 26/274/70 581/598/71
f 28/424/72 377/843/73 379/29/74 30/568/75
f 461/46/76 124/71/77 183/180/78 391/479/79
f 383/327/80 755/942/81 43/757/82 46/353/83
f 755/942/84 373/549/85 375/694/86 43/757/87
f 582/44/88 580/859/89 584/190/90 409/411/91
f 371/405/92 378/290/93 376/139/94 369/255/95
f 370/661/96 179/128/97 8/346/98 583/746/99
f 38/720/100 178/393/101 374/956/102 368/950/103
f 366/802/104 756/390/105 382/583/106 380/438/107
f 751/117/108 754/238/109 9/80/110 372/809/111
f 169/790/112 10/491/113 386/444/114 384/730/115
f 168/84/116 177/945/117 7/899/118 170/234/119
f 385/35/120 387/179/121 753/794/122 750/383/123
f 388/589/124 175/271/125 176/676/126 390/736/127
f 390/736/128 176/676/129 383/327/130 46/353/131 182/683/132
f 389/333/133 80/242/134 102/813/135 29/157/136
f 181/278/137 588/727/138 757/125/139 180/538/140
f 381/173/141 579/453/142 744/900/143 365/398/144
f 167/642/145 3/602/146 579/453/147 381/173/148
f 6/194/149 160/896/150 3/602/151 167/642/152
f 171/938/153 164/754/154 160/896/155 6/194/156
f 174/531/157 166/903/158 164/754/159 171/938/160
f 173/121/161 5/750/162 166/903/163 174/531/164
f 172/386/165 165/495/166 5/750/167 173/121/168
f 585/895/169 30/568/170 379/29/171 175/271/172 388/589/173
f 400/514/174 15/527/175 12/638/176 766/158/177
f 15/527/178 400/514/179 764/14/180 16/933/181
f 764/15/182 758/535/183 408/667/184 762/830/185 51/913/186 48/498/187 16/934/188
f 762/830/189 406/520/190 52/360/191 51/913/192
f 406/520/193 760/680/194 468/463/195 52/360/196
f 392/886/197 404/375/198 777/202/199 774/319/200
f 394/67/201 392/886/202 774/319/203 776/465/204
f 767/864/205 738/458/206 745/639/207 772/166/208
f 765/714/209 399/104/210 401/777/211 17/237/212
f 189/867/213 14/785/214 773/871/215 402/223/216
f 186/18/217 761/425/218 393/625/219 193/724/220
f 405/110/221 763/569/222 18/645/223 403/926/224
f 759/275/225 13/382/226 771/721/227 769/576/228
f 187/717/229 407/261/230 395/772/231 397/920/232
f 185/572/233 188/161/234 194/169/235 192/461/236
f 184/833/237 11/230/238 768/311/239 396/217/240
f 421/855/241 417/561/242 26/274/243 28/424/244
f 28/424/245 30/568/246 786/765/247 421/855/248
f 64/281/249 600/937/250 788/188/251 151/860/252
f 204/910/253 68/137/254 65/547/255 784/89/256
f 784/89/257 65/547/258 783/646/259 781/499/260
f 410/815/261 409/411/262 584/190/263 416/296/264
f 22/941/265 418/6/266 420/150/267 206/92/268
f 419/706/269 411/554/270 207/797/271 208/243/272
f 197/58/273 775/55/274 782/907/275 203/502/276
f 778/610/277 595/233/278 415/849/279 785/361/280
f 590/634/281 594/494/282 787/506/283 780/758/284
f 23/679/285 592/780/286 412/962/287 414/145/288
f 196/322/289 198/468/290 205/649/291 27/13/292
f 591/378/293 589/226/294 779/354/295 413/700/296
f 597/385/297 599/530/298 202/761/299 201/357/300
f 599/530/301 602/120/302 68/137/303 204/910/304 202/761/305
f 598/789/306 29/157/307 102/813/308 601/856/309
f 25/828/310 24/124/311 104/961/312 103/313/313
f 596/641/314 777/202/315 404/375/316 398/369/317
f 21/534/318 596/641/319 398/369/320 191/51/321
f 20/793/322 21/534/323 191/51/324 190/314/325
f 593/83/326 20/793/327 190/314/328 770/22/329
f 200/613/330 593/83/331 770/22/332 195/875/333
f 199/205/334 200/613/335 195/875/336 19/389/337
f 172/386/338 199/205/339 19/389/340 165/495/341
f 585/895/342 597/385/343 201/357/344 786/765/345 30/568/346
f 789/653/347 49/764/348 430/892/349 431/631/350
f 49/764/351 789/653/352 422/302/353 50/208/354
f 422/303/355 424/450/356 605/9/357 607/153/358 33/21/359 48/498/360 50/209/361
f 607/153/362 426/595/363 34/430/364 33/21/365
f 426/595/366 428/743/367 733/187/368 34/430/369
f 437/637/370 794/397/371 803/289/372 799/431/373
f 439/784/374 437/637/375 799/431/376 752/528/377
f 432/73/378 214/250/379 440/229/380 441/932/381
f 423/41/382 790/96/383 797/283/384 796/542/385
f 216/400/386 215/952/387 442/381/388 798/687/389
f 32/713/390 429/485/391 438/79/392 161/198/393
f 427/339/394 608/564/395 792/247/396 793/949/397
f 425/186/398 213/804/399 795/132/400 434/749/401
f 31/310/402 606/420/403 436/898/404 220/690/405
f 211/656/406 212/99/407 36/575/408 219/286/409
f 210/916/410 209/509/411 433/345/412 435/490/413
f 618/866/414 616/716/415 805/437/416 62/131/417
f 62/131/418 67/692/419 45/906/420 618/866/421
f 461/46/422 459/862/423 235/787/424 124/71/425
f 453/423/426 46/353/427 43/757/428 455/567/429
f 455/567/430 43/757/431 375/694/432 451/273/433
f 612/427/434 611/17/435 60/948/436 617/460/437
f 449/123/438 447/417/439 619/605/440 457/712/441
f 448/821/442 613/160/443 42/54/444 41/609/445
f 38/720/446 800/837/447 452/678/448 178/393/449
f 804/693/450 802/548/451 232/175/452 456/12/453
f 444/526/454 450/533/455 458/156/456 609/832/457
f 226/696/458 446/673/459 614/571/460 454/827/461
f 37/318/462 227/440/463 233/882/464 231/732/465
f 445/267/466 443/116/467 610/277/468 615/315/469
f 622/197/470 460/309/471 44/201/472 230/31/473
f 460/309/474 182/683/475 46/353/476 453/423/477 44/201/478
f 621/753/479 63/836/480 152/307/481 125/958/482
f 234/329/483 40/870/484 620/50/485 806/118/486
f 801/138/487 803/289/488 794/397/489 791/801/490
f 225/292/491 801/138/492 791/801/493 218/545/494
f 224/25/495 225/292/496 218/545/497 217/135/498
f 228/845/499 224/25/500 217/135/501 221/434/502
f 229/585/503 228/845/504 221/434/505 35/164/506
f 39/464/507 229/585/508 35/164/509 223/579/510
f 55/246/511 39/464/512 223/579/513 222/840/514
f 623/902/515 622/197/516 230/31/517 45/906/518 67/692/519
f 807/582/520 472/756/521 430/892/522 49/764/523
f 49/764/524 50/208/525 476/86/526 807/582/527
f 476/87/528 50/209/529 48/498/530 51/913/531 624/349/532 464/601/533 462/456/534
f 624/349/535 51/913/536 52/360/537 626/57/538
f 626/57/539 52/360/540 468/463/541 466/317/542
f 813/61/543 634/648/544 632/501/545 631/91/546
f 394/67/547 776/465/548 634/648/549 813/61/550
f 471/352/551 469/200/552 440/229/553 214/250/554
f 475/644/555 473/497/556 816/617/557 808/28/558
f 47/88/559 53/95/560 470/608/561 242/481/562
f 186/18/563 193/724/564 814/472/565 467/53/566
f 627/760/567 630/356/568 628/204/569 625/612/570
f 463/193/571 810/172/572 474/905/573 241/69/574
f 239/364/575 246/774/576 812/326/577 465/869/578
f 238/620/579 245/371/580 247/516/581 240/768/582
f 237/213/583 811/879/584 809/729/585 236/475/586
f 636/796/587 62/131/588 805/437/589 835/814/590
f 62/131/591 636/796/592 638/944/593 67/692/594
f 64/281/595 151/860/596 261/872/597 484/245/598
f 477/792/599 479/940/600 65/547/601 68/137/602
f 479/940/603 833/666/604 783/646/605 65/547/606
f 825/513/607 836/260/608 60/948/609 611/17/610
f 824/771/611 66/954/612 637/537/613 828/103/614
f 56/652/615 258/263/616 61/686/617 826/919/618
f 197/58/619 203/502/620 834/109/621 635/392/622
f 633/241/623 480/388/624 256/551/625 822/624/626
f 818/332/627 830/254/628 639/682/629 823/368/630
f 57/396/631 478/236/632 832/404/633 820/478/634
f 59/541/635 255/141/636 257/817/637 58/800/638
f 819/66/639 831/955/640 829/808/641 817/885/642
f 481/651/643 253/959/644 254/407/645 483/799/646
f 483/799/647 254/407/648 477/792/649 68/137/650 602/120/651
f 482/94/652 153/829/653 152/307/654 63/836/655
f 260/413/656 837/239/657 838/410/658 259/2/659
f 821/216/660 629/909/661 631/91/662 632/501/663
f 54/505/664 244/627/665 629/909/666 821/216/667
f 250/106/668 243/219/669 244/627/670 54/505/671
f 251/811/672 248/922/673 243/219/674 250/106/675
f 827/660/676 815/210/677 248/922/678 251/811/679
f 252/257/680 249/663/681 815/210/682 827/660/683
f 55/246/684 222/840/685 249/663/686 252/257/687
f 623/902/688 67/692/689 638/944/690 253/959/691 481/651/692
f 844/848/693 84/884/694 640/127/695 646/134/696
f 84/884/697 844/848/698 489/280/699 85/622/700
f 489/282/701 491/429/702 839/144/703 485/947/704 110/442/705 129/635/706 85/623/707
f 485/947/708 487/130/709 111/177/710 110/442/711
f 487/130/712 841/295/713 109/33/714 111/177/715
f 653/321/716 849/449/717 855/891/718 503/877/719
f 116/448/720 653/321/721 503/877/722 854/185/723
f 645/689/724 82/734/725 87/770/726 643/544/727
f 490/685/728 845/588/729 658/584/730 652/578/731
f 266/851/732 71/27/733 644/951/734 659/328/735
f 843/443/736 842/699/737 654/723/738 655/467/739
f 488/540/740 486/395/741 847/735/742 848/178/743
f 492/835/744 265/446/745 651/168/746 648/285/747
f 263/298/748 840/553/749 650/433/750 76/728/751
f 70/288/752 264/702/753 268/37/754 267/591/755
f 69/842/756 262/556/757 647/839/758 649/24/759
f 496/163/760 494/20/761 493/574/762 97/108/763
f 97/108/764 101/409/765 78/878/766 496/163/767
f 545/740/768 586/342/769 183/180/770 124/71/771
f 509/359/772 123/629/773 122/890/774 663/619/775
f 663/619/776 122/890/777 536/846/778 505/60/779
f 858/484/780 92/512/781 284/779/782 495/719/783
f 500/26/784 860/630/785 497/435/786 498/841/787
f 861/374/788 859/222/789 285/522/790 286/928/791
f 273/597/792 502/170/793 504/324/794 282/633/795
f 856/338/796 506/470/797 508/615/798 664/63/799
f 851/594/800 501/726/801 499/580/802 863/519/803
f 274/43/804 853/742/805 865/228/806 79/616/807
f 272/335/808 275/745/809 283/377/810 281/225/811
f 852/40/812 850/854/813 862/776/814 864/925/815
f 511/504/816 587/76/817 280/487/818 279/75/819
f 587/76/820 289/384/821 123/629/822 509/359/823 280/487/824
f 510/763/825 512/912/826 102/813/827 80/242/828
f 77/471/829 287/669/830 757/125/831 588/727/832
f 507/207/833 855/891/834 849/449/835 846/34/836
f 271/888/837 507/207/838 846/34/839 73/171/840
f 270/181/841 271/888/842 73/171/843 72/436/844
f 276/189/845 270/181/846 72/436/847 75/325/848
f 278/341/849 276/189/850 75/325/851 74/581/852
f 277/894/853 278/341/854 74/581/855 269/738/856
f 857/72/857 277/894/858 269/738/859 660/731/860
f 288/112/861 511/504/862 279/75/863 78/878/864 101/409/865
f 513/214/866 641/399/867 640/127/868 84/884/869
f 84/884/870 85/622/871 515/365/872 513/214/873
f 515/366/874 85/623/875 129/635/876 132/227/877 871/672/878 866/636/879 668/363/880
f 871/672/881 132/227/882 133/930/883 873/820/884
f 873/820/885 133/930/886 870/931/887 868/783/888
f 875/5/889 675/105/890 520/101/891 879/301/892
f 877/149/893 142/4/894 675/105/895 875/5/896
f 642/803/897 661/474/898 87/770/899 82/734/900
f 516/769/901 881/11/902 88/215/903 514/621/904
f 296/269/905 674/370/906 662/881/907 295/823/908
f 292/936/909 137/265/910 876/416/911 869/525/912
f 874/266/913 878/560/914 298/419/915 872/115/916
f 667/915/917 665/767/918 880/705/919 294/119/920
f 83/477/921 671/249/922 670/508/923 867/380/924
f 291/529/925 89/918/926 299/152/927 293/675/928
f 290/788/929 86/65/930 666/212/931 81/331/932
f 678/662/933 97/108/934 493/574/935 521/806/936
f 97/108/937 678/662/938 680/810/939 101/409/940
f 899/904/941 151/860/942 788/188/943 683/695/944
f 524/402/945 526/546/946 147/565/947 150/154/948
f 526/546/949 896/489/950 144/148/951 147/565/952
f 888/861/953 522/252/954 284/779/955 92/512/956
f 887/455/957 99/259/958 679/406/959 891/748/960
f 93/253/961 310/865/962 309/459/963 889/600/964
f 677/256/965 898/199/966 897/755/967 676/515/968
f 519/658/969 525/136/970 523/953/971 517/511/972
f 883/155/973 893/897/974 681/550/975 886/711/976
f 303/452/977 100/665/978 895/78/979 91/102/980
f 302/708/981 96/807/982 308/715/983 304/857/984
f 885/308/985 894/344/986 892/192/987 882/422/988
f 604/270/989 98/518/990 307/312/991 682/957/992
f 682/957/993 307/312/994 524/402/995 150/154/996 311/604/997
f 603/824/998 601/856/999 102/813/1000 512/912/1001
f 95/403/1002 103/313/1003 104/961/1004 94/659/1005
f 518/917/1006 672/655/1007 879/301/1008 520/101/1009
f 884/566/1010 669/98/1011 672/655/1012 518/917/1013
f 301/305/1014 297/8/1015 669/98/1016 884/566/1017
f 305/159/1018 300/563/1019 297/8/1020 301/305/1021
f 890/45/1022 673/921/1023 300/563/1024 305/159/1025
f 306/570/1026 90/367/1027 673/921/1028 890/45/1029
f 857/72/1030 660/731/1031 90/367/1032 306/570/1033
f 288/112/1034 101/409/1035 680/810/1036 98/518/1037 604/270/1038
f 696/590/1039 903/235/1040 902/496/1041 130/77/1042
f 130/77/1043 131/781/1044 698/737/1045 696/590/1046
f 698/739/1047 131/782/1048 129/635/1049 110/442/1050 900/351/1051 686/291/1052 684/140/1053
f 900/351/1054 110/442/1055 111/177/1056 690/146/1057
f 690/146/1058 111/177/1059 109/33/1060 692/297/1061
f 656/874/1062 711/927/1063 709/778/1064 695/182/1065
f 116/448/1066 854/185/1067 711/927/1068 656/874/1069
f 904/643/1070 701/626/1071 700/887/1072 314/196/1073
f 699/480/1074 910/122/1075 706/893/1076 697/334/1077
f 316/348/1078 705/486/1079 702/68/1080 315/901/1081
f 843/443/1082 655/467/1083 657/174/1084 693/36/1085
f 691/850/1086 694/445/1087 908/939/1088 901/85/1089
f 685/844/1090 688/439/1091 909/677/1092 313/752/1093
f 312/49/1094 114/300/1095 906/791/1096 687/30/1097
f 108/294/1098 318/493/1099 115/39/1100 107/847/1101
f 106/143/1102 905/387/1103 689/701/1104 105/698/1105
f 722/674/1106 146/825/1107 537/586/1108 538/32/1109
f 146/825/1110 722/674/1111 331/681/1112 149/710/1113
f 545/740/1114 124/71/1115 235/787/1116 543/64/1117
f 915/684/1118 714/521/1119 122/890/1120 123/629/1121
f 714/521/1122 534/697/1123 536/846/1124 122/890/1125
f 528/691/1126 539/733/1127 332/126/1128 527/287/1129
f 717/412/1130 715/262/1131 721/268/1132 719/555/1133
f 720/1/1134 120/741/1135 333/831/1136 529/960/1137
f 273/597/1138 282/633/1139 535/441/1140 712/376/1141
f 710/224/1142 713/111/1143 330/943/1144 914/946/1145
f 707/632/1146 531/142/1147 716/668/1148 718/816/1149
f 322/355/1150 916/129/1151 533/293/1152 912/272/1153
f 119/337/1154 329/536/1155 121/483/1156 118/593/1157
f 911/826/1158 532/552/1159 530/408/1160 708/74/1161
f 541/883/1162 327/391/1163 328/795/1164 544/476/1165
f 544/476/1166 328/795/1167 915/684/1168 123/629/1169 289/384/1170
f 540/176/1171 125/958/1172 152/307/1173 542/330/1174
f 335/16/1175 806/118/1176 620/50/1177 334/276/1178
f 913/539/1179 907/532/1180 695/182/1181 709/778/1182
f 321/908/1183 112/587/1184 907/532/1185 913/539/1186
f 320/640/1187 317/82/1188 112/587/1189 321/908/1190
f 323/90/1191 319/232/1192 317/82/1193 320/640/1194
f 326/647/1195 113/853/1196 319/232/1197 323/90/1198
f 325/240/1199 117/184/1200 113/853/1201 326/647/1202
f 324/500/1203 135/114/1204 117/184/1205 325/240/1206
f 336/426/1207 149/710/1208 331/681/1209 327/391/1210 541/883/1211
f 925/462/1212 130/77/1213 902/496/1214 923/316/1215
f 130/77/1216 925/462/1217 921/162/1218 131/781/1219
f 921/165/1220 917/834/1221 919/19/1222 551/220/1223 132/227/1224 129/635/1225 131/782/1226
f 551/220/1227 723/418/1228 133/930/1229 132/227/1230
f 723/418/1231 725/562/1232 870/931/1233 133/930/1234
f 548/336/1235 546/183/1236 557/664/1237 728/151/1238
f 877/149/1239 548/336/1240 728/151/1241 142/4/1242
f 924/718/1243 314/196/1244 700/887/1245 703/773/1246
f 922/573/1247 926/868/1248 933/614/1249 932/876/1250
f 341/23/1251 340/284/1252 704/218/1253 934/59/1254
f 292/936/1255 726/7/1256 549/70/1257 137/265/1258
f 724/822/1259 550/482/1260 552/628/1261 547/889/1262
f 918/279/1263 339/838/1264 931/469/1265 928/52/1266
f 338/133/1267 920/428/1268 930/725/1269 344/577/1270
f 128/373/1271 127/924/1272 345/320/1273 343/167/1274
f 126/221/1275 337/688/1276 927/607/1277 929/323/1278
f 949/401/1279 947/251/1280 537/586/1281 146/825/1282
f 146/825/1283 149/710/1284 946/510/1285 949/401/1286
f 899/904/1287 569/147/1288 261/872/1289 151/860/1290
f 943/394/1291 150/154/1292 147/565/1293 561/523/1294
f 561/523/1295 147/565/1296 144/148/1297 730/304/1298
f 558/107/1299 527/287/1300 332/126/1301 948/657/1302
f 938/358/1303 939/93/1304 950/805/1305 148/10/1306
f 940/503/1307 559/812/1308 145/421/1309 356/62/1310
f 677/256/1311 727/707/1312 729/858/1313 898/199/1314
f 556/923/1315 554/775/1316 354/880/1317 560/258/1318
f 936/206/1319 937/911/1320 945/100/1321 942/650/1322
f 348/873/1323 562/929/1324 564/113/1325 944/798/1326
f 141/559/1327 349/611/1328 355/618/1329 143/704/1330
f 563/670/1331 935/762/1332 941/244/1333 565/818/1334
f 566/264/1335 568/414/1336 353/473/1337 352/203/1338
f 568/414/1339 311/604/1340 150/154/1341 943/394/1342 353/473/1343
f 567/3/1344 542/330/1345 152/307/1346 153/829/1347
f 358/211/1348 357/766/1349 838/410/1350 837/239/1351
f 555/517/1352 557/664/1353 546/183/1354 553/372/1355
f 347/466/1356 555/517/1357 553/372/1358 134/379/1359
f 139/415/1360 347/466/1361 134/379/1362 342/432/1363
f 350/56/1364 139/415/1365 342/432/1366 136/524/1367
f 140/819/1368 350/56/1369 136/524/1370 346/722/1371
f 351/759/1372 140/819/1373 346/722/1374 138/671/1375
f 324/500/1376 351/759/1377 138/671/1378 135/114/1379
f 336/426/1380 566/264/1381 352/203/1382 946/510/1383 149/710/1384
